Unnamed: 0,Clothing ID,Age,Title,Review Text,Rating,Recommended IND,Positive Feedback Count,Division Name,Department Name,Class Name
14417,1078,39,Great dress!,This dress looks and feels classy and expensive! every time i wear it out i get compliments on the color and style.,5,1,0,General Petite,Dresses,Dresses
13933,1047,64,Flattering and comfy,"I love flowy pants like these. pattern looks different, the green is pale, like on the far right. smocking is a beautiful touch and they are a nice weight and well made. had to hem them up about 2"" and i'm 5'8"", about 180. xl fits perfectly.",5,1,2,General,Bottoms,Pants
23086,1047,39,Perfect summer pants,"Recently bought these on sale, though they were still a bit in the expensive side. i'm 5'2"" and typically a size 4, the xs fits perfectly. the pants fall to my ankle and are not cropped as they are on the model, but i'm fine with that. the piping on the seams helps them not seem too much like pajamas, and i was particularly pleased that the crotch was not too baggy, as sometimes happens with this style.",5,1,1,General Petite,Bottoms,Pants
16414,1086,41,"Great, easy dress","I adore this dress. i bought a little over a month ago and have already worn it many times- rare for me. it is so easy to throw on and yet it's stylish and flattering- i don't have the time or energy i used to get dressed up so i love this. when i bought it, it was knotted on one side in the front. that's the only way i wear it now. it just adds something to it and gives it more shape. i've washed it several times (laid flat to dry) and it has held up well. i'm definitely bookmarking this to buy",5,1,1,General,Dresses,Dresses
613,985,24,Plaid bomb pairs fabulous with everything fall!,"I had been on the hunt for a plaid bomber to rock this fall and this retailer edition bomber surpassed all of my expectations! it literally pairs great with everything fall.. chokers, boots, dresses; you name it! it also fits very true to size. not too fit to your body, and a little loose, but not too loose.. just like a bomber jacket should! i highly recommend this product.",5,1,1,General,Jackets,Jackets
9632,868,37,Flattering tunic for any occasion,"Love this top. it's very comfortable,  and flatters  my midsection. versatile piece.",5,1,0,General,Tops,Knits
22706,1087,52,Very figure flattering,"I have been self conscious about a recent weight gain going from a size 6 to a size 10-12, but this dress makes me look & feel skinny again. i know people have suggested that vertical stripes help if you want to elongate your figure. it is true. thanks to this dress i look like my old self, and i am super comfortable wearing this all the time. you can wear this dress from day to night, you can dress this up or down. it looks great with a jean jacket and high-tops, or high-heeled booties with a n",5,1,0,General Petite,Dresses,Dresses
19817,822,59,Breath of fresh air,"This looks great with the pilcro lace bottom white jeans. i bought the yellow and blue and it is flattering on. longer in the back. i love the style of the sleeves. very flattering style and fun, flirty and feminine. slightly see through. depending on your modesty level a nude bra may be just fine or else a nude cami. a really fresh look for summer. i do not think it looks cheap. i do think it is overpriced but i have a hard time finding tops that hit me at the right length in front and are not",5,1,1,General,Tops,Blouses
1443,1094,39,Not a halter?,"Thrilled that this not only fits great on me but i got it at a deep sale price!  all the problems that the negative reviewers had did not apply to me at all.  i'm so glad i gave this a try.  my body is large on top with a square waist, a bit of a tummy, no hips or bum and the medium petite skimmed over all my flaws and made me look more proportionate.  not sure why this is called halter though.  i am 5'3"" 36dd, wide torso, size 28 jeans, 140#.",5,1,2,General,Dresses,Dresses
16430,1086,53,Summer travel perfection,"I created a summer capsule wardrobe for travel and this t-shirt dress fits in with my collection perfectly. it is well made, super soft and comfortable, launders well, and does not require ironing. it is substantial enough to provide coverage across the posterior and the cap sleeves and length are fabulous for visiting sacred places and dining out or as a beach cover-up. i love that you can simply throws this on and go or dress it up with a belt, add a scarf or kimono, or a jacket and voila.",5,1,0,General,Dresses,Dresses
9994,1110,45,,This is a great dress!  very different and light but cute details,5,1,0,General,Dresses,Dresses
1438,1081,39,Beautiful casual dress,Love! highly recommend...usually i wait for sale price but this was worth the extra splurge. so flattering!,5,1,0,General Petite,Dresses,Dresses
11073,1086,39,Pretty pleasing,Very pleased with this vibrant and colorful sweater dress. the color combinations are very beautiful and it seems as if the threads used have an inherent shimmer. the fit is body skimming without highlighting trouble spots. i am a m/l on top and a s/m on bottom and the size medium fits perfectly. the cut adds the illusion of proportion to my disproportionate body. there are some problems but workable: slip is sewn-in which i wish was detachable; the scoop neck is too low for my 36ddd bust; weave,5,1,0,General,Dresses,Dresses
18281,1025,30,Favorite flar denim,These are my favorite flare jeans! they have that lovely 70's style and go with everything and look great all year round. the fit is perfect. my all time favorite jeans.,5,1,0,General Petite,Bottoms,Jeans
4768,1080,39,Beautiful!!,This dress is so easy to wear! the neck line is not too low! can wear a regular bra!! it flows beautifully! i love it!!,5,1,0,General,Dresses,Dresses
20082,823,70,Party in the back,I saw this top on a store mannikin and was drawn to it by it's color and print. it looked great with blue jeans on display and a lariat necklace. then i noticed the different design on the back below the yoke. the surprise was its being pleated into very fine pleats. i liked the funky quality this added. the design is a good transitional piece to wear early fall or under a jacket. it is machine washable and that finalized the purchase of it. i bought the necklace too. i often wear a small but go,5,1,12,General,Tops,Blouses
11962,829,36,Buy in multiple colors!,"I'm a huge maeve enthusiast. tried this on in three different colors, and although these types of maeve tops have had sizing differences from season to season, this top is more true-to-size than others have been more recently. the petite size for me was too short to tuck in, but the regular worked perfectly. the top is roomy, flowy, and the white version is sheer, but a white tank under it would be perfect. the green umbrellas are adorable! a great way to spruce up your wardrobe for spring!",5,1,2,General,Tops,Blouses
16033,1056,55,Love these pants!,My favorite pants! they do run slightly large so i sized down. i have 3 colors and will continue to add more!,5,1,0,General,Bottoms,Pants
16429,1086,49,,"Absolutely adore this dress. soft and comfortable fabric, ankle length but could be knotted in the front to be shorten. i am usually a s but had to buy an xs. the neckline may be a bit too low, if you are flat-chested. if you happen to see this gem in stores... it is a must buy! it will sell out completely in two days. some customer went back to exchange the next day that it had arrived in-stores but it was sold out, so we had to order it. perfect for all seasons and layering.",5,1,7,General,Dresses,Dresses
6975,663,37,Perfect basic wardrobe staple,The fit is true to size. the quality is nice. i am happy to having this basic wardrobe staple added to my closet!,5,1,0,Initmates,Intimate,Lounge
22071,850,42,Perfect peplum,I purchased this blouse for an easter brunch and couldn't be happier! the feminine/romantic print is a gorgeous addition to my spring wardrobe. i've paired it with a pencil skirt and heels for a dressier look as well as my favorite ag cuffed denim and sandals for a more casual daytime look.,5,1,0,General,Tops,Blouses
1939,862,76,,"It was very pretty,but it ran very big , sadly i had to return it.",2,0,0,General Petite,Tops,Knits
5631,705,34,So cute!,"This romper is so dang cute. i normally wear a m/l or 10/12. i took a medium in this though either size would probably have worked depending how loose you like it. it's not too sheer and the shorts aren't too short (i'm 5'9). my only complaint is the front toe came off on one side as i was trying it on, an easy fix but still it should come off that easy.",5,1,0,General,Bottoms,Shorts
17662,978,35,,"Runs extremely large. i got an xs and am 5'4"" 115lbs and this would have fit someone who typically wears a size 10-14 and is 5'6"" and above. very disappointed with the size. the quality of the fabric wasn't great either. i wanted it to work so bad but just didn't!",2,0,6,General Petite,Jackets,Jackets
17421,820,56,Too short waisted!,"I ordered this top in a 14, my usual size, and it fits fine, but it is way too short-waisted! it looks nothing like what the model is wearing. her top comes low on her waist, almost to her crotch area. mine was just about 2 inches below my belly button! it was almost as if they accidentally cut off the lower half of the top at the factory! very strange.",1,0,11,General Petite,Tops,Blouses
8809,861,26,Super comfy,I'm an employee and bought this top today. i'm so happy i ended up buying it on a whim! it's adorable and super comfy! it's perfect for those jeans and a tee day! i can't wait to wear it to work. the color is gorgeous and the peplum adds a feminine detail without being too puffy...in love!,5,1,11,General Petite,Tops,Knits
5001,1068,47,Love these pants,"I have a couple of pair of hei hei pants from last summer that i love and was so happy to see these. i am curvy (5'8"" size 8) and got these in a 30 and they fit perfectly in the hips and no gap at the waist. i love them so much that i bought a second pair. the only thing that could make them better is if they had a bit of stretch.",5,1,0,General,Bottoms,Pants
5616,1081,42,Gorgeous! stock photo does not do it justice,"I had seen this online a few times and while it caught my eye because of the color, i never really bothered to check out the details due to the stock photo. it looks quite bland as it doesn't really flatter the model. however, once i saw this dress in-store, i was drawn to it immediately. the dress is well made, the embroidery is delicate and beautiful with interesting design features. i love the combination of the summer dress with a collar. it makes this dress so work appropriate as well as it",5,1,1,General,Dresses,Dresses
14056,621,44,Show your petite customers some love,"I loved the look of this dress the moment i saw it but was ridiculously long. at 5""3 i can usually get away with buying regular length longer dresses and pants with the help of heels if needed but not a chance this time. this dress does not come in petite and the fringed bottom design of the dress would not allow for any type of altering either.",5,1,3,General Petite,Intimate,Lounge
4270,1024,31,In love!!,I may wear these every day! i am obsessed. i am 5'8 125ibs normally a size 25/26 in jeans. i ordered these in a 26 and they fit like a glove! they do not stretch much at all and keep a really nice vintage fit and feel. i am extremely happy with this purchase. these are a must have staple in anyone's wardrobe.,5,1,1,General,Bottoms,Jeans
23184,1094,66,Super flattering,"I find it very hard to find a dress. never like the way they look on me..this one???? fits like a glove, flatters my silhouette (which is difficult because even though i am at a good weight my waist is never small). looks like million bucks on me....i love it!!!",5,1,0,General,Dresses,Dresses
16879,1104,45,Perfect comfy black dress,I got this dress to wear for christmas and it is perfect. looks great and is very comfy. low cut in front and back that is not too revealing and allows for perfect bra coverages. i got it in a small small.,5,1,0,General,Dresses,Dresses
2620,829,49,Great fun top,"Nice quality, not too thin like most white tops and the arms are cut just right. perfect length too.",5,1,3,General Petite,Tops,Blouses
2673,282,48,Great casual short,These shorts are age-appropriate for all. they're loose fitting and cal me rolled up or left down where they end above the knee. the fabric is soft and colors are fun,5,1,22,General,Bottoms,Shorts
3850,1081,49,Super comfortable,"I love this dress! the fabric feels amazing & is super flattering. i am 5'4 with broad shoulders & a 36d chest and went with the small petite. i originally purchased the regular extra small which looked great, i just think the sp was slightly neater though the shoulders & length. it hits me above the knee as shown in the photo of the light colored dress with the long vest",5,1,0,General Petite,Dresses,Dresses
19288,1078,39,Not flattering,Didn't like the dress. look pregnant in it. this dress is going back.,1,0,0,General Petite,Dresses,Dresses
16210,1081,72,Smart & stylish dress,This dress fits pretty much how it looks on the model. the fabric is soft and the stripes are a goldish color. i bought this because of the other reviews and glad i did! perfect dress for work and going out. the petite hits me mid-thigh like in the photo.,5,1,0,General Petite,Dresses,Dresses
22609,1081,45,Pretty patchwork!,"I tried this dress at the store today and couldn't leave without it. also tried the pacquerette shirtdress which has a similar boho/peasant vibe and overall preferred the fit and look of this one. plus, its lined, which the paquerette shirtdress is not for the same price. fit was very similar to the anwen peasant dress, which i also have, and the regular size xs fit me much the same as in that dress. it is maybe 1 inch longer though, but still that makes it a couple of inches above the knee for",5,1,8,General,Dresses,Dresses
23223,986,37,This one is on repeat!,"I bought this kimono only a couple weeks ago...and i think i've worn it six times already! this kimono is stunning. light, airy and the colors are absolutely gorgeous. the print is unique and bold. i've worn this over a black dress...with leggings and a white tank...with denim and every color top. the options are endless with this beauty! the only downside is the kimono is so airy and oversized that the armholes easily get hooked on things. i ripped it once but thankfully it was right down the s",5,1,3,General,Jackets,Jackets
6835,739,60,Casual and smart enough for work,"I'm a teacher and am always looking for easy to wear pieces that will also work for my job. i also walk in to campus with my backpack, so i need something that looks good but is comfortable. 
this dress drapes beautifully, is really soft, and has a wide, flattering neckline. i'm short and chose the regular size instead of petite so that it would hit right at the knee. it's definitely on the generous side: i usually wear an s and i sized down to an xs.
i can definitely see getting a lot of wear",5,1,2,Initmates,Intimate,Lounge
16656,1045,60,Extremely small pant!,Very small! so disappointed! they did not even have a size for me to exchange a day later when they arrived!,1,0,0,General,Bottoms,Pants
16772,824,39,Super cute,"I, sadly, only noticed this top once on sale. i tried on the xs and it was just a bit big, i would need the petite, so i had to leave it behind (115 lbs, 30dd) - but it is adorable, can be dressed up and classy, casually with jeans, or sweetly, so many ways... love the subtle polka dots... oh well, i am sure i will find something similar i love!",5,1,1,General Petite,Tops,Blouses
6831,876,40,,I really wanted to like this shirt the quality is amazing and much prettier in person but it is hard to take care of. if you wash it the wrinkles are horrible so it has to be dry clean only. also the back is ridiculously long it looks very odd from the side view.,2,0,2,General Petite,Tops,Knits
4655,1095,48,Fit was off,"I was really excited to get this dress, i initially ordered a small (i am a size 4) but when i tried it on, it was really tight. the bodice at the top fit strangely-i had to shorten the straps quite a bit, and the dress just looked off. i love retailer and get all of my dresses from there, and the look of the dress on line was beautiful, but just didn't fit right. i did love the lace look, and would love seeing more dresses with this design.",1,0,5,General Petite,Dresses,Dresses
12187,895,42,Lovely sweater,Bought the camel color and love it. nice for cool evenings and mornings spring through fall. soft and comfortable. delicate yet not too much so that you wouldn't wear often.,5,1,0,General,Tops,Fine gauge
19872,875,37,Odd fit,"I really wanted to like this top, but unfortunately it is not as pretty or flattering in person. the yellow looks dirty in real life, not pretty like the picture. it is also a strange fit/shape when it is on. i tried it on in the store and did not like it at all.",2,0,2,General,Tops,Knits
7835,1110,32,Floaty beach dress,"I am not a model shape but this dress looked so light and beautiful i had to try it. it wasn't available in my local store so i risked it and ordered online. i'm 5'6"" and about 175 lbs; the medium fits perfectly. i will say that the skirt fabric comes much more sharply pleated than it looks in the photos, maybe this hangs out/mellows over time. the lining to the knee is going to be great for warm summer days. can wear to work with a shrug and some flats or to a summer wedding. the pattern is bea",5,1,3,General Petite,Dresses,Dresses
20230,700,67,,"I ordered this bra in my normal size 32d, and it fits me perfectly. this bra is beautiful. the material seems to be very high quality, and the comfort of this bra is amazing. it's definitely a keeper.",5,1,1,Initmates,Intimate,Intimates
168,862,40,,,5,1,0,General,Tops,Knits
14526,1035,30,Super cute!,"Okay, these are seriously the cutest black jeans i've ever put on my body. i can't say enough positive things about them. sure, the color bleeds a little (like the previous review stated), but they're black jeans. i haven't encountered a single pair of designer black jeans that don't have some color transfer. 

also, these jeans are really stretchy which makes them a dream to wear. 

here is my one complaint -- i am normally a size 29-30 depending upon brand, cut etc. i had to size down to a",5,1,0,General,Bottoms,Jeans
15681,907,66,Gorgeous.,So lovely.  perfect print / graphic.  want to buy in both colors but the yellow is perfection.,5,1,0,General,Tops,Fine gauge
887,1055,63,,"These run small (i am 110 and got a size 4), they were a tad tight on top. the waist fit but felt a little too snug, short from waist to crotch and then bloomed out in a nice but stiff ish material. they are a dark blue animal print. i felt like bozo the clown goes to the jungle. they looked so silly i had to laugh. even with the 20% off, these are going back. not even comfortable to lounge around the house in never mind being seen by anyone in person!",2,0,0,General Petite,Bottoms,Pants
12529,824,57,Love this buttondown!,"Sorry, but i disagree with a previous reviewer who wrote that this buttondown is sheer and runs large. as for sizing, i purchased my usual size small. the fit is intended to be a bit slouchy, and it fits perfectly through the shoulders and the bust. love the high/low hemline, and the back isn't too tight across my bum. i'll also note that i'm 57 years of age and might tend to be a little more modest when it comes to sheer fabrics. the see-through factor is not an issue with this buttondown. i'm",5,1,13,General Petite,Tops,Blouses
4520,820,45,Love this blouse!,"This is one of the best purchases f
i have made at retailer recently. i got this in ivory in my usual xs. the pictures do not do it justice.  it has such a nice drape and i love the detail on the back.  looks great with black cropped trousers, as well as skinny jeans.",5,1,0,General,Tops,Blouses
8443,823,47,Quirky,Nice top; the material is soft and drapey. i like to wear it layered under a shorter shirt or jacket.,5,1,0,General,Tops,Blouses
11745,1078,36,Surpassed my expectations,"I really wasn't sure if this dress would work for me, so i was very excited when i fell in love with it! i haven't experienced any quality or tearing issues with it as one reviewer noted, thank goodness! i love the color scheme and versatility of this dress. i have worn it with tights, a belt and short-heeled ankle booties to make it a little more dressy. but i most love it with some funky jewelry and leggings, wearing it more tunic style. the slip underneath is a great feature as well! it does",5,1,1,General Petite,Dresses,Dresses
12620,1024,52,,,5,1,0,General,Bottoms,Jeans
6609,836,40,"Very pretty blouse, just as pictured","I liked this blouse very much the minute i first seen it, it looks exactly as pictured but sits much better in person. i'm 6ft tall 160lb ordered a 10 which was true to size with a little more room to the bottom. i was able to see my belly button through the sheer part of the bottom fabric, but as soon as i sucked my belly in, it was fine. the quality of the fabric is so-so i had some threads hanging out here and there, but this top looks very good in person and the design is unique, you can hav",5,1,0,General,Tops,Blouses
18438,876,39,Simple but beautiful,This shirt is really cute.  i love the color and design.  i like wearing it with jeans and sneakers.,5,1,0,General,Tops,Knits
19203,1149,33,Makes me feel feminine,"I feel in love with the dress when i saw it hanging at the store. usually, i feel bailey 44 dresses make my body look really round and short. i've passed up a few because i didn't find them too flattering. i almost even just passed this one up because of my past experiences, but i tried it on and felt like i had the body of another person! it hugged my body very nicely and i felt like it gave me a shape! i also saw all the possibilities it had. the store had it styled with a denim jacket. i can",5,1,2,General Petite,Dresses,Dresses
4636,963,68,"Very beautiful, very versatile and very flattering","I cannot keep my hands off this gorgeous kimono - i want to wear it every day! it goes with so much of my wardrobe. it's thin, and cool (both meanings of cool apply). i like to keep my arms covered (i think my upper arms are too fat) and this kimono does just that, while keeping me cool as a cucumber, i wear a sleeveless white or gray cami under it and it is soooo comfortable, i could sleep in it. it would also look great with lime green cami and white pants. so far, i wear it with blue jeans an",5,1,0,General,Jackets,Jackets
3770,861,47,,,5,1,0,General,Tops,Knits
18961,820,25,Gorgeous detail,"The top is just as shown in the picture and it is tts. lots of detailing with beads and lace. i'm 5'1, 92lbs and purchased a petite 00. just as the other reviewers noted, the side slits do come high. high waisted jeans or leggings works perfectly.",5,1,0,General,Tops,Blouses
19001,42,27,,,5,1,0,Initmates,Intimate,Intimates
12576,936,43,Love it!,"I love everything about this sweater. it's well made, the color is lovely, and best of all, i can wear it with skinny jeans without feel ""overexposed"" in the back. i think my husband thought it was rather shapeless, but i like the look of a bigger sweater with a skinny pant. a must buy at this great price!",5,1,0,General Petite,Tops,Sweaters
5863,1033,45,Love them,"Sits slightly below waist, i bought size 30p, length is good no alteration required for petite height 5'4 and 136lb. material is good and i recommend them.",5,1,1,General Petite,Bottoms,Jeans
7271,867,44,"Good tunic, great marigold color","Drapes very nicely and runs true to size. easy to wear alone or layer a jacket/cardigan over. i purchased this on sale, and it was a good buy. i am 5'8"" and purchased the size m, as i am a pretty true size 6.",5,1,1,General Petite,Tops,Knits
14443,1078,35,"Beautiful bright color, form fitting.","I wasn't sure the color would be good on me (pale with reddish hair) but it is great for my complexion. on to the fit...it fits small, imo. i'm a 10, sometimes 8. i got the 10 and it is very form fitting. don't get me wrong, it does a great job of holding it all in and giving a great overall silhouette. but, it's not that comfy to sit in and i have to suck in to have a flat belly in it. trying to decide if i should send back and try a 12??",5,1,1,General Petite,Dresses,Dresses
11594,950,46,Great sweater,"I saw someone else wearing this sweater and had to find it! i'm 5'5""and 118 lbs and ordered the small. the back of the sweater hits a few inches above my back pockets. i've been wearing it with a tank underneath and it's been the perfect sweater for fall weather. i was worried the poncho effect might make it hard to wear this sweater with a jacket but it's actually less bulky than other ""real"" sweaters i have.",5,1,0,General,Tops,Sweaters
5960,873,31,Even prettier in person,"I purchased the purple motif in petite size small. it hits just the right length for me, but i can see that if i were any larger chested, it might be an issue. (for reference, i'm a 32d, 5'4, 112lb.) it's very forgiving on the tummy area, without looking bulky (other moms know what i'm talking about and understand my appreciation for this). the shirt is also a nice quality, really comfortable, and it's easy to wear with jeans, shorts, skirts, etc., making it a welcome versatile piece.",5,1,2,General,Tops,Knits
7928,866,58,Not as pictured,"This top arrived today, and after trying it on, i wanted to leave a review to say that the shirt is 100% without a doubt pinned back on the model in the product picture. the fit is designed to be loose, so i don't think anyone could possibly get the same look as the model even if they sized down. i've included a picture of how it fits naturally, and a picture of how it fits the model as i hold the fabric back. it's still a cute shirt, just not the flattering top i was expecting. i'm debating on",2,0,6,General Petite,Tops,Knits
3191,506,29,Comfy and cute!,"I grabbed this pair of pj pants on sale, and i'm glad i did. the material is soft and lightweight-- ideal for summer,. they fit loose but true to size for a standard pair of pj pants.",5,1,0,Initmates,Intimate,Sleep
14279,879,42,"Great, flattering, comfy",I run between an xs and s in most retailer shirts. i went with the xs in this one and was glad i did. the fit is lovely and flattering. i loved this shirt the second i put it on -- then went to order it in another color.,5,1,0,General Petite,Tops,Knits
17216,1072,59,Beautiful dress!,"This dress is stunning. i have been stopped in the street by people asking where the dress is from. my only complaint is that it was very wrinkled when i bought it. initially i thought it was supposed to be that way, but after seeing the stock photos i realized it needed to be ironed. it took a long time to iron all of the wrinkles out, but it is totally worth it.",5,1,3,General,Dresses,Dresses
10132,872,31,Amazing canary yellow but a little transparent,"I love this shirt's color which is a lovely yellow. the fit is nice and flowing. i usually wear xs but intentionally bought s, so that it would be a little lose and i may wear with leggings. my one issue is how transparent it is. i opt to wear a spaghetti strap underneath it, however some women might be ok wearing it alone.",5,1,0,General Petite,Tops,Knits
17821,862,66,Sleeves a plus,If you are self conscious about your arms and want a tee that has style then this is the one. soft fabric with a flutter sleeve makes this top so flattering. i purchased the turquoise and will purchase other colors. it's flowy comfortable and a must have!,5,1,3,General Petite,Tops,Knits
1557,1078,66,Love it!,"Great dress! wish it came it more colors, would like to buy another one. i am 5'5"",125, size small is perfect. unlike one of the previous reviewers, i do not think it is too clingy. maybe she needed to size up.very versital, cute with a jean jacket, or long lightweight scarf, booties, or sandals! .",5,1,2,General,Dresses,Dresses
12132,872,44,Great top,Love this top. looks much better on than the hanger. the color and fabric are very nice.,5,1,0,General Petite,Tops,Knits
9386,895,39,Mod perfect,"This versatile tunic is a mini dress on me (5'3"" 36dd) when i wear size l and warm sweater when i wear size m. i love the boxy yet flattering cut, the cute neckline and the warm smooth knit fabric. wish i had gotten my hands on the cream colorway!",5,1,0,General,Tops,Fine gauge
11291,873,34,,Love this top. purchased for family photos and i think it's great. personally i don't think the model shot is doing it justice - it's much prettier in person. runs true to size for retailer. i am a 34d and i purchased a small.,5,1,17,General,Tops,Knits
20190,881,52,Nice fit,"I was surprised at how much i liked this sweater. i was watching it for awhile and when it went on sale i decided to give it a try. i couldn't decided on the rose or black so i ordered both since they were such a good price, figuring i would return the color i didn't want. boy was i happy i ordered both. the rose is very flattering and the fit is so much better than i expected. i am 5'9' and usually take a large in size. i could have gone down one size, but the front drapes against your body it",5,1,0,General,Tops,Knits
23115,1083,36,Beautiful unique dress,"I love this dress. the pattern/print is very different than most of the dresses i own. i'm 5'1"" 106lbs and the 0p fit perfectly. it's a delicate dress. its very fitted in the skirt portion. the top is more of a knit fabric that has some give to it.",5,1,5,General,Dresses,Dresses
21317,823,27,Love it so much that i bought both colors!,"I love this top! i ordered it in a medium, and it's perfect. i'm 47 years old, 5'2"", 125 lbs, for reference. the detail on this top is beautiful. can be paired with so many things. love it!!!",5,1,3,General Petite,Tops,Blouses
11945,829,52,True to size - like it so much i bought 2,I had no issues with size or length. i'm 5'9 34c bust and i bought the striped shirt in a 4 and the umbrella print in a 2. the 2 was ever so slightly tight at the second button but i was wearing a heavy cotton cami. i could have worn a 2 in the striped top as well. i am broad shouldered and the shoulder seam in the size 4 dropped a little so there was plenty of room. these shirts are adorable. i usually don't like button downs but this style is very flattering. the material is light and drapes w,5,1,2,General Petite,Tops,Blouses
3198,835,44,Makes me feel beautiful!,"I ordered this top in ivory in 2 sizes, because i'm in between and it looks so great in the photos and didn't want to risk it selling out while i debated sizing. i really loved the larger size because the material is not stretchy and i didn't want the sleeves to be tight when i move. it is somewhat boxy on the seam at the waist so i'm having it taken in a little so it fits more like a peplum and flares. adding a skinny belt just didn't distribute the excess fabric as i envisioned. it really is a",5,1,1,General Petite,Tops,Blouses
12611,1111,31,Thin material,"I wanted so badly to love this dress, but i couldn't get past the thin material that you can actually see through. not for this price anyhow. the dress is shorter than i had anticipated, and more fitted around the waistline flaring out at the bottom which i feel isn't accurately portrayed in the photo. on the positive though, the color is beautiful and the neck line stunning, but alas will be returning.",2,0,3,General,Dresses,Dresses
18504,825,47,Sad :(,"I love this top so much online. i received it yesterday in the mail and unfortunately i am very disappointed.  there is nothing wrong with the quality but i do think it looks more appealing online. also, this top is probably not for anyone with a large chest. it looks nice and drapey on the model. when i put it on it just makes me look fat and the top (thanks to my 38dds) looks more like a swing top. i'm sure it's a lovely top on very thin people with a smaller chest.",2,0,0,General,Tops,Blouses
4743,1080,33,Fantastic buy!,"This is my new favorite dress! i can't tell you how flattering it is. i just had a baby a few months ago, and it's the only piece of clothing i actually feel like i look like my old, pre-baby self in! i'm on the shorter side (5'3""#, very busty #because i'm nursing# and about 118 lbs. i got a mp and it fits great. i could have gotten the small, but i feel that would have been too low cut. honestly, love the cut, the pattern, everything about it. would buy again!",5,1,0,General,Dresses,Dresses
18463,440,62,Sooo soft!!,"Soft and stylish - my usual large seems a bit too large, so i will try a medium.",5,1,3,Initmates,Intimate,Lounge
13453,1125,60,,"Love the coat. style and fit are a perfect fit. true to size.
thanks for the previous reviews about the button. i am extra careful taking it on and off. versatile. take the collar off and wear on a sweater or whatever inspires you.",5,1,0,General Petite,Jackets,Outerwear
12231,1074,61,Perfection!,"Such a unique mix of prints but it totally works. much better and more vibrant in person. true to size. fits more like a maxi on me since i'm 5'1""",5,1,0,General,Dresses,Dresses
21843,868,36,"Nicely draped, beyond basic tank w/ tricky sizing","This pink tank is a wonderful addition to my go-to basics. i love the color, which is a nice deep pink that is pretty spot on in terms of accuracy to the online photo. it is a wonderful comfy fabric and the side knot adds nice visual interest to make this top appealing and unique. i also appreciate the wide straps, which means i can wear a normal bra instead of a strapless one without worrying about straps playing peek-a-boo. the only drawback is size. i ordered my usual xs (i am 5'5"", 110 lbs,",5,1,1,General,Tops,Knits
11030,877,49,Comfortable and stylish layering piece,"I like the warm neutral color of this piece and the figure-skimming shape with waist definition. it is a soft and warm layering piece. sadly, the sleeves were too long for me and have long zippers at the cuffs so rolling them up didn't work. i wish i had caught this piece while they still had my size in petite!",5,1,1,General,Tops,Knits
276,868,55,Pretty and feminine,Pretty top. love the color and the large ruffle. makes it great for layering or with a pretty necklace.,5,1,0,General,Tops,Knits
14626,882,66,Cute!,"This is a great tee. true to size, i ordered the large and it skims nicely over my hips. it has lovely quirky design features in the back and pinkish cross stitches on the sleeves and shoulders. i got the blue and it looks just like the pic. great weight for the rest of summer into fall. perfect addition to my casual life style.",5,1,13,General,Tops,Knits
21612,1109,40,Love this cozy dress!,"This dress not only makes a statement, it is very comfortable and versatile. casual or dressy options! price is reasonable and i am anxious to wear it for the first time. true to size and has some give. i ordered xs. love it!",5,1,1,General Petite,Dresses,Dresses
1393,1098,26,Beautiful and unique dress,I purchased this dress for my bridal shower and it was perfect! the details on it are amazing-delicate and lovely! i am 5'11'' and it hit just above my ankles which i loved because i could show off my shoes!,5,1,0,General,Dresses,Dresses
16823,871,70,,,2,0,0,General,Tops,Knits
530,984,61,Top coat,Top of the line! very well made and on sale to boot. i love the style and received a compliment from my sister when i wore it. i love the layered look.,5,1,0,General,Jackets,Jackets
20153,1008,54,Perfect spring skirt,"Knitted midi skirts are part of my daily uniform so i was drawn to this one. its high quality showcases intricate details: the pattern on the front is different from that on the back, the hem is asymmetric and is reverse high-low, the flat waist means the skirt is not too voluminous. the colors and pattern are reminiscent of missoni. it should be easy to coordinate with solid tops. wonderful quality and machine washable. i'm 5'5"" and the petite medium fits me as pictured. since i want the back t",5,1,9,General,Bottoms,Skirts
7527,941,33,No way,This sweater was so itchy i immediately was turned off. it looks cute in pictures but another problem was that the knitting in the shoulders looks like a kid made it. it was uneven and stretched out. it looked like it was not well made to me. it also shed so much that just from me trying it on my pants were covered in orange fuzz. i returned this one.,1,0,0,General Petite,Tops,Sweaters
13954,128,41,Super cute and comfy,"I am 5'2"", 110 lbs and i ordered my usual size xs and they fit perfectly. they are so soft and comfortable and keep me very warm. i can't wait to take them with me when we go to the snow next month!",5,1,0,General Petite,Intimate,Lounge
18943,960,34,,"This vest is much silkier than the pictures online show, which was a great surprise. the cut of this vest is beautiful and it can be worn so many ways!",5,1,1,General,Jackets,Jackets
11699,1092,37,Love at first site,"Fits perfect. i'm 5'3 and the size 2 regular fit perfect. not too long it too short, just perfect.",5,1,0,General Petite,Dresses,Dresses
11393,1081,28,In love,"I wasn't all that impressed with this dress on the hanger, but i am so glad i tried it on. it is super comfortable, very flattering, and can be worn multiple ways. spot on!",5,1,0,General Petite,Dresses,Dresses
17001,993,45,Gorgeous skirt,This skirt is so soft and warm! looks gorgeous with middi boots or ankle boots. colors are beautiful and the length is perfect to take you into spring!,5,1,0,General,Bottoms,Skirts
16505,836,69,Blue green,"This top is beautiful.  at the present price, grab it.  the fit was tts for me, a bit loose if anything.  the blue green color, which is not pictured, is shown in my uploaded photos.",5,1,0,General,Tops,Blouses
2643,1044,49,Completely cute!,"I'm so glad i tried these on at one of my local retailer stores. i didn't really think much of it online but they have a much nicer look and cut in person. i got the navy blue in size 27 which fit tts. i got a regular size vs. the petite size which i usually like to go with because i'm short but i actually found that they fell very similar to the model's length shown online. they seem so versatile, i'm looking forward to wearing these!",5,1,4,General,Bottoms,Pants
16691,1092,44,Rules apply,"This dress is breathtaking in person: the back tie, the lace on the sides, the hem, the sleeves, the pleats at the chest, and the liner is opaque so it's not see-through. but it's very white, baby doll cut, and very short. in order to avoid the maternity, wedding-ish look, a few rules must be applied (thanks to retailer stylist ): buttons all the way up, a belt is a must to break the monotony of the all-over white and lace look. i purchased size 2 regular, and it still falls about 3 inches above m",5,1,2,General,Dresses,Dresses
12097,501,29,,I've been looking for a nice affordable robe for awhile and this is the one! it's so soft and the design makes you feel fancy when you wear it. perfect for lounging doing my nails or wearing a face mask.,5,1,0,Initmates,Intimate,Sleep
22243,1086,39,Perfect winter dress,"I love the texture and sheen of corduroy combined with this beautiful evergreen color. i purchased size 10 and the somewhat stretchy fit accommodates my bust size (36dd) with a blouse or slim fitting sweater quite well. i think the skirt flares out too much and ends a little too low for my height, so i'm waiting for the petite to arrive to see if it's more flattering. i picked tts but may be a bit large for those who are less busty, so you may want to size down if you're slender or pear shaped.",5,1,4,General Petite,Dresses,Dresses
16732,1037,45,Love the cropped flare,"I bought these pants in the wine color and i love them! i found them to be true to size. i always wear a 27 in pilcro and these were no exception. i am finding the cropped flare silhouette to be so versatile. they are more ankle length than cropped on me as i am 5'3"" but i think i prefer this. these pants can easily be dressed up or down - have worn with a dressy top and heels as well as a denim shirt and ballet flats. super cute!",5,1,9,General Petite,Bottoms,Jeans
11672,693,51,Awkward fit,I was so excited to try these on at my local retailer. i'm so glad i did before i ordered them online because i found the fit to be totally off. the pants bulged around my hips and looked very awkward. they were also not as soft as i expected them to be.,2,0,0,General Petite,Intimate,Lounge
9373,866,63,This is a beautiful top!,"I got this top in black and didn't realize until i got it that it has velvet accents. it is beautiful, sophisticated and can be a great party, work, or play top!",5,1,4,General,Tops,Knits
7506,1020,35,,"Great versatile skirt, very flattering",5,1,0,General,Bottoms,Skirts
16708,868,44,,I agree with other reviews.  this is perfect to throw on for running errands or just hanging out at home.  super soft and comfy.  got the blue and now want the grey.,5,1,0,General,Tops,Knits
17975,1111,36,Love this dress,"This dress is beautiful. i love the collar and tie neck detail. i decided to order up a size and am very glad i did (i normally wear a 0 or 2 petite and ordered this in a 4 petite). it fits perfect with a little room...not snug at all, which i like. the description says its a slimmer fit so i'm happy i ordered the size i did. i'm excited to wear it and add it to my wardrobe.",5,1,0,General Petite,Dresses,Dresses
18946,820,46,Bravo!,"I hope you can get this top.this is a great classic,that will be in my closet for a long time.",5,1,0,General,Tops,Blouses
19694,1008,25,,"I love this skirt! i feel in love with it in-store and when i couldn't stop thinking about it a few weeks later i knew i had to get it. beautifully made with high quality materials and so flattering! fits very well for my figure (big butt and hips w small waist, sits just below my belly button and accentuates my waist and slims my hips. must have!",5,1,0,General,Bottoms,Skirts
15814,974,29,Thrilled to own this,"I'm short, only 5ft and this is beautiful and flowy. it's just below my knees and i think it's perfect. i have only worn it twice out and literally everywhere i went i received a compliment, and asking where i got it. it's unique and no one else carries one like this. i know some customers mentioned the price being a bit high but i disagree. i would rather pay for something that i love, that has good design and quality instead of 50 or 60 for a so so product. that's what i love about retailerpolog",5,1,1,General Petite,Jackets,Jackets
15233,1033,32,Lovely gray crops,"Got these in my usual size and they are wonderful! the gray goes with everything, i'm hoping they come out with some greens or blues too!",5,1,1,General Petite,Bottoms,Jeans
8771,1151,19,,"This dress is amazing! it's perfect for a casual family or friend get together, or a fall dress with boots. the back ties to make it more flattering than just a shift dress. quality of the dress is great, and the material is very versatile.",5,1,10,General,Dresses,Dresses
7429,1086,39,,I feel like i'm cheating when i put this on it's so comfy almost like wearing cozy pj's but with my black belt and boots and a cute scarf i can easily wine and dine looking like a million bucks and feeling like i'm lounging at the same time. i wish this came in more colors!!,5,1,0,General,Dresses,Dresses
11964,829,43,Didn't work!,"I saw this very shirt online & thought it was so pretty. in person, the shirt seems flimsy. the buttons look as though they'd fall off. i also didn't like the cut of the shirt. it seemed to be tighter on top & looser on the bottom. had to return. i couldn't justify the cost with the quality.",1,0,2,General Petite,Tops,Blouses
22480,1131,47,Red simplicity,"I bought an extra small and i love it (i'm a size 2-4). it's warm, it's comfortable, it fits with everything, can be dressed up or down, it's not lined but it is well finished and does not feels like a sweater coat...it feels like you have a new friend...",5,1,2,General Petite,Jackets,Outerwear
5907,867,38,Runs large,Runs large and it also had a small hole in the back had to return it.,2,0,0,General Petite,Tops,Knits
1691,225,45,Add a little fun!,"These tights are so cute and can add some fun to any outfit. i paired with a mustard mini, denim shirt and desert boots! they do run small. i am a size 4 and had to get the m/l",5,1,1,Initmates,Intimate,Legwear
7234,877,35,Living in this!!,"This is probably one of the best retailer purchases i have ever made! this is the most comfy and warm cardigan and is a good thickness for fall and winter. i am 5'9, a size 6/8 and the medium was perfect! buy this now!!",5,1,2,General,Tops,Knits
15016,921,27,,,5,1,0,General,Tops,Sweaters
22931,895,24,Love this!,"I love this turtleneck! it's soft (cashmere blend), is sexy with the lace design and loose but form fitting style, and the 70s inspired sleeves are really flirty. i purchased it in two colors because i got so many compliments the first time around!",5,1,0,General Petite,Tops,Fine gauge
17417,860,56,An elegant top,"I thought this top was purely elegant. i'm 5'4"", and 135 lbs. i ordered a small and it fits perfectly. i thought the fabric was soft, but somewhat sheer on the top. it goes great with just about any pant.",5,1,1,General Petite,Tops,Knits
14758,868,48,I love the feel of this tunic!,"I was so excited to receive the playa tunic in the mail! i love the colors and the flowy bottom and raw edges. this tunic could be worn as a dress or with jeggings, jeans, or leggings. this is a wonderful fall transition piece!!",5,1,0,General,Tops,Knits
2367,1025,39,Perfect fit,"Got these in 28 and they fit like a dream.  the best medium wash, so versatile for all seasons.   i love the rise because it sucks in my pooch.  sometimes i wear 29 or 28 in paige.  i have a wide waist, slim hips, flat bum--these jeans help me look shapelier.",5,1,0,General,Bottoms,Jeans
22184,854,46,Very low cut...and a weird snap,"Love tiny. i am 5'7"", 125-128 lbs depending on the day, and a 34a. i also have a very long torso, and tiny shirts are one of the few brands that are usually long enough for me. this one, however, was a huge miss. i ordered online in my usual tiny xs. it was much too big around and felt shorter in the front than stated, so it looked boxy on me. however, the worst part was the placket. the description doesn't note that it's held together with a tiny snap. that snap takes nothing to undo, and then",2,0,1,General,Tops,Knits
12598,1147,35,A delightful piece,"I'm in love with siyu! i saw this jacket/cape and the brilliant colors drew me in. i had to have it. i'm so glad i purchased it, it is wonderful. i would say that the colors are a bit more muted than in the puctures, but still a brilliant statement piece. i was considering getting the sleeveless golden mock turtleneck to go with it, but glad i didn't. the neck of the jacket comes up fairly high, and it probably wouldn't have shown. the wool material is very fine, not scratchy, and a bit stretchy",5,1,7,General Petite,Trend,Trend
11443,1072,33,Wanted to love!,"The quality and fabric are fabulous but it's just too voluminous for my figure (5'8"", 155 lbs), would look great on someone more slender.",2,0,0,General,Dresses,Dresses
20046,1037,39,The perfect skinny cord,"These got me so excited for fall. the teal is a color i'm really into right now and was the real reason i decided to order these. when they arrived though, i was delighted to find that they are light weight and have the perfect amount of stretch. the fit is snug, but hugs all the right places and are so comfortable! these will be a staple in my wardrobe. i want to order more colors!",5,1,0,General,Bottoms,Jeans
22630,1082,49,Lovely black and white embroidered dress,"This black dress with raised white embroidery is lovely and flattering. the fabric has a nice texture and is medium-weight cotton, and machine washable. the dress is unlined. it's a bit hard to get on and take off even though the buttons can be undone, which helps. there is a tie at the waist, drawstring-style. i only wish my store had the petite size, as i am wondering whether the xs that fit me in the store will still fit as an xs p.",5,1,1,General,Dresses,Dresses
12464,862,37,,"I second that above review who states ""worst blouse i've ever ordered""",1,0,14,General,Tops,Knits
5144,863,41,Cute tee,"Very flattering tee. nice details & quality.
my first time purchasing this brand, but will look for similar items from them.",5,1,1,General,Tops,Knits
17575,901,49,Very cute cardigan,"I tried this on in the store and came online for the petite size. the length was fine on me, it's only the sleeves that would be better for me in petite. this cardigan is very cute. the dots are a bit more arty-looking in ""person"" than you can see here - more like watercolor or ink spots, which is a nice subtle touch. i put ""runs small"" just because i think you might want to size up if you plan on wearing much in the way of layers underneath. the merino wool is not itchy, it is nice and soft. i",5,1,8,General,Tops,Fine gauge
18976,820,69,Beautiful design,"My daughter tried on this shirt in new york & loved it so i ordered it for her for christmas1 i am thrilled, & she will be thrilled! love my purchase!",5,1,0,General,Tops,Blouses
14120,1024,36,,,5,1,0,General,Bottoms,Jeans
13439,867,36,Super cute t,This t is very cute and comfortable. could be worn casually or dressed up a little bit with jeans.very cute pattern on the shoulder area. love this top!,5,1,0,General,Tops,Knits
6744,1111,27,Floral and feminine,"This dress is a great dress for spring and summer (and early fall) events. it's surprisingly light weight and comfortable. you can pair different shoes with the dress due to the various colors which makes it easy to dress up and down. i definitely recommend if you're looking for a fun, floral, feminine dress.",5,1,4,General,Dresses,Dresses
5468,939,32,,It sits a little short but works great for a jacket when you don't want to have a big winter coat when going out.,5,1,0,General,Tops,Sweaters
19548,1078,33,Beautiful!,"This sweater dress is very beautiful in person. the colors are very ""fall"", i actually decided against it only because i felt it was too busy for my personality. as for the fit, it runs fairly true to size, maybe slightly small. i tried on my usual medium, but i think i would have sized up for a more relaxed look. for reference, i'm 5'6"", 135 lbs, and wear a size 6. this could be quite a stunning piece on the right person!",5,1,0,General Petite,Dresses,Dresses
16739,8,42,Such a nice bathing suit!,"This is my first one piece bathing suit, and i absolutely love it. the quality is great ! the color doesn't fade.
i usually wear a size 4 but i ordered a size 6 and it fits perfectly.",5,1,0,Initmates,Intimate,Swim
15970,1056,42,,I looooove these pants. i was looking for a cool pair of white pants since last summer. i tried them on and they make my bootie look great. they are also not see through which i love. i love this brand and these pants will be my new summer staple! ps. they were a bit snug then relaxed a little after 2 wears.,5,1,0,General Petite,Bottoms,Pants
8711,836,48,Beautiful spring top,"I found this top in the roc center store and knew i had to have it! when my usual size 2 was unavailable, i sized down to a 0 because it looked plenty big and it fits fine. i bought the ivory color and love it! i plan on wearing it with pants as well as skirts. it's a lovely shade of ivory, quite flattering. boxy tops are often not for me, but this one is perfect!",5,1,2,General,Tops,Blouses
18329,830,35,Sad top.,"I wanted to love this top. but, it looks like an ambitious 12 year old made it with rumpled fabric and lace found in her grandmothers attic. re: hopeful, but not good. the quality is not good and it hangs strangely on. sadly it is going back.",2,0,4,General,Tops,Blouses
15838,1077,26,So much better in person,"The pictures of this dress are terrible compared to seeing it in person, and i instantly fell in love with this dress when i put it on.  the fit is very flattering with a touch of 1920s flare. the colors are better in person too, with the lightest color being pink, not white as pictured.",5,1,5,General,Dresses,Dresses
17459,1119,38,Great idea..poor execution,"I tried on an xs and it was boxy/roomy in the torso and the pocket on the wrist/forearm area made my arm look too bulky when i rolled the sleeves up like the model pictured. i love the idea of a relaxed fit cropped leather jacket in a versatile taupe color but when i tried this one on in person, it took me back to my childhood. i used to help my dad wash his cars when i was a kid and he used a leather chamois (""shammy"" for short) that was awesome for soaking up water. and that's what it felt lik",1,0,0,General,Jackets,Outerwear
214,1020,67,Not as pictured!,"The skirt that i received had very little blue or green in it, and was mostly white, yellow and some red. the fit was fine but the quality for the price was not there for me. the lack of quality and the disappointment in the quality equals a return.",1,0,17,General Petite,Bottoms,Skirts
18271,1053,44,,,5,1,0,General,Bottoms,Pants
17222,1077,31,Very chic!,This dress looks very good on me! it's a cute way to appear dressy without the extra work to look the part.,5,1,0,General Petite,Dresses,Dresses
21208,854,59,Beautiful,"This is a true tiny top........gorgeous and runs small. i usually wear a small or medium in retailer tops, but timy i always size up. i'm a 36c, and a large fits perfect. the front is a bit sheer, but not so much you need a cami.",5,1,1,General Petite,Tops,Knits
1549,1020,61,I love this skirt!,"I saw the skirt on a display today at my local store. i was attracted by the colors and the display itself. my thoughts, "" give it a chance"". i bought the size 10 without even trying it on, with the idea that the colors and style had so much potential, i am so pleased with this skirt! the fit is true, although if you like a higher ride on the waist, i would size down. the fabric has just the right amount of stretch to make it super comfortable. i had so many staple items in my wardrobe that i wi",5,1,1,General Petite,Bottoms,Skirts
248,1030,28,,,5,1,0,General,Bottoms,Jeans
208,895,40,,"Gorgeous top, very nice. detail work, soft and flattering. i don't think its too full on the bottom at all - mine has a loose but pretty straight silhouette. word of warning: soft pink is not pink it is peach with some pink - and definitely not my color. if peach isn't flattering on you, heed this and other reviewers comments they are weighing correctly! i will have to either return for the white or dye the fabric myself to a more flattering shade, bummer that i thought the other reviewers might",5,1,0,General,Tops,Fine gauge
20122,883,20,Lovely top,"I was in the store looking specifically for long sleeved tops that are cute and found this! pretty color pinky purple and my usual xs is perfect. i'm 5'6"", 127 lbs, 34b. love this--definitely unique and feminine. and--no--nary a smell in the mix!",5,1,0,General Petite,Tops,Knits
22311,867,37,"Cute, lightweight summer top","This is cuter in person than online. the scarf goes all the way around the neck and ties on the side as the halter. the whole top is soft like a t-shirt material. there is an elastic band at the bottom, but it's not too cinched so it won't cut into your waist- it just gives it a little bit of shape. it's a cute way to show off some shoulder this summer in a lightweight fabric. i'm looking forward to wearing it out at night with nice jeans or during the day outside. a good price for retailer",5,1,3,General Petite,Tops,Knits
7425,820,27,Worst peplum top in history,"This is the most unflattering peplum top i have ever tried on. fit perfectly as a size 6 should in the arms, shoulder, chest... then the waist was huge! just hung off of me like a flour sack. it was wider than the chest measurements, which made me appear frumpy instead of tailored and classic. combine that with the high-low hemline and it looked like a project runway reject. sent back immediately, do not buy this if you have (or want to appear to have) an hourglass figure, it will do nothing for",1,0,0,General Petite,Tops,Blouses
6060,1059,40,,This is my favorite purchase so far! i am in love with this jumpsuit. it it fitted on top and has a flowy dress feel on the bottom. i got this on sale recently and if you can grab it do it! you won't be disappointed.,5,1,0,General,Bottoms,Pants
18908,1086,43,Easy to wear,"I tried this on in the store, but almost didn't because i thought it would look like a sack. the dress looks so good. it fits nicely in the shoulders which gives structure and then the rest of the dress is roomy, but no so much it looks stupid. im 5'5"" and it hit above my knees by an inch or two.",5,1,15,General,Dresses,Dresses
19863,1080,36,Classic,"Beautiful, well made and styled dress. perfect for company christmas parties where you want to look nice but not show too much cleavage. i wear it with a cameo brooch.",5,1,0,General Petite,Dresses,Dresses
19486,895,32,Beautiful color,"The shirt fits very nicely, a little large but very confortable. amazing color (i got it in green)",5,1,0,General,Tops,Fine gauge
10855,854,44,,"This top was fun. casual with flair. it is a little strange that it is see through down to the stomach almost, but i would just wear a bra of the same color and don't think anyone would notice.  i didn't buy because even the sale price is too much for a casual tee, in my opinion.",5,1,0,General,Tops,Knits
20609,938,34,Nice basic with details,"This sweater feels good and not itchy at all. i'm long waisted and the small hit right at my hip bone/top of my low-waisted jeans, so it's kinda on the shorter side. i liked it that way, bc it's not baggy at the bottom and is figure flattering. i tied the tie twice and thought it looked better. i have long arms and was excited the sleeves go down to the middle of my hands. it has little hole detailing down the middle, but not so much that you'd have to wear a shirt underneath.",5,1,5,General,Tops,Sweaters
14766,1094,62,Cute for summer,This dress is comfortable and cute. i wear xs and this is true to size. the only thing i don't like is the neckline. it is very low cut. will have to wear a cami underneath.,5,1,12,General Petite,Dresses,Dresses
3245,839,67,Very versatile,"I bought a similar shirt from this same manufacturer in blue and i've returned for another. i love it because you can layer it. you can wear this over a colored shirt and the color will show through the designs in the yoke. it looks great with bright colors. yes, it wrinkles easily but i am hoping that it will wrinkle less each time it is washed.",5,1,0,General,Tops,Blouses
14180,862,33,Unique staple,"Fits true to size, soft material and unique look. the sleeves and overall cut of this shirt are flattering. i was worried it might look boxy or baggy but it didn't at all. the dark gray is a gorgeous color and can be dressed up or down. definitely going to be a staple in my closet.",5,1,0,General,Tops,Knits
5102,1078,43,What a shame,"This was a disappointment because beautiful fabrics with interesting design are a rarity--and especially at this length! unfortunately, this is a mess in terms of proportions. if a size 2 can barely get it off, then there is a design flaw. sadly, the fit was so strange that it did not seem that simply sizing up would correct the flaws.",1,0,1,General,Dresses,Dresses
31,1060,46,Cuter in oerson!,"I never would have given these pants a second look online, in person they are much cuter! the stripes are brighter and the fit more flattering. the crop has a cute flare which is right on trend. this brand has always run small for me, i am 5'8 about 140lbs and carry some chubbiness in the belly. i paired it with a collarless loose navy blazer",5,1,7,General Petite,Bottoms,Pants
2912,1125,33,So excited it's on sale!!,"I have been wanting this coat ever since i tried it on in the store a month ago. it's beautiful and well-made. it fits tts, but a snug tts, so if you are between sizes, i would order up. grab this asap while the price is right and it is still available!",5,1,0,General,Jackets,Outerwear
11930,868,20,Just dreamy,Purchased in a small. usually a 4-6-8. i layered over a sleeveless dress and i felt amazing. great for those tighter dresses. the fabric is sheer but not super see through. the tassle in the back is so creative. it closes enough in the back to not look weird. i have so many plans for this piece. black is the perfect color too. the collar colors are perfect too.,5,1,1,General Petite,Tops,Knits
9053,872,37,Love the details,Great shirt that is basic with a little something extra. meadow rue does it again...i swear i buy everything they put out...,5,1,2,General Petite,Tops,Knits
19419,873,39,Love this top!,"I wore it for the first time this week and received so many compliments. i bought the white one and it's a tiny bit see through, but still love it.",5,1,0,General,Tops,Knits
19225,1078,36,Stunning,"This one is a beauty! my store is not carrying the white - they had a lovely blue (periwinkle-ish) that immediately caught my eye. the ivory model shot makes the details of the lace and top layer really pop - more so than the blue variety but both are stunning. the details and layers on this dress are lovely and intricate without feeling overly delicate. quality most definitely in line with the price. 

fit: 130lbs/34c/5'6"" high waist. i'm a 4 or 6 at retailer depending on the brand. in most mou",5,1,50,General,Dresses,Dresses
3331,984,37,Terrible,"I do not understand all the great reviews but that goes to show everyone likes different things! the jacket looks great in the pictures but in person, it just looks awful! gray is one of my favorite colors but this color is so drab and the material looks old and worn. it definitely has a grunge look to it and overall, it is just a wrinkly mess. another reviewer said it looks like old clothes and i have to agree. it looks very shabby. it also reminds me of those smocks they have at the hair salon",1,0,0,General,Jackets,Jackets
6136,984,68,,"Love this vest. fits very similar to the pilcro denim jacket. the fabric is softer, and not too heavy. the wash on mine is pretty close to the one in the picture, maybe half a shade darker. can see myself wearing this with summer maxi dresses, skirts, and pants, a very versatile piece that will go into fall. i usually take a 0/2 and the xs fit perfectly.",5,1,1,General Petite,Jackets,Jackets
2060,1092,41,Absolutely beautiful,Love love love this dress.  fits like a glove. beautiful details. amazing quality. i'm so happy with this dress and know i'll have it for years. :),5,1,0,General Petite,Dresses,Dresses
19675,1083,36,,This dress is absolutely stunning and well made. it can be worn throughout the seasons. i love this designer and this dress is a masterpiece.,5,1,0,General,Dresses,Dresses
12827,300,37,,"Comfy, will be great with a sweater or vest over it.  love the pink color.",5,1,2,Initmates,Intimate,Lounge
146,1008,39,"So pretty, a bit long and bigger than what i read","Some reviewers found this skirt to be on the smaller side, but for me, it was big,,, too bad the smaller size is sold out (well, all peittes are sold out). the length is also pretty long, below the knee, but in the narrow part still...so able to keep it. the colors are great. i brought it in the store to try on in front fo the stylists, adn they all loved it and told me to keep it... winner for sure!",5,1,0,General,Bottoms,Skirts
14074,1110,54,Raspberry delight of a dress,"Tried on a size 2 regular and it fit well, felt incredibly soft and airy, and is handwashable. i'm 5'2"", currently 33-25-37 or 38, with narrow shoulders and torso, somewhat long-waisted but petite from bust to shoulders. i often wear a size 0p or 0 in retailer dresses and tops. the arm holes were a tiny bit low, but not terrible. a petite would have been shorter, but also more of an empire waist. the pink really is more of a red like the online photo; great color.",5,1,0,General Petite,Dresses,Dresses
2770,868,43,Cute and swingy,"This top runs large. i had no problem sizing down one size, and could have gone down two sizes if not for the bust area. i ordered this tee in the distressed black color (in real life, it's more like distressed charcoal gray), and really like the fit. the asymmetric peplum is unusual, and cut at a flattering angle. i also really like that this top is not short; i often have trouble with length at retailer, being long in the torso. even going down a size, the length is great. overall, i like that t",5,1,6,General,Tops,Knits
3007,862,50,Buy one every color !,How can you go wrong with soft cotton top that is neither too snug nor too loose? expect will wear these as layers under when really cold and by them selves in early spring and in the fall. great colors and love the multiple textures.,5,1,0,General,Tops,Knits
12912,863,35,"Wonderful fit, flattering, easy care tee","I purchased all the colors of this wonderful tee after receiving the first. it's machine wash and dry, and they've all held up well through multiple washes so far. the neckline and fit is flattering for a larger bust, due to the ribbing, but would be great on a more athletic figure as well. the fabric is soft enough that the 3/4 sleeves don't bug me, like some other tops do. all the colors are great and you'll want more than one! true to size.",5,1,15,General,Tops,Knits
21682,1008,50,Lovely skirt!,Love this skirt! i have worn it to work with a simple black shirt for a great outfit! i have had many compliments on it. it is very flattering and comfortable!,5,1,0,General Petite,Bottoms,Skirts
11538,667,29,Runs big,"This is an adorable top. sweet back detail, thin material but soft. the top is two sizes too big, i'm normally a large and a small fits. i know it is supposed to be baggy but the large was inches too big under each arm. size down and petite ladies will be sized out. love this though.",5,1,1,General Petite,Intimate,Lounge
11857,872,32,Adorable tank!,Great cut and high quality fabric. the top gives you a nice hourglass shape and i love the way it hangs half-way down your butt.,5,1,1,General,Tops,Knits
5595,831,33,Great details,"I got this shirt in black, and it's perfect for the office. i ordered a medium, which i thought was a little on the larger side. well made, the details make it an interesting top.",5,1,0,General Petite,Tops,Blouses
740,937,44,,I love this cardigan! i ordered the pink and it's a really pretty color. i wish it didn't run so big but xs will be cozy all winter.,5,1,1,General,Tops,Sweaters
7749,824,52,Draped plaid buttondown,"Great top - i have both colors. because the front is 'short' i ordered a medium. i usually wear a small. if you are not long waisted, like me, order the small.",5,1,1,General Petite,Tops,Blouses
595,1060,25,Slimmingly perfect!,"I am 5'2"" 125 pounds and i bought the 4p. the fabric is high quality and does not cling at all but instead drapes and in a very flattering way. add that to the cut of this jumpsuit and you have elongating, very flattering lines. i could not be more pleased and regret not having bought this item earlier, since i would have enjoyed wearing it during the holidays. as other reviewers said, it is adorable and a winner.",5,1,0,General,Bottoms,Pants
6055,985,26,Color transfers to other clothes!,"I really loved this vest online and decided to try it on in store. it was really cute on and fit nicely so i purchased it (in my normal size) and took it on a vacation. first time wearing it and the color transferred all over my white shirt even though it says it is pre-washed. i am very disappointed considering how expensive this was. overall, it is very cute but it may ruin your clothes so beware!",2,0,19,General Petite,Jackets,Jackets
5180,854,48,Beautiful top,I love this top. the color and the embroidery are beautiful and unique. i love the soft cotton arms and back. wish there were more colors.,5,1,1,General,Tops,Knits
7366,965,27,Cute but poor quality,"This sweater/jacket looks just like the photo in real life, but the inside is so scratchy. i physically recoiled when trying it on as the interior of the sleeves feels like sandpaper. unlined and uncomfortable. no thank you!

should you choose to proceed, i found the fit tts. i'm 5'8, wear an 8/10 and the medium worked for me.",2,0,2,General,Jackets,Jackets
13154,1078,55,Love it!,"Flattering, flowy, comfortable. the back strops have elastic so easy on and off. flows when you walk, the ties have two different types of black fabric, matching knit on one side, a matte crepe on the other. love the pockets, very versatile piece.",5,1,1,General,Dresses,Dresses
14416,862,44,Ordered 2,"I love these tees, i ordered 2 of the map shirt. they are comfortable and stylish. i knew that i would wear it so much, so i bought a spare.",5,1,0,General Petite,Tops,Knits
23188,55,41,Beatiful and great quality for the price,"I have been looking for lace shorts for years. yes, years! finally found these shorts that are perfect. the lace is sturdy, not flimsy, so they are not see-through. i purchased both the cream and the blue when they went on sale. my skin is a bit tan, so lighter-colored clothing can be see-through for me. both colors are fantastic and i get compliments on them all the time, especially the blue shorts. plus, they complement either a t-shirt or a blouse. i love the eyelash fringe at the hem - such",5,1,0,General,Bottoms,Shorts
9855,1080,31,Worth every penny,"After multiple purchase and returns (from other sites!) i decided to splurge on a dress for my college graduation (located beach side). this dress was better than i could have hoped. the fit is very flattering, loose & tight in all the right places. the adjustable straps underneath the overlay ensure the silk lays perfectly. the colors are gorgeous and the fabric is light as a feather. the slight train & back buttons adds elegance to an otherwise ""casual"" floral pattern. i would highly recommend",5,1,7,General,Dresses,Dresses
8798,1028,53,Can't beat coh!,"I love the fleetwood style...very trendy...fit like a dream - very long for you leggy gals. me, i need to hem (these would also look cute as cutoffs for us shorties)...true to size - slim fit!",5,1,0,General Petite,Bottoms,Jeans
18528,24,37,Love this swimsuit!,"This swimsuit is super cute and retro. the ruching on the stomach is very flattering and the shaping on the padded cups makes for a very nice hourglass 1950s-inspired look. great for us ladies without a lot up top. i felt very marilyn monroe in this suit! i love the back coverage, too -- your butt doesn't hang out of the suit and the boyshort style offers a good amount of coverage without being dowdy.

i was worried about sizing when i first ordered it. based on what everyone said, i went with a",5,1,0,Initmates,Intimate,Swim
12769,876,40,One of a kind!,"I'm 5'5, 145lbs and i'm usually a small/medium depending on the vendor. i bought this shirt in a red, medium and love it. yes, it's boxy and a little big but lays nicely and i think it's meant to be a bit big. i've worn a black cami underneath and the shoulder hangs off a little to the side giving a little extra sexy look to it. this shirt washes well per instructions, didn't shrink or loose it's shape and i've washed it three times now. i've had many compliments on how cute this shirt is, love",5,1,0,General,Tops,Knits
19928,964,30,,,5,1,0,General Petite,Jackets,Jackets
21595,1086,43,Such a great dress!,"I love this dress - the fabric is super soft, and it falls beautifully! wish it was lined, but it's a keeper. it does run big - i'm always a solid medium, and i had to go down to a small for this one (but who's complaining!). the burgundy color is gorgeous! i'm 5'4 150 lbs, a size 8 (m) almost always.",5,1,4,General,Dresses,Dresses
13598,1077,45,A wallpaper potato-sack,"The title says it all. while the quality was good, when i put this dress on a felt like i was wearing a shapeless sack fashioned out of wallpaper. the length was longer than on the model (makes sense since i am only 5'5""), which was ok, but the overall fit was just too big. i am a size 2 and tried the xs, which was huge. just not flattering or breezy or sexy in any way. going back!",2,0,14,General,Dresses,Dresses
19842,881,25,Itchy!,"I have somewhat sensitive skin and this fabric is awful! in addition to it having no give, feeling like it will stretch out, and being slightly see-through, it is super scratchy!! it has little bits of what look to be tree material in the fabric.. awful!",2,0,1,General,Tops,Knits
3624,942,54,Endless possibilities,"My imagination went wilt with all of the possible combinations for this vest. dressy and casual...with jeans or slacks; long or short pencil; leather too!
best gift to date.",5,1,0,General,Tops,Sweaters
7387,715,38,So comfy,"Love this and wish it came in more colors. the fabric and cut are so comfortable. i bought my usual size and was a little sad to see that it shrunk just a touch in the wash. washed and then air dried but put in dryer for 15 mins to speed up drying process. i'm 5'7"" so it's already short but now i'll probably just have to wear it as a cover up or loungewear around the house. super cute though and great price with sale on sale!",5,1,1,Initmates,Intimate,Lounge
17645,918,64,,"I like this sweater for its classic shape and grosgrain ribbon finish on the placket. it does have buttons all the way down and they are a little hard to open but the style is fun and fresh. it will dress up or down as shown with jeans and tee shirt. fit is like on the model for me in a large as i usually wear a 10-12 on top. the arms are quite long even for me at 5'9"".",5,1,2,General,Tops,Fine gauge
19035,905,24,Beautiful sweater!,"Beautiful, detailed sweater. when i tried it on, i felt it made me look a tad bit boxy, but once i pushed the sleeves up about six inches, i loved the way it looked! i'm wearing it tomorrow and know i will get lots of compliments!",5,1,1,General,Tops,Fine gauge
16338,364,23,,"Super cute cardigan! can wear it with black tights and boots or shorts when it starts warming up. the color is great! i was hesitant about buying it but thankful i did. will probably buy it in the black, too.",5,1,2,General Petite,Intimate,Lounge
7414,1086,43,,Great winter maxi. soft and comfortable fabric. good quality. stretchy but not too clingy. fitted in all the right places and very flattering. petite was unavailable so will need hemming.,5,1,2,General,Dresses,Dresses
5022,1059,37,High quality,"This cropped trouser is very high quality and perfect for summer. i ordered my usual size petite 4 (i am 5'2"" 115 lb) and i felt a little tight but since other previous reviews said they do stretch after wearing it, i decided to keep it. i hope they stretch out a little bit more. overall, i am very happy with my purchase.",5,1,3,General Petite,Bottoms,Pants
20237,985,50,Cute style,This jacket is cute and comfy!,5,1,0,General Petite,Jackets,Jackets
11016,1093,40,Many compliments,"I wore this dress to a baby shower. it fit nicely and i received many compliments. i liked the weight, it flowed while walking and it was quite sweet.",5,1,2,General,Dresses,Dresses
19735,490,42,Love this romper,"Bought the blue romper and love it to bits! definitely a summer staple. i'm 5'4"", 105 lbs and generally consider myself proportioned, but curvy on the bottom, and the xs fit perfectly. many rompers have really short inseams, but this one is a relatively conservative 4-5"" so i feel comfortable and can dress it up or down. i've worn it a few times and received tons of compliments. it's super comfortable, forgiving, and flattering. i originally purchased it in black in pxs and ps, because at the ti",5,1,2,General Petite,Bottoms,Pants
2781,868,25,No!!,"I thought i would love this shirt because it goes along with my style, but i returned it immediately. it runs so large! the colors are faded, and the trim of the shirt curl over, so it looks cheap and frumpy. i do not recommend this! it hits in all the wrong places.",2,0,0,General,Tops,Knits
3021,999,33,,,5,1,0,General,Bottoms,Skirts
7508,1020,58,Surprise,I tried this skirt on because i liked the green color thinking that the pockets would not be flattering to my size 12 figure. i was wrong. the pockets are flattering to a round tummy. the pocket flap is stitched down on the side and button near the center so they don't stick out. a good skirt for fall.,5,1,0,General,Bottoms,Skirts
16104,1083,27,I don't understand this dress,"While i thought it looked really pretty on the hanger, when i tried it on it just felt like a mess. perhaps it suits other personalities and bodies. i hated that the zipper was in the front; i personally find it tacky and gawdy. while the patterns are pretty, the material felt like some weird fabric wallpaper and i didn't see how the price was justified with how the material felt cheap to me.",2,0,0,General,Dresses,Dresses
12274,377,35,Better than it looks!,"I saw this top online and fell in love with it, as i live in white cotton comfy tanks, but i was concerned that it might make me look like i was wearing a tent from the side profile since i am top heavy - 36d, and i happen to have this problem with some tops and dresses. so i went into the store to try it on in a size l and i was shocked how not only did it not look like a tent it had a slimming effect! i felt so attractive in it i had a hard time looking at myself in the mirror (believe me this",5,1,3,Initmates,Intimate,Lounge
4273,1081,50,Beautiful dress!,"This dress is so pretty, comfortable and easy to wear. i got so many compliments in it. it is a winner for sure!",5,1,0,General,Dresses,Dresses
18423,876,66,,Most often complimented item of this spring's wardrobe,5,1,0,General,Tops,Knits
19481,876,45,Don't waste your money,"As other reviews have mentioned, this top has serious craftsman ship flaws. strings hanging off embellishments on sleeves and they begin unravelling as you try the top on. i wanted to love but sadly, returned asap.",2,0,2,General,Tops,Knits
2959,1094,30,,,5,1,0,General,Dresses,Dresses
11388,1025,36,Perfect for the vertically challenged!,"I purchased these jeans because they were on sale and i figured they'd be a good alt to my other white denim jeans. these have by far exceeded my expectations! my fav jeans, period. i'm 5'2 1/2"" but have a long torso and though west size 25, am athletic and curvy, so petite jeans don't really work for me. these are just the best cut and fit!",5,1,0,General Petite,Bottoms,Jeans
171,329,46,Comfy and adorable!,"I ordered this in xs, i'm 5'4"", around 115lbs, and it fits perfectly. the material is very soft, but not see-through, and the romper is well-made. i wish it came in other colours, i'd buy more!",5,1,0,Initmates,Intimate,Sleep
19663,862,39,Nice and flattering,"Soft fabric, the blue is a nice color, rich. the drape effect is very flattering on the body. the length of the regular xs was fine on me, i often get petite but would not need it in this case. could wear this with jeans or dress it up with a nice skirt. good basic.",5,1,6,General Petite,Tops,Knits
22634,1081,40,So fun!,"I saw this dress online and b-lined it to the store to try on. it is a beautifully made dress. lots of great detail with stitching and beading on the front placket. feels very boho and chic. i have received lots of compliments while wearing this dress. i was almost turned off by the price, but decided to see it in person. worth every penny. wear it with sandals or tall boots, could have worn a medium, but a little tight for 38c on top.",5,1,3,General,Dresses,Dresses
4325,1078,60,Darling dress,"This dress is super comfy and really cute! i was worried that the horizontal stripes might not be flattering, but they didn't make me look larger at all. it's great for casual wear, but can easily be dressed up with a jacket and booties.",5,1,2,General,Dresses,Dresses
13153,975,52,Great interpretation of the classic bomber jacket,"I loved this classic bomber jacket online and in the brochure sent to my house, so i was thrilled to see it in my local retailer store. i anticipated that i would need a large, but i was wrong. the m fits perfectly! 
fyi: 36c, broad shoulders/back, short waist, size 10/12 in button-up or fitted tops,and dresses (usually 10) and a m in a loose-fit or knit top.
the m fits me just like the model in the photo, so i would think that you are between sizes like i usually am, you should size down. the z",5,1,6,General Petite,Jackets,Jackets
14459,1028,41,Instant comfort,I love these jeans-the minute you put them on they feel broken in and comfortable. they do have a long inseam and need to be worn with a stacked heel but that adds to the aesthetic. i ordered my normal size-i usually wear a 27 and could have kept them-but wanted a snugger fit through the bum. so i gave them to a friend and ordered one size down and got the perfect fit for me.,5,1,0,General,Bottoms,Jeans
2485,1081,68,,"Full disclosure, i'm six months pregnant. as such, this dress is perfect for me. it's soft and flown, and i look like i have a cute bump instead of like i'm wearing a sack. i ordered my usual medium based on other reviews, and t fits perfectly--so it would have been too big normally.",5,1,1,General Petite,Dresses,Dresses
12445,936,41,,I can only review the ivory as that was the only color in my local store. this sweater is very flattering as it is fitted on top but has a nice flow over the hips plus the zipper allows for more room or to show off an underlying top. the material is soft and the ivory is very pretty in person.,5,1,19,General Petite,Tops,Sweaters
5980,839,44,Got the last one !,"I bought this at my local retailer store. i bought the last one and when i walked out of the dressing room a lady asked if i was buying it..uh yeah! this is so cute with jeans or pants and booties. i bought the yellow. its lightweight and perfect for work or weekend. ive received many compliments. the arm holes were small for me, i bought a size 6, normally i'm a small or xs in most tops. i am 5-2, 130 lbs, petite and fit, the 6 regular was perfect for me, i was ok with it a little longer.",5,1,0,General,Tops,Blouses
10606,877,38,Nothing special...,"This really was nothing special. for $68 there are much cuter tops at retailer. it wasn't particularly flattering as it was very boxy, so it added volume. it was soft and felt like decent quality which was nice. i agree with another reviewer that the ruffles feel too big. overall, this was just a miss for me.",2,1,3,General,Tops,Knits
11090,872,55,Great fall top,"Originally ordered a large but it was huge. the medium fit perfectly. i'm 165lbs, 5'7"". lovely material and interesting side details. the sides do come up quite high but a camo or tank underneath does the trick. lots of compliments!!",5,1,0,General,Tops,Knits
5855,1033,70,Great pants,"These pants are flattering yet comfortable. i am thrilled that they are available in tall sizes because i am 6 feet tall. the 36 inch inseam is perfect and for me prevents the problem of ""high water"" pants. the zippered pockets are flattering yet useful. the high rise waist is wonderful. these pants are perfect for wear in a number of occasions. they are great.",5,1,9,General Petite,Bottoms,Jeans
18653,895,47,Lovely sweater,"This sweater is beautiful! it fits/drapes nicely, is a gorgeous color, feels soft, and is comfortable to wear. i'm generally a s or m in this brand and opted for the medium. the sleeves are pretty long--i have to role them up a bit or they cover half my hand, but that's all right--they look fine rolled. i highly recommend!",5,1,1,General,Tops,Fine gauge
18280,854,45,Beautiful!,"I love that this top is dressy, yet comfy. it is perfect for work and relaxing with friends after. i recommend purchasing this blouse.",5,1,0,General,Tops,Knits
10247,863,39,"Great product, not so great fabric","I love this brand, i literally live in their tops.. this one is a bit of a disappointment. it is made out of fabric that feels cheap, reminding me of a tissue tee instead of the normal thicker quality of all their other products. it's very thin, and see through. unless wearing a camisole/slip underneath, you have to have the perfect bra and pants situation going on underneath- no muffin tops or back fat!!i got the black, and am keeping it only because i love the design, need a black top desperat",2,0,10,General Petite,Tops,Knits
19920,872,63,,Just gorgeous . this is one beautiful top. the colors are pretty and vibrant. i wear either a large or xl and the large was great in this top. dress it up or down.this top flows and it drapes beautifully in the back. it looks fantastic with jeans. as a bonus it is lined so no need for any type of piece under it. it's an all year round top. throw a cardigan or wrap over it when the weather cools down and you are set to go. a great top for your wardrobe . i would not hesitant to buy it.,5,1,2,General Petite,Tops,Knits
4488,1095,49,Funky plaid!,"The moment i saw this dress, i knew i had to have it. the plaid is beautiful with tones of red, blue and periwinkle. the photos on the website are very true. the unexpected pockets make it even cuter. i also got the sandals as pictured because i love the whole look. i an 5'5"" and usually wear a 4 or 6. i got the small and then wondered if it were too big. i ended up going back and trying on the extra small, but it turns out the small was correct. it should hang and drape and it not meant to be f",5,1,4,General Petite,Dresses,Dresses
16423,829,51,Really cute top,"Love this top! got it in white for a recent trip to paris - felt chic and cool during a bit of a spring heat wave in the city of lights. it runs somewhat small - i'm 5'7, 128 lbs, broad shoulders, and got the 6. my usual 4 fit but was a little snug. i would recommend going up in size in this style. the 6 looked better because it is supposed to be a boxy, swingy top.",5,1,1,General Petite,Tops,Blouses
4925,872,39,Nice detail,This top turned out to be better than expected! i'm a large girl and the length is enough to cover my hips and the shirt it not tight at all. the embroidery details are lovely too. i bought this for a trip to italy this summer because it is cotton and because i consider it to be a classic piece being that it is black and white. one nice feature is this top does not have to be worn off shoulder. it looks just great with the sleeves up.,5,1,37,General,Tops,Knits
10348,1110,36,A stunner,"Gorgeous colors, high quality. my only word of caution is that the top part is very tight. if you have a large chest (c+) this is going to be snug, or not fit at all. i'm wearing it now in pregnancy, but i think it will also look great post-partum. can be dressed up or down.",5,1,0,General,Dresses,Dresses
3598,869,44,My new favorite!,"I can't say enough about this top! absolutely adorable, the pics don't do it justice. it is made of a soft, medium weight jersey material. the lace makes the top more dressey and unique. the drop waiste elongatesy our torso and is loose pleated at the bottom for interest. i am 5'6'', 135 pounds, and long waisted. this fits me perfect (sz small.) the pleated bottom on me begins at low hips (below belly button) so it layes nice and is very flattering. no swing to the top,no bulky extra flare at al",5,1,3,General Petite,Tops,Knits
4180,1001,36,Love this skirt!,This price is amazing and goes with everything! fits great! so glad i made this purchase.,5,1,0,General,Bottoms,Skirts
3136,906,37,Beautiful transitional cardigan,Lovely drape and design. true to size. more of a muted crimson/brick color.,5,1,0,General Petite,Tops,Fine gauge
8272,823,44,Great colors,The larkspur tank is colorful and the embroidered bib is beautiful. the material is soft but not diaphanous. it can hide my little pouch without looking like maternity clothing. love it!,5,1,0,General,Tops,Blouses
13086,1094,37,Very versatile dress,This dress fits comfortably with great fabric and feels sturdy without to much weight. i love the color. the fit would be flattering on many different body types. i would highly reccomend this dress.,5,1,0,General,Dresses,Dresses
1885,1035,41,Just a perfect pair!,"As a lazy one, i have to confess i barely leave any reviews even though i rely on the reviews from others to make my online order decision. yes! i owe a big ""thank you"" to anyone who wrote a helpful and honest reviews here :) and thank you!! now it is my time to pay back to the community. this pair of jeans are just perfect - perfect design, perfect fit and perfect material, soft, cozy and hip with a good spirit.. i don't want to take it off once i put on! i am 108 pounds and 5' 3"" ordered size",5,1,4,General,Bottoms,Jeans
19383,819,42,,"I love this tunic. the fit is just lovely for me--i'm a large busted, muscular shouldered woman who wears a 4-6 on the bottom. the 8 fit perfectly across my chest (34ddd) without horrid, gaping armpits. and the gathered back gives just enough extra fabric so that the buttons do not pull at all in front--not easy to achieve in a button down for a big chested girl! i also love the cut and flow--it is fabulous and hip with skinny jeans and platform heels, but also cute with flat sandals for a day o",5,1,8,General Petite,Tops,Blouses
22133,169,87,,I have these in grey and i love them! they are so comfy. i got them in m/l even though i am a s/m because i like the loose fit. they are very soft.,5,1,1,Initmates,Intimate,Legwear
7141,1005,31,,"Pros: this skirt is a stunner. beautiful, rich color and great quality. the cut is conservative enough to be work appropriate, but the little peek of above-the-knee leg where the slit is makes it interesting and flattering as well.

cons: slightly smelly when it comes out of the bag- i'm optimistic this will mostly go away though. expensive.

fit: i'm 5'8"", 125 lbs, 34b, normally wear a 26 or 27 in pants, and the size 2 fit great. i often wear a size 4 in skirts despite a size 2 fitting fine in",5,1,5,General,Bottoms,Skirts
11786,1079,49,Worth the trouble!,"This is a gorgeous dress, but i did title my review ""worth the trouble"" because of the buttons which a few other people mentioned. i ordered this from the website and when i tried it on at home, a button snapped right in half. my mother put on all new buttons that were stronger but look exactly the same. of course, i shouldn't have to do that to be able to wear the dress, but i love eyelet and was willing. the new buttons cost about $2.00 so not a big deal in the end.
 i agree with another revi",5,1,1,General,Dresses,Dresses
22516,1037,31,Love love love!,I absolutely love these pants! they are my new favorite! thank you :),5,1,0,General,Bottoms,Jeans
21365,850,34,Maeve...has failed on this,"Maeve is one of my favorite retailer designers. usually fall in love with a blouse, only to look at the tag and discover it's by maeve (go figure).
this top is just atrocious though. does nothing for girls with a larger chest. very boxy and unflattering. gorgeous colors though, and the sleeve concept is cute. however, where the sleeve meets the shirt looks cheap and thrown on. not impressed.",2,0,2,General Petite,Tops,Blouses
3388,860,22,Like wearing art!,This is absolutely beautiful. the picture online doesn't do it justice. i slipped this on with skinny jeans in the store and was hooked instantly. fit was a little large. i would have tried a petite but this shirt doesn't come in petite sizes. love this!,5,1,2,General,Tops,Knits
7730,635,28,Can't wear a bra and it is see through,This is a great dress if you don't want to leave the house or you want the world to see your nipples.,1,0,0,General Petite,Intimate,Lounge
9133,622,30,So cute!,"I ordered this in yellow after the size small in store didn't fit. it's such a cute summer top, perfect with cropped jeans! i'm a 32b and usually a size small but had to size down. i could still see the top of my strapless bra in the front so i wear a lacy bandeau with it and it's super cute. because of this though, i wouldn't pay full price so i'm happy it was on sale!",5,1,0,Initmates,Intimate,Lounge
14553,850,48,Super sweet feminine top,"I'm 5'7"" with a 36 b bra size and a size 4 fit perfectly and could not have been more comfortable. one big plus for me is that it is virtually wrinkle free. i purchased the orange which is a lovely muted orange, not neon or too bright and received multiple compliments when i wore it to work the first time.",5,1,2,General,Tops,Blouses
19214,1078,34,Delicate and beautiful,"I've been looking for a dress to wear to wedding this summer, and this is it. the blue color is lovely and the lace overlay is feminine and pretty. i'm small busted (34aa) with an athletic lower body (think, 120-lb marathoner), and the flare of this dress is perfect. i ordered this in a 0 and a 0 petite. the petite size looked little-girl short; the regular size hit just at my knee and was much more sophisticated. the waistband also fell at a more flattering place in the regular dress. i'm on th",5,1,3,General,Dresses,Dresses
13698,824,65,Meets all expectations,This shirt is really lovely. the fabric is soft and comfortable and the embroidery is very well done. it looks great with jeans and adds a little feminine touch to the look.,5,1,0,General Petite,Tops,Blouses
10696,1083,63,My go-to dress for everything,"I love this dress and am strongly considering buying the white, too, but i wish it came in another color other than white or black, because i would get that. goes great for nice dinners, dates, weddings, almost anything. it's not ball-gown fancy, but just fitted and nice enough to wear for work or a nice evening out. only problem i have are with the clips in the front. i have a hard time using the loo because it is very fitted, you have to un clip them and then re-clip, but it's worth the effort",5,1,0,General,Dresses,Dresses
17685,1092,53,Absolutely adorable,"I purchased this pretty printed dress as soon as i spotted it on-line and ordered it in my usual size petite 6 (i'm 5'4"" 34d-27-35) and found it fit me tts and looks just perfect on. i immediately adored all the different prints on this one, the length, the sweet sleeves and waist band and think this will look so adorable with a jean jacket paired with a cute pair of boots this coming fall amd winter. it's a great transition piece that also looks really cute with sandals or clogs as well. also,",5,1,4,General,Dresses,Dresses
14473,480,53,Great shorts,The fitted high waist with the wide legs make for a flattering and comfortable short. perfect length as well! dress up or down. love these shorts and wish there were more colors!,5,1,1,General,Bottoms,Shorts
11717,850,39,Beautiful and soft,"This top definitely drew my attention when i walked into the store. i loved the back and the fabric is super soft/silky. i tried it one and the usual 0 - fit nicely, i don't have petite to compare, or 00, but i decided to stick with 0. it will look so nice with white shorts (or navy# or jeans or even my denim pencil skirt... why i decided to buy it #i really must avoid the store!)

115 lbs for reference...",5,1,22,General Petite,Tops,Blouses
3285,877,35,A cozy peplum top,"I love the look of peplum tops, i think they are very forgiving, and they do a fantastic job of hiding my residual baby weight while still allowing me to look like i have an amazing figure (not washed out figure). i have several peplum tops, but most of them are made out of a thicker fabric and they don't have much movability. i absolutely love this one because it is a more casual design and much more comfortable than i am used to while still keeping the integrity of the peplum design. the fabri",5,1,7,General,Tops,Knits
12323,1022,54,Retailer! please bring these back in black!,These have been a staple for me the last three years. i have owned three pairs of them in black. i haven't been able to find them in black for some time and i need these back in my life!!! please please bring them back!!,5,1,0,General,Bottoms,Jeans
8511,900,39,Draped for downtime,"This is comfy and casual and fun to wear.  moss ombrã© is darker and less ombrã© than pictured, so i wish i had gotten the other color way instead.  i can see myself wearing this for running errands, grabbing take-out and other important things like hanging out on my couch.  definitely size down or this will look too wide & boxy.",5,1,0,General,Tops,Fine gauge
4863,1110,38,,I'm so glad i tried this dress on to see how lovely it is. definitely a keeper!,5,1,0,General Petite,Dresses,Dresses
11502,941,48,Gorgeous but sheds horribly,This sweater is the perfect sweater except for one thing.....it sheds everywhere. i can simply pick up the sweater and shake it in one hand and 40 large pieces of lint go everywhere on the ground and on you. if you like dark jeans- don't purchase. before i walked out of the store- the salesperson had to use a delineator on me- it was hysterical. sheds so much,1,0,3,General,Tops,Sweaters
22371,828,53,Loved this shirt - but only in navy,This shirt is very flattering and drapes beautifully. i am 5'7 175 and the medium fits perfectly. i bought in navy but am disappointed in the other options - i would have bought all of them had they been nice colors but the yellow and orange are really garish and unflattering on any skin tone and the white way too see-through which ruins the visual lines of the top. bummer! but i wear the navy every day so give that a thumbs-up.,5,1,17,General,Tops,Blouses
5128,873,31,See through,"This white shirt is very thin esp in the front and see through - i would have to wear a cami underneath unless i wanted people to see the outline of my bra. it seems very flimsy and poor quality, even at the sale price. disappointed and will return...",2,0,0,General Petite,Tops,Knits
19129,1121,38,Perfect!,"My only complaint is that there is no lining. it also came very wrinkly and i need to figure out how to steam it.

however the fit is perfect (tts) and it is so very flattering!",5,1,1,General,Jackets,Outerwear
387,936,62,Beautiful!,"This sweater is of nice quality and has such great detail to it - love the pattern to the knit and the ribbon detail is unique and beautiful. the knit itself is of mid to thicker weight, so definitely appropriate for winter, fall, and cooler spring days. i bought my normal size small and felt like it had more of a slub fit than pictured in the model shot - it was wider down the torso and a little shorter (not tunic length like picture). i'm 5'7"" with a longer torso and this hit maybe mid-bum and",5,1,9,General,Tops,Sweaters
4140,648,62,Cute and practical,"These are fab as always with pure good printed leggings. bright, beautiful print, great quality fabric, and flattering. goes with lots of color tops too! took my usual size s (4/27 in bottoms) and found them perfect.",5,1,3,Initmates,Intimate,Lounge
11038,830,51,Beautiful top,"This top is absolutely gorgeous! it fits true to size to slightly large. i'd say size down if you are between sizes. it has a nice weight to it - not too heavy, but for a winter season top - it is not too thin. colors are as pictured. i can pair this with black pants or with skinny jeans. it is a top that i will wear for years to come.",5,1,8,General Petite,Tops,Blouses
13145,1078,63,Great first romper,"I've never owned a romper, and never had any desire to. but the classy design in black, soft, flowy fabric reeled me in, prompting me to push my boundaries a bit. i'm so glad i did. i don't think i have any other piece of clothing that makes me feel so classy or so fun, and certainly not at the same time. i wear it to work in an office environment with a cardigan, and the cardigan goes off after work as i run errands or play with the kids. i love it!! (and it even has pockets - i'm a sucker for",5,1,2,General,Dresses,Dresses
6404,1082,62,Cute lbd,"For anyone who loves lace. it fits pretty true to size. the size m length hits just to the top of the knee. i' 5' 4"" tall. to lighten up the dress just a little so that it does not look as some have said ""frumpy"" i hemmed the liner so that the liner hem is half way up on the ruffle. this makes the dress look less heavy, more fun, and repeats the openness of the lace on top. love this dress! will be wore a lot for summer evenings out.",5,1,0,General,Dresses,Dresses
16274,819,22,This top is great!,This top is so flowy and has a great fit! i can see wearing it lots of different ways. it could definitely be dressed up or dressed down.,5,1,2,General Petite,Tops,Blouses
5671,861,34,,,5,1,0,General,Tops,Knits
1088,1099,41,Gorgeous!!!,"I saw this dress on line and knew i wanted it for the spring/summer season. i ordered it almost immediately and i am so glad i did. the photo on the website doesn't do it justice, there are a lot of pretty pastel colors in the paisley pattern that you just can't see on the computer screen. the wrap styling is a very flattering cut for most figures especially hourglass figures like mine and the dress fit's tts (for reference i am 5'9"" and a 36ddd). the silk material is very light and flowy and wi",5,1,3,General Petite,Dresses,Dresses
17613,966,26,Love and hate.,"This is a beautiful vest. i love the color-blocking, the modern and structured style, and its versatility.  i bought it with a defective item discount because there were some stains. i promptly took it to the dry cleaners and was informed that the black would bleed onto the white paneling if they did a full wash. they spot-cleaned it, and it did bleed. although the tag says to dry clean this baby, the black dye will bleed to the white fabric. i'll be taking it back into the store today for a ref",2,0,0,General,Jackets,Jackets
8059,1078,46,Wrinkled!,The dress arrived wrinkled so i washed it and pressed it. it looked beautiful until i sat down. the entire dress was wrinkled and it looked terrible all day. can't wear this again.,1,0,0,General Petite,Dresses,Dresses
5578,974,43,Frankenstein experiment gone wrong,"This jacket looks like such the statement piece online with the soft focus lens, but in reality...meh. i think the pattern is gorgeous and would have worked without the studs. and the studs are unique and would have worked on a simple solid color. but put them together and you have the unwanted love child of a laura ashley bag and a marching band jacket. to me, it all felt more cloying than clever.

the quilted fabric and boxy cut of the jacket also makes it unwieldy and uncomfortable. since i",2,0,5,General Petite,Jackets,Jackets
19181,1080,41,True to size,"This dress looks better when wearing, i am 5.8 regular size s or 6. cup 34 d and fits perfect. length and width. in the front is shorter while the back has that pretty extra length. the video that is showing here is pretty much the full length.  but in case you need to adjust you can shorten easily. i wish the slip is the same length as the dress. i want this dress for a wedding anniversary by the beach so i will need to add some extra fabric. i hope it helps.",5,1,0,General Petite,Dresses,Dresses
21012,895,63,,"Purchased this in the blue color in the store today. honestly, if i had just seen it online i would not have given it a second look. it really is beautiful in person. the bell sleeves are delicate as well as the pattern throughout the sweater. it fits true to size. i would wear it open with a colorful tank underneath. perhaps if you are very tall and very thin you may opt to hook it closed. the sizing is perfect, it flows and i really have to say you must see this in person to really appreciate",5,1,12,General Petite,Tops,Fine gauge
20166,1008,28,,,5,1,0,General,Bottoms,Skirts
21247,1092,53,Le sac,"I have been struggling to find a nice flowy summer dress that isn't too short. i am petite but do not like to wear my dresses too far above the knee, so i ordered this in the 00 regular. this dress was not what i expected. it is not flowy, but rather a heavy and stiff fabric. it is also way too wide. it looks like it can't decide whether to be a box or a bag. it is also shorter than advertised. last thing to disappoint was the color - darker and more muted than the photo on the website. i can't",2,0,5,General,Dresses,Dresses
3620,854,41,Fit,"I loved the design and light weight quality. reference i'm 5'4, 125..i ordered a small, it's a tad big but i can handle it. because of the neck line, you must wear a strapless bra.",5,1,0,General,Tops,Knits
9061,861,56,Love this shirt,"The fabric is thin, though. you better wash it in a bag or the washing machine will tear it up!",5,1,0,General,Tops,Knits
5994,839,48,Buy this shirt before it sells out,This was the best purchase of the summer. it's cute and comfortable without being too baggy/loose. i get compliments every time i wear it. fits true to size. i bought the floral (orange) one. couldn't be happier!,5,1,0,General,Tops,Blouses
21859,825,26,Beautiful tunic!,"I am absolutely addicted to tunics. so, when i saw this on sale, with an extra 30% off, i went for it. i'm glad i did! it's absolutely beautiful. i love the opposing stripe patterns, the hi-lo feature (very subtle), and the tie back. so cute!

if you're petite like me, though, you may want to wear something underneath--it does cut a bit low in the chest area.",5,1,0,General Petite,Tops,Blouses
20546,1053,62,So comfy,"Bought the tan/taupe joggers today in asheville. so soft and comfy, will probably go back for navy ones. i found them true to size. will be a great, cute addition to my summer wardrobe.",5,1,1,General Petite,Bottoms,Pants
9384,1059,41,Very unique and flattering,"I tried this on as a fluke.  i work at retailer and like to see the fit of everything so i can talk about it with customers.  
it is so chic!  it makes your butt look amazing!  i tried it on with nude booties, but i could also see it with a great heeled sandal, or flats.  don't overlook this beauty!!",5,1,4,General Petite,Bottoms,Pants
5670,830,35,Super cute summer top!,"I just got this top in the mail and love love love it! i thought it was on the pricey side for a shirt, but couldn't help but purchase it full price because i love anything pineapple print! the metallic print is cute and chic from day to night. i also love the open shoulders, making this design different and perfect for summer. i'm only sorry that i didn't see this top online until i already returned from my vacation in maui! very comfortable and easy, worth the price!",5,1,1,General,Tops,Blouses
14663,863,44,Love!,"I love wearing this so much! i wear it with leggings, jeans and i also like to pair it with is a long linen skirt that i have. i purchased it in plum and then went back for a second in moss. i got them before they went on sale for fear they'd be out of my size. i am very happy with my purchase! i highly recommend.",5,1,0,General,Tops,Knits
17725,1077,30,Perfect for summer nights,"I was very impressed upon receiving this dress. i'm 5'3, 102lbs and ordered xs. fit perfect. i am also a 32dd, so if you are smaller than a d or big c, the top portion might be a little big for you. love how it is lined so you could technically wear without a bra. i bought the tangerine and have gotten many complements.",5,1,0,General Petite,Dresses,Dresses
17375,912,23,Comfy chic,I got the black in an xs and it fits wells. its a bit warmer than i expected. i love the design of this sweater! perfect with leggings.,5,1,2,General,Tops,Fine gauge
2990,862,33,,Wish i would have read the reviews before i purchased and wore two of these. washed as directed and same outcome as everyone else. basically unwearable unless i maybe use it for a nightshirt. the shrinkage lengthwise was ridiculous. glad i didn't buy every color like i had planned to do!,1,0,0,General,Tops,Knits
309,1104,56,Stunning...,"I purchased the navy color of this dress. not only did it look good, but felt good as well. since it is for a wedding, i also purchased a white crochet cropped ""sweater"" to wear over as well, making the perfect dress for the mother of the groom. could not have been happier.",5,1,0,General,Dresses,Dresses
13327,1038,56,Freshly fashionable & comfy,"I just bought these jeans today & i absolutely love them!
i usually wear a 25 or 26 in any jean depending on the fit. i bought these in the 25 regular & they fit so perfect. they definitely are not a legging fit nor are they a baggy boyfriend style. on the tag these jeans are described as a girl fit - slim with a dash of ease. that describes the fit of these perfectly. they are not tight & not baggy at all, just a bit of ease - at least on me. i am 5' 5"" & the regular length is perfect. the fab",5,1,6,General Petite,Bottoms,Jeans
12369,868,38,Comfy and pretty and run 2 sizes too big.,"I'm always an xl in retailer blouses, and to be quite honest sometimes the xl are too tight to keep. however, in this blouse the size medium fits me like a normal size xl would, meaning i had to go down 2 sizes. even at size medium the blouse is still very loose and flowy. the body is cut like a trapeze a-line, so very forgiving. the fabric has a lot of stretch to it, so the arms aren't tight. the fabric is very comfortable and the lace detail is nice. just a heads up for anyone who would c",5,1,9,General,Tops,Knits
16640,930,38,,"Beautiful piece, very well made and drapes well!!! i love it!!!! runs a little big, i'd go a size smaller.",5,1,2,General,Tops,Sweaters
9420,1094,54,,I absolutely love this dress! the pictures don't do it justice. the colors and details are stunning! i have only worn it once this far but received a ton of complements.,5,1,2,General Petite,Dresses,Dresses
8760,1151,35,So happy with purchse!,I wasn't sure if this dress would hang correctly on me and make me look shapeless but i'm so happy with it! the fabric is so comfortable and the tie in the back really helps draw it in so my waist is defined. the length is great and it's super comfortable but looks polished!,5,1,0,General,Dresses,Dresses
2268,129,46,Super comfy,"So cozy and warm, great for the cold nights!",5,1,0,Initmates,Intimate,Sleep
16966,984,30,Adorable comfy jacket,"Love this jacket! saw it in the store and waited a few days before breaking down and buying it in the peach color. glad i did as it sold out super fast. it's soft, flattering, versatile, and has great detail in the stitching. perfect layer for fall. i'm usually a large, sometimes medium in hei hei jackets and the large fit very comfortably with room for light layers underneath. the style is a little boxy and slouchy but the fit in the shoulders and elastic ribbed waistband give it a flattering f",5,1,1,General,Jackets,Jackets
2606,1110,44,Hourglass figure gals rejoice,"This dress is very feminine and flattering on, especially for hourglass figure gals. i usually wear size 4 regular in this brand but i sized up to 6 regular (i'm 34b, 26 waist, 36 hips). when it's very fitted on top, i like my dress to be a bit longer. the bottom hem falls about 2 inches longer on me than shown on the model (i'm 5'2""). it feels tight when first zipped because the dress is cut to fit the curves of a woman, but it loosens up after a few minutes of wear. the design of this dress is",5,1,2,General Petite,Dresses,Dresses
9077,1123,31,Awesome jacket!,"A friend of mine has several of these jackets and i always asked ""where did you find that from?"" the answer? retailer vegan leather jackets! i bought 2 when they were on sale and i love both (grey and dark brown/purple). they are super comfy and surprisingly warm. can dress up or dress down for any occasion. i can't wait to buy more!",5,1,0,General,Jackets,Outerwear
6331,872,41,Big armholes!!!,Ordered this in white and the peachy color- the armholes were gaping. not well designed. i don't recommend this tee at all.,2,0,0,General Petite,Tops,Knits
1387,1081,55,Classic,"Comfortable material, fits true to size, love the color and can wear all year round. selected this dress for a fall wedding and its a keeper!",5,1,1,General Petite,Dresses,Dresses
17125,907,63,Beautiful sweater,"I was excited to see this sweater in my local store. i have been coveting it online. it was just as pretty in person as i hoped it would be. 
the color is vivid and beautiful. i loved the buttons down the back. 
i usually wear a size small but they only had an extra small. i tried it on and liked the way it fit. i wanted a snugger look. i think the small would have worked too, just a looser feel.
the fabric is very soft. now just waiting for cooler weather so i can wear it.",5,1,1,General Petite,Tops,Fine gauge
10181,881,61,Perfect top,This top is so cute it's my go to top. dress up or down looks really cute with skinny skirt. i have the ivory and just ordered the dark grey. one great thing this top has pockets. i would buy this in many colors if i could. yes it's full but a cute full. but i love full tops. i think this is true to size it's not tight and i don't think it would be as cute tight. i actually like mine on me better than the one on the model.lol washes like a dream and you can dry it in the dryer.,5,1,0,General,Tops,Knits
9988,1110,30,Cute and comfortable,I just received this dress after ordering it online and i'm already in love. the fit is perfect - i tend to have issues with bust areas of dresses being too small and this fits just right. the material is light and perfect for southwest florida.,5,1,3,General,Dresses,Dresses
10580,1080,34,Ah-mazing dress!!,"Just bought this for easter and it fits beautifully! not only is the cut very flattering, but the colors and fabric are perfect for spring!",5,1,2,General Petite,Dresses,Dresses
7702,1009,26,Just as expected,"Had been eyeing this for a while. print is beautiful in person, just as pictured. tts fit (size 8, 5'7"", 150#, pear shaped). comes within a couple inches of my knees so long enough to wear to work.",5,1,0,General,Bottoms,Skirts
5642,1099,50,Cute and comfey,"This dress is cute and comfortable. big but not too big, skimming. i usually wear a 12 pant and bought a medium and it is great. i am on the taller side and the length was great too.",5,1,0,General Petite,Dresses,Dresses
10961,1086,25,,"I love the fit of this dress! the fabric is thick and the shape of it is so adorable. i usually don't like bright colors, but i got it in red and it's just so charming. can't wait to wear it out!",5,1,0,General,Dresses,Dresses
17353,551,62,Treasure,"This jacket is a real treasure and i could never have seen how substantial the embroidery is from the photo. also from the pic the jacket looks like a thin cotton, but on the contrary it is a wonderful weight with a feel like denim. the embroidery is a wonderful texture like heavy string or thin rope so it really has dimension... . i loved it so much i got the sweatshirt also by the same designer. can't wait until cooler weather so i may live in it! also when you have it on for a bit it seems to",5,1,2,General,Trend,Trend
6625,863,67,Cutest top,"This top is another winner from left of center! i love swing tops and this is just adorable. fitted through the sleeves and top portion, it drapes nicely in a very flattering way without looking ""maternity"". i love the rayon on the upper back which adds interest and a slight contrast. i purchased it in the gold color which is beautiful and the fabric is light and very comfortable. in my opinion it runs large. i'm usually a sp but ordered an xsp for a more fitted look but it still looked big for",5,1,3,General,Tops,Knits
19451,895,20,Great peplum,"I can't believe how much i paid for this top~got free shipping special; so worth it. i ordered the blue and i love it! size small fits perfectly. i am into peplum tops lately, they are so flattering with highwaisted jeans. i usually wear a size 4-6 in retailer.",5,1,7,General,Tops,Fine gauge
13149,936,37,Love it!,"Just purchased it in store - very soft and cozy, great neutral color too. i am usually s, but bought it m just to have it slightly oversized.",5,1,1,General Petite,Tops,Sweaters
18695,899,44,I love this sweater,The medium fits perfectly. it's not too long or too short. the feel of the fabric is soft and not heavy at all. i love the detail in the bird too. it bright and colorful. overall a great buy!,5,1,0,General,Tops,Fine gauge
12277,377,21,,"I got one of these tanks, and went back and bought two more online. i have the gray, green and white. the white requires a undershirt for me, but that's no problem. the shirts are darling, they're under activewear and i think they could be used that way, but i definitely don't. they're simple but have a nice flow, and the front and back are perfect. i love the material and the colors. i would buy more if there was more in more natural tones, i don't love bright colors but i love the green, white",5,1,0,Initmates,Intimate,Lounge
10838,1110,39,Someone please trade me your medium,I've been craving this dress in the brown pattern for a while and should have jumped the gun before the sale. so now i was left with size sp and i look like a fool--like i'm trying to wear a top from junior high and pass it off as a dress. my shoulders,5,1,0,General,Dresses,Dresses
5669,831,33,"Fun, neutral layering piece","This top is a great neutral layering piece with some nice visual interest. the black-and-white pattern and tie-neck style will add a little something to a cardigan or blazer. the neck can also be tied multiple ways. it's definitely appropriate for work and i found it tts. i normally wear a 10/m, and took an m in this top.",5,1,6,General Petite,Tops,Blouses
11309,986,43,,"This is a beautiful kimono but just isn't made well. the one i received already had a couple small holes and a pull in the thread that was very noticeable. after reading the additional reviewer who wore it an hour and it was already pilling, it is going back for good. such a shame!",1,0,14,General,Jackets,Jackets
1310,875,65,Order down a size; sooooooooooooo cute!!!,"This shirt runs large, so order down a size. it is comfortable, cute and great for transitioning from summer into fall. adding jewelry really dresses this top up. can't wait to layer it with kimono, vest, pashminas or wraps. great with sandals or boots. glad i bought both colors. it looks much better on, than in the photo/on hanger. great purchase and can't wait to wear!",5,1,1,General,Tops,Knits
12807,1008,74,Great twist on a pencil skirt,"I love the style and quality of this skirt. the material is a bit heavier than anticipated, so it works well in cooler months, and the thickness makes it easy to wear a shirt underneath. it fits true to size - my usual 6 is form-fitting without being overly snug or pulled.

i am on the taller side, and the skirt is fairly long - it comes to the bottom of my knee.",5,1,0,General,Bottoms,Skirts
19831,875,33,Really beautiful material,"The material is very soft and the lace has a beautiful design. it looks very elegant and romantic. you will need a racer back bra to wear with it though, because of the design of the straps. it is very flowing and i think the cut is flattering. the material in the back is slightly transparent so you might want to wear a tank underneath. overall, very pretty and i would highly recommend. (i purchased the white and yellow version.)",5,1,0,General,Tops,Knits
14646,332,49,Love it,I love this short. i normally wear size 10 this short just bit larger than average 10 .it is not to short not to long just perfect.,5,1,0,General,Bottoms,Shorts
852,1078,41,The perfect fall dress,"Ordered this dress online and wasn't sure about the criss-cross neckline feature but i love it! it's absolutely adorable and unbelievably comfortable. the fabric is very soft and lays nicely without feeling too ""baggy"" or frumpy. the embroidery is beautiful. i'm wearing it to a fall event in october and pairing it with my favorite cowboy boots, but it would also look great with flats, heels or booties. totally in love with this dress!",5,1,5,General,Dresses,Dresses
15641,828,59,Snag this before it's gone!,"Great news if you missed out on this tank last year! this s the exact style and cut as last season's buttondown tank released by c&s. 

super flattering fit, not too poofy. it *is* semi-open in the back and the slit goes as high as the last button. super sweet for summer and goes with virtually everything. i reeeeally wish they had this one in more colorways. it's grrrrr8!

for reference i'm 5'6"" 103lbs 34a 25 in jeans and i tried on an xs. last year i purchased an xxs petite and it fits exa",5,1,9,General,Tops,Blouses
18707,872,33,Not your grandmas cardigan,"Love this!!! 115 lbs thin arms, the xs fits perfect. it's very flattering and has a boho vibe bc of its length. the arms are a little snug but in a very flattering way. haven't worn it enough yet to experience any pilling, but crossing my fingers. the cream is a really pretty pale oatmeal color imo. the grey is a black/grey speckled look.",5,1,0,General,Tops,Knits
3543,1077,62,Easy everyday dress!,"Just bought this in navy and love the easy versatility of it! the other colors in the print (including some black) can be worn as is, with a cardi, denim jacket, leggings/tights and boots, etc. i found the fit to be somewhat loose in my usual size 4, particularly in the chest (i'm 34a), and length was long enough to not need leggings in spring/summer (at 5'7""). the neckline is cut somewhat low, but retains modesty in my opinion because of how narrow of a v it is (don't feel need for cami). very",5,1,1,General,Dresses,Dresses
7912,877,59,Love this tee!,"I purchased this tee in the neutral motif. i love it, it is comfortable and it's linen (my favorite fabric) it drapes well and the birds on branches with blossoms and fruit on the side are a beautiful understated touch.",5,1,0,General Petite,Tops,Knits
17325,1047,30,Poor quality - seams split,"I purchased these pants while on vacation because i thought they'd be the perfect addition to my comfy travel wardrobe. on my second wear, i happened to be on a long-haul flight when the entire side seam split about a food long on my upper, outer thigh. luckily i'd packed a back-up dress. the pants weren't tight at all, but the seams wren't strong enough to handle a little pressure from sitting i guess. poor construction. i would not recommend these.",1,0,1,General Petite,Bottoms,Pants
4490,1095,47,Beautiful dress,This dress was exactly what i wanted. great material. cute pale blue slip lining the dress. i ordered a medium and it was perfect. i am about 5'6 and about 145. i received compliments all day on how cute it was,5,1,2,General Petite,Dresses,Dresses
3155,506,41,Comfy summer pajama pants,"Like the last reviewer i saw these pants in the store and decided to give them a try. i'm glad i did because i absolutely love them and they were the last pair on the rack. the fabric is nice and light, perfect for warm summer evenings and the pattern is really pretty almost like a watercolor painting. this is my third pair of sleep pants by elouise and i absolutely love them all.",5,1,0,Initmates,Intimate,Sleep
16921,927,37,,I adore this sweater....  so happy that i was able to get one.  get random compliments from strangers all the time!,5,1,0,General Petite,Tops,Sweaters
14589,1074,35,,"This dress ran large on me. i am a 10, sometimes an 8 but went with the 10. it just hung on me, giving me no shape. the colors are pretty and the dress was nice, but i expected it to wow me more for the price. sending back, may try again if the next size makes it to sale.",5,1,2,General,Dresses,Dresses
4316,1078,46,Extremely awkward,"I bought this online so didn't realize that the fabric at the bottom is very, very stiff. i was expecting something silky, or at least on the softer and more moveable side. the best description i can think of is an overly starched mens dress shirt. that being the case, it kind of juts out in weird places. the sweater part is very nice, but it is somewhat closer fitting than what it seems in the picture. the fabric bottom is too ample for the slimmer design of the sweater which just adds to the o",1,0,9,General,Dresses,Dresses
7743,886,41,Very flattering!,"I bought this shirt because i needed something lighter to where in autumn and needed to layer. i wasn't expecting so much out of a tshirt. the material is great. it's comfy and oh so flattering on any figure. i ordered the green one, and it was greener in person than online, but a very lovely color. it layers great, and is longer than expected. almost dress length. i'm not a tights wearer, but it would definitely go great with tights or leggings, and it worked fabulously under a wrap. great prod",5,1,0,General Petite,Tops,Knits
9697,1077,29,Dress up or down,"I don't usually write reviews, but i loved this dress in the store and would have passed it right over online. the skirt is a charcoal color and the top is an antique white. it gives the appearance of a separate crop top. i would usually wear a small (5'2"" and 125 lbs.). i'm wearing a small in the photo, but ended up going back for an xs. the dress could go more casual with flats or boots and a scarf, or dressier with heels and jewelry. i think i'll get a lot of use out of it.",5,1,1,General,Dresses,Dresses
19513,866,48,,,5,1,0,General,Tops,Knits
10671,1083,28,Great lbd!,"This is a very flattering dress that is perfect for those little black dress occasions. two other people in my family own this dress and love it, it's now my turn to add it to my collection. the dress is quite long for my 5""6"" frame, so i have reordered it in a petite size for a little better fit and length. the lace is very detailed and the nude slip underneath keeps the lace from being too revealing. very elegant, a little chanel like. and by the way, the belt is included, as another reviewer",5,1,0,General,Dresses,Dresses
13032,1081,60,Great to wear over tights,I love this dress which for me will double as tunic over leggings/tights. the fabric is very comfortable for fall into winter for southern california and looks super cute with booties or boots. this will be a mainstay of my wardrobe.,5,1,2,General Petite,Dresses,Dresses
5795,1049,60,Quality produbt,I ordered top and pants online as seen. pants are of good quality and hang beautiful.  i love the color and quality of the fabric. nice and vibrant. nice fit at the top into a flowy drape. the top runs big and glad i ordered down one size. love the outfit for my upcoming island trip.,5,1,0,General,Bottoms,Pants
2621,1111,33,,This dress is amazing. it is comfortable with great fabric and very high quality. if you have a lot of curves it may not be the best dress as it has no give and flows straight down from the shoulder.,5,1,1,General,Dresses,Dresses
8817,936,39,Soft and cozy,"It's soft and not itchy at all (itchy sweater is my all time nightmare). the design makes you feel like a snow princess. i am 5'3, 120lbs, 34dd bra and take this in size small.",5,1,0,General Petite,Tops,Sweaters
9653,1077,60,Simple fun dress,"This dress is just right for weddings and all-
it fits nicely-the skirt makes it fun and it feels so comfortable-it
is just a perfect solution for fun evening dress-
i always carry a camera to weddings and this will be so great to
wear while i am taking photos.
it looks current but easy to move around in-",5,1,0,General,Dresses,Dresses
13057,936,38,Another win,"I stopped into retailer the other day for some ""window"" shopping and as soon as i saw this cardigan, it was love and i had to try it on. the sleeves run long on me but i'm on the shorter side so it was to be expected. everything else about this cardigan is amazing. i ran errands yesterday and it was the perfect weight for our cooler autumn weather. love this cardigan.",5,1,14,General Petite,Tops,Sweaters
13419,864,27,Love,There's a free people version of this top and this by far surpasses the fit of it. i'm 5'3 and purchased the xl and it fits me exactly like the model. i would say it is tts and extremely soft.,5,1,0,General,Tops,Knits
11761,907,33,Fun find,"I hadn't seen this sweater/jacket online or in store before shopping today. i purchased the ivory. it fits without being bulky whether or not it is zipped. great fit- true to size.the asymmetric zipper is a stylish detail. the pockets are well placed also. it is a perfect spring weight jacket or, i suspect, a comfy fall to winter sweater.",5,1,2,General,Tops,Fine gauge
11507,941,28,Pretty blush sweater for fall,Pretty blush color that is still neutral enough to wear with just about any outfit. runs true to size imo. can't wait to wear it this fall/winter.,5,1,1,General,Tops,Sweaters
1738,984,55,Love this jacket!,This is going to be my go to all season. looks great with a sweater dress and boots also looks great with cords!,5,1,0,General Petite,Jackets,Jackets
15352,1086,66,Well designed,"Love cloth and stone. this dress looks and fits exactly as pictured. soft and casual, with great design details.",5,1,13,General Petite,Dresses,Dresses
21885,1203,30,Perfect layering tank,This is a great layering tank that is super comfy! the sale price is a bargain!,5,1,0,Initmates,Intimate,Layering
14446,1028,46,My new go-to throw-back jeans!,"These beauties offer such sweet respite from low-rise skinny jeans -- hallelujah! absolutely love the high waist and elongated line. i'm 5' 7' and the 25 are a great fit. very slimming, and already i've dressed them down with an off-the-shoulder top and wedge espadrilles and dressed them up with a silk blouse and heels. the design is very retro-fabulous, the quality top notch. love these and look forward to having them as a ""forever"" staple in my denim repertoire. i've been searching far and wid",5,1,6,General,Bottoms,Jeans
17587,860,53,Cute and comfy.,Great fitting longer tee. comfortable and light. longer short sleeve a nice change from cap sleeves.,5,1,1,General Petite,Tops,Knits
22421,868,84,Wanted to love,"I wanted to love this shirt, but was very disappointed. i had read other reviews and still ordered, but wish i would have listened. the shirt looks nothing like photos online and is extremely boxy and unflattering. had to send it back.",2,0,0,General,Tops,Knits
7817,867,57,Ribbed cardigan,This cardigan looked great on line but it is one of the worst things i ever ordered at retailer. the quality is awful and the material feels flimsy and cheap.,1,0,2,General Petite,Tops,Knits
17703,1095,49,Lovely dress,"Dress is made from a light-weight linen and is lined with a separate slip. high quality with nice details and tts. sleeves are average length. length of dress feels appropriate on my 5'8"" frame. hook-and-eye closure at chest area to keep buttons aligned is a quality detail. i think this is a lovely dress that can go from work to play.",5,1,11,General,Dresses,Dresses
15738,865,37,Great style!,"Just picked this up at my retailer and i just love it. its totally different than your typical tee. the bottom is more of a blousy silk material and the top is a super soft knit. it lays really well and is long enough to wear with leggings! my favorite part is the t strap in the back. such a beautiful detail and so much fun. my only criticism with this top is where it hits on the bust. im a little more full figured, so the top looks better on me when the silk part isn't under my boobs. kinda have",5,1,2,General,Tops,Knits
15600,867,33,Gorgeous,"I love this top. the wine color is beautiful, the fabric is soft, the details are pretty, and it fits perfectly. it is long, and will likely look best with leggings or skinny pants and boots.",5,1,0,General Petite,Tops,Knits
13484,1094,28,Alicia,"I ordered the black and white version online, and the dress fit perfectly. it was very well-made with a nicely textured, heavier cloth, and the overall appearance is very classy. it is a versatile dress, and i would highly recommend it!",5,1,5,General,Dresses,Dresses
5247,871,28,Great concept poor quality,Even on sale sale...this tank is not worth the money. the design in the back is adorable & would expect it to be so much better quality but the fabric is flimsy(think old man white tanks that come in a pack) completely see through and lack of shape..i wanted to love this but definitely photographed significantly better than actuality!,1,0,0,General,Tops,Knits
5668,861,45,Lots of compliments,"I got the black in size small. i love this easy, breezy and comfy t. i love that it's different and can wear with anything. the shirt is more flowy vs fitted which i like. i wish they had more colors! i could see myself wearing this shirt a lot this summer. 

i'm a size 2 and bought a small.",5,1,1,General,Tops,Knits
10820,907,60,Didn't work for me,Seemed pretty shapeless which surprised me because of the design. perhaps it was just too big. returned it.,1,0,0,General,Tops,Fine gauge
1596,1059,50,I love them!,Love these pants. the design is totally different and that is what i love! i paired these with the velvet red shoes from this site - also on sale. for me these ran true to size.,5,1,0,General Petite,Bottoms,Pants
19344,1081,57,Great,"Bought this in navy in the spring and this fall in green. i am 5'10"" and 57 with very long legs and they are too short to be work appropriate as a dress, at least for me. i wear both with leggings, short boots and a variety of jackets and love them. they feel like butter against the skin and are incredible comfortable. recommend. for reference i'm about 157# and an athletic/straight build and bought m in the blue and l in the green. go figure.",5,1,0,General Petite,Dresses,Dresses
75,845,48,Very very cute but a lot of fabric,"I am so drawn to baby doll and boxy shirts so i immediately tried this on in the store. i am petite and only 5'2"", so usually shirts with a lot of fabric swallow me whole but this one was still cute. there is a lot more fabric than the picture lets on, but i think it is still super cute and flattering. i would definitely check the size chart and read comments to see if someone with your same size description has recommended a specific size for your body type. i am petite and weigh about 110 lbs",5,1,5,General Petite,Tops,Blouses
13456,1099,42,Adorable,"This dress is really flattering on. fits true to size. perfect length, i'm 5'6"" & dress hits just a few inches above my knees. it's simple, yet versatile seasonally. right now i plan to wear it with booties & sandals in the spring.",5,1,5,General Petite,Dresses,Dresses
1592,878,51,,"I love sundry clothing. this lightweight fleece is the perfect weight. it keeps you warm enough when it's cold, but not hot when it is milder. it's super soft with nice embroidery. size 1 is a great fit for my 5'1"" frame. wear it to hang at home or to go out.",5,1,1,General,Tops,Knits
22786,335,37,Wearable art,"Love, love, love these leggings! a soft, colorful, comfortable way to show your artistic flare.",5,1,5,General Petite,Intimate,Lounge
12246,1078,47,,"This dress does run large, but i'm wearing it loose and flowy. bought it for desert trip music festival, with booties and a hat or headband, very hippie chic. my husband thinks it's adorable! the prints are darling.",5,1,0,General Petite,Dresses,Dresses
2058,862,57,,"Love this layering piece! a little low cut for my personal comfort, but a tank underneath works great.",5,1,0,General,Tops,Knits
14853,940,44,Hip sweater,So stylish. i have gotten tons of compliments on this sweater. i absolutely love it!,5,1,0,General,Tops,Sweaters
13066,1078,42,I can wear a jumpsuit?!?!,"I never would have thought that i could wear a jumpsuit and it actually look good on me, but this is it!!! the fabric is weighted some so it lays very flattering and is very comfortable. the sash can be tied several ways-front, back, or side. i will be traveling in this to the beach and pairing it with an retailer wrap, and then wearing it alone with sandals once we exit the freezing airplanes. a racer back bra works great with this piece and the pockets are an added bonus. it looks like a d",5,1,2,General,Dresses,Dresses
7412,820,61,,"The fabric is a little stiff, the back looks unusually long compared to the front, and it fits tight across the chest. and i'm not busty so that's not a factor.",1,0,0,General Petite,Tops,Blouses
12888,841,60,Dissappointed in this blouse,"When i saw this blouse online i thought it looked like a great combination of casual with the elegance of an intricate print. i was so disappointed when it came. the print is not centered in the front or the back. it looks like they were trying to save on the material and just cut it out wherever with no thought to symmetry. for this price the detail of centering the design was expected, especially because this is how it appeared in the picture. loved the blouse, but i will be returning it becau",2,0,11,General,Tops,Blouses
4643,963,48,Light weight but super comfortable,"I bought this to wear in the warm climates, when you go indoors it is always freezing. i also travel a lot and wanted something light weight to wear on the plane and airport. wore it the first day all day with jeans and top. lots of compliments. i was worried that driving in the car, it would get torn or snagged. didn't! loved it so much, going to by another one similar and have on again!",5,1,6,General,Jackets,Jackets
22254,862,44,Lovely top,"I adore this top. lovely color, fit is very flattering. can dress up for work with a skirt, or down with jeans.",5,1,0,General,Tops,Knits
6493,1020,33,Cute skirt!,"Great skirt, fits as expected. very cute, can be dressed up or down. i love the pockets!!",5,1,0,General,Bottoms,Skirts
16138,1083,26,My new favorite dress,"I love everything about this dress. the patterns are gorgeous and the mixture of fabrics and textures are so unique that they make such a beautiful statement. i got this in a 0p after reading review, and am usually a 00p-0p. the dress fit a bit baggy on me but if i can find some way to tighten the belt it would definitely still be wearable. i agree with other reviews that the top is larger. my measurements are 31-24-34...and i felt like the bottom fit comfortably with some room but the waist and",5,1,0,General,Dresses,Dresses
13481,1094,51,Weird,This dress just fits weird. maybe it works for somebody..... there is a reason it has been put on sale...,1,0,1,General,Dresses,Dresses
18766,1077,36,Going back...,"I purchased this dress in the green, and while the print and material were lovely, the extra folds in the neckline made the dress look frumpy up top. the billowly bottom made it look like a bag. i am 5ft, 36d and 29"" waist and the size 2 fit, which makes me think this runs large! i'll be returning this dress.",2,0,0,General,Dresses,Dresses
8334,1047,38,Perfect,I love these pants! waited for them to go on sale and totally worth the price. i wore them work and received numerous compliments. great for casual friday at work or sunday brunch with the girls. can't go wrong with antro!,5,1,0,General Petite,Bottoms,Pants
15567,1044,46,Flimsy,"I loved the cut and the stretch in the material made them comfortable, however i found that the material was unflattering for thicker thighs because it tended to cling to the body. it would have been better with some sort of lining as it would have prevented the flimsy material from highlighting imperfections. bottom of pants are not hemmed, so if you want a clean look, you may not like the edges. these were returned immediately as it just did not work for me.",2,0,1,General,Bottoms,Pants
21713,895,36,Great transitional item,"I love this - great coverage, goes with everything, flattering pockets, soft and soothing taupey gray palette - a+. retailer does it again.",5,1,0,General Petite,Tops,Fine gauge
19166,1121,25,"Beautiful design, poor execution","I knew i needed to buy this trench from the moment i saw it on my computer screen, but something prompted me to stop by my local retailer and try it on first. thank goodness for that.

at first glance, i knew i wouldn't be buying this. the construction leaves much to be desired. from the flimsy, single layer of unlined, unstructured fabric, to the thin strip of fabric serving as a belt, i could easily see this being sold at a cheap store for teenage girls where throwaway clothes are a dim",1,0,4,General,Jackets,Outerwear
1136,1068,37,Love love love!,"I adore these little joggers. i was immediately drawn to the color (army green) and the little details. i carry all my weight on bottom, so i don't often wear many retailer bottoms (i'm usually a 16). i tried the xl on just to see how they would work and i was pleasantly surprised! they are absolutely perfect. they fit a little baggy, as joggers do, and go with just about everything! mine did loosen a tad, but not like the previous reviewer. i highly recommend these! can't wait to wear these throu",5,1,10,General,Bottoms,Pants
1376,850,43,Too delicate,"I received this as a gift. it is a very pretty top, but the material is sooo delicate that the cutout areas were torn in many spots and where it wasn't torn completely you could see it fraying. the sales associate said they get many returns on this item.",1,0,4,General,Tops,Blouses
4917,1083,37,,"Love this dress so much, i bought the checkered, and then had to go back for the black! it is so worth the price. i wear it with sandals in the warm weather, and a blazer with boots in the cooler weather. it is beautiful and so flattering.",5,1,0,General,Dresses,Dresses
13094,1037,41,Awesome retro cords!,"This is my first pair of pilcro pants but defiantly not my last. i always have a hard time trying to decide between a regular length and a tall because at 5'10"" i usually fall somewhere in between. i ordered the regular length and couldn't b happier, they are just long enough to wear a shorter heal with or a pair of flats. the beige color is really nice and pairs nicely with the sky blue mock turtleneck sweater i also ordered from retailer. i love the retro 70's style too! i couldn't be happier wi",5,1,0,General,Bottoms,Jeans
20624,1112,42,Beyond lovely,"This actually might be my favorite thing that i have ever owned.  the jacket is so beautiful and so cozy jacket. i agree that the pics do not do this amazing piece justice.  for reference, i am 5'7 140 lbs and bought the large to allow a bit of room for layering.",5,1,0,General,Jackets,Outerwear
17651,862,51,You can dress the stop up or down..,This is my go to top during the not so cold winter days.. can't be dressed up or down..,5,1,2,General,Tops,Knits
3761,1091,35,"Beautiful dress, but ill-fitting","I wanted so much to love this dress, but unfortunately the fit was so poor i had to return it. the color of the dress (green) was lovely, and i liked the fabric and the overall design very much. i read the reviews and decided to order an extra small petite given that reviewers said the dress ran large; but even at that size the dress was too large, especially around the hips (which, for someone with an hourglass figure, is saying a lot!). the extra fabric around the hips belled out some, making",2,0,2,General,Dresses,Dresses
10139,820,66,Too bad,"I just can't get past how different the blouse i got is from the photo. mine has dark colors, really dark colors.  this top fits a bit large and the neck is quite wide. i thought it flowed well and fit nicely in my regular size large. i liked the length and the fact that it's shorter than shown. it still covered my bum.  the back has a cute peplum ruffle and there are little bronze colored beads along the bottom edge in both the front and back. i would have kept it had been the blouse shown in t",2,0,4,General Petite,Tops,Blouses
7812,820,51,,This tunic is a wonderfully updated look. it's cinched just a tad at the waist which gives it a great line. i paired it with a pair of citizens of humanity crop jeans. terrific look!!,5,1,0,General Petite,Tops,Blouses
3052,895,46,Super cute,"I normally wear a xs, but i got a small so it would be a little longer. great quality and adorable!",5,1,0,General,Tops,Fine gauge
547,984,64,Great jacket!,"This jacket has a nautical look which is a refreshing change for this year. it is double breasted & a stretchy cotton, which i love. i am a big fan of cotton. it appealed to me so much that i ordered both the white & the navy in the regular size small. i am of small build at 5'3"", 117# & expected that the sleeves c/b a little long. i avoid ordering petite size jackets b/c sometimes they are snug in the shoulders. ok, so the regular s was a good length at the bottom of my hips, but arms were bagg",5,1,32,General,Jackets,Jackets
8208,1116,31,The fur is luxurious,"I am absolutely in love with this piece! yes it runs large. i'm usually a medium to large in vests ands the small fits me prefectly! the quality is superb. i love the feel of the faux fur, i want to pet it! and the snaps and hooks seem as if they will also last forever. thank you tracy!",5,1,0,General Petite,Jackets,Outerwear
22108,169,24,,,5,1,0,Initmates,Intimate,Legwear
16756,1081,32,Perfect dress,"I love this dress so much - comfortable, flattering and really pretty. i wish i could buy this dress in every color!",5,1,4,General,Dresses,Dresses
6520,1095,60,This jumper is perfect!,I saw this on line this morning and was hesitant to order one size smaller so decided to visit local anthopology store with fingers crossed they would have it in a size 4. i'm 5'5 130 and a size 6 usually in retailer clothing. not only was the size 4 perfect the fabric and quality are excellent. nice flowy pant legs and the top has a one button adjustment on the shoulder if you don't want it too low. either way worked for myself. dress up or down. this is a must!,5,1,1,General,Dresses,Dresses
17156,1094,22,,"This dress is amazing! i bought this dress for my daughter for her college graduation. it fits like a dream. she normally wears a size 2 but i got the 4 which was perfect. with the slightly longer length, it is very professional but with the lace cut outs is great for a party, as well. it is very flattering and well made.",5,1,1,General,Dresses,Dresses
6891,1094,43,Fabulous dress!,I was excited to order this dress based on the reviews. it was better than i expected. the fit is perfect and one of the most comfortable dresses i own. the fit is flattering and i will get plenty of use out of this one!,5,1,0,General Petite,Dresses,Dresses
17825,907,31,Easy to wear,"This top is very easy to wear. it's a great, versatile, and unique piece. the textile is really soft and i found, quite special. it is pretty lightweight and the sleeves have some great stripes of more sheer fabric.",5,1,0,General Petite,Tops,Fine gauge
22280,1028,67,,These are so comfortable! i love how they fit snug but have tons of stretch..this is my second pair of fleetwood from coh. love this style,5,1,0,General Petite,Bottoms,Jeans
11713,815,43,So feminine!,"I love this top! it's very delicate and pretty. flattering cut. the fabric is sheer, so wear with a cami or a pretty bra.",5,1,2,General Petite,Tops,Blouses
21095,1111,57,,"The colors are vibrant and the beading is beautifully simple and nicely done. i waited quite a few months for this dress but it was worth the wait! it's loose fitting, but still gives you some shape without looking like you are wearing a potato sack!",5,1,0,General,Dresses,Dresses
13437,1125,40,Gorgeous coat,"I love coats and have a collection of unique ones and this one is in my top 3! wow is it a stunner! totally different and very classy. not my every day coat but will be used for dinner outings and special occasions with the right outfit. i did reinforce the buttons since there had been many complaints about that, which is why i only gave it 4 stars for quality. great design on this one retailer!",5,1,0,General Petite,Jackets,Outerwear
15518,1099,35,,Love this dress. had to exchange it because it runs a little small. i got the right size and it is beautiful.,5,1,0,General Petite,Dresses,Dresses
13774,1078,46,Call me infatuated...,"Absolutely love this little shift!!! i bought it on a whim really. it just harkened back to my crushed velvet loving days of the 80's! crushed velvet then was just something fuzzy that had been run over by a car and maybe thrown up on a few times at a punk rock bar :-) this is not that sort of velvet. it's also not some cheap polyester looking knock-off of true velvet. i always find those to have a somewhat ""plastic"" sheen to them. that is exactly what i was worried about judging from the pictur",5,1,0,General,Dresses,Dresses
19340,1008,44,Wonky,This skirt fits in a strange way. there is one pleated area but it is on the side so it is not flattering and i kept feeling as if i wanted to straighten the skirt.. the elastic looks frumpy. unflattering.,1,0,0,General Petite,Bottoms,Skirts
1810,1094,23,,I love this dress! perfect for both work and play and can be worn in all seasons thanks to the sleeves.,5,1,0,General,Dresses,Dresses
4026,860,71,Useful top,"I love this, despite the split sleeves. the day it arrived i paired it with a black boucle midi skirt (from retailer) jewelry and mid high black slings and we to out to dinner with friends. several people complimented me so it must have looked as i'd hoped. i have worn it one other time with straight legged pants and a cashmere cardigan and felt comfortable and a bit more dressed up than usual slacks, jeans and shirts. it is soft, feminine and comfortable...the ubiquitous ""dress it up or dress it",5,1,0,General Petite,Tops,Knits
18580,1034,63,Pilling after one day,I love the pilcro serif legging jeans but these were a big disappointment. if you have any thigh at all don't bother.,2,0,2,General Petite,Bottoms,Jeans
1290,1095,35,Love it so much,"I love this dress - originally ordered the medium, which is my normal size, especially because i am tall. the arm holes were gaping, and so i returned for the small. the small is perfect. it fits exactly as on the model, and i didn't have a problem with the color being see-through. it really is so unique but so simple. the color is perfect. 

i took a single star off because it is not lined - for the price, this would have been nice.",5,1,7,General,Dresses,Dresses
9729,1056,43,Disappointed.,"I have loved the pilcrow hyphen chinos, and have purchased many pairs. however, the last 3 pairs i've ordered are all a different cut now. they are no longer the chino i loved, although they have the exact same name. they are now ""boy cut"", and are much more narrow through the hips and thighs. nowhere on the description does it say ""boy cut"". it's not until the package arrives in the mail that i'm saddened to find this changed product with the same number. it really should say this int he descri",2,0,5,General,Bottoms,Pants
3871,867,43,"Fun, flattering shirt","This is such a fun version of a v-neck tshirt. the lines and seams are very flattering, the neckline is perfect. i'm 5'10"" a size 10/12 (depending) and i ordered the medium in the navy which fit perfectly. the length was slightly shorter on me than the model. overall a great shirt. highly recommended.",5,1,0,General,Tops,Knits
13923,420,62,So soft i wear them as pajamas,"I really love these pants as ""loungers"". not sure i would wear them outside the house, because the legs are very wide.. yes, the elastic has the problem that others have mentioned, but i just hold it in place when i pull them on and it stays put. but the fabric is so soft that i put them on every night after work and sometimes don't take them off before bed. pockets are a nice touch - something i have come to love about retailer pants.",5,1,0,Initmates,Intimate,Lounge
13021,347,29,Worth the splurge,"This is different from any bra i've had before, in a good way. the lace over the front is really beautiful, and no annoying straps means it's comfortable! fit and support are both great. i didn't notice that it was silk when i ordered, so it was a nice surprise to open something so luxe and elegant. i wasn't expecting an underwire, either, based on the s-m-l sizing, but it has one.",5,1,0,Initmates,Intimate,Intimates
11965,1077,40,Tiered dress,"This dress has a very flattering cut for hourglass ladies. i am an 8/10 and got the medium. the sleeves are a little blousy, otherwise it is just about perfect. it will look great with boots or booties for fall. i will wear a thin tank with it to work because the neckline is a little deep.",5,1,0,General,Dresses,Dresses
801,850,32,Perfect tank to be dressed up or down,Great tank to wear to work or a night out. fits true to size.,5,1,0,General,Tops,Blouses
16986,1086,39,Finally in my hands,"Delayed for a month on back order, this dress was worth the wait!  the beautiful design and colors are just as shown in the pictures.  the length and cut is slimming, more fitted at the bodice with a subtle flare after the waist.  detachable liner dress is a stetchy tank top that goes to the knees.  pullover style with a closed-end side zip that's needed because the knit band design under the bust does not stretch at all.  


if your skin is sensitive--this dress isn't for you.  both the line",5,1,7,General,Dresses,Dresses
23468,721,35,Sweet stripes,"I love this little chemise! the adjustable straps sold me because i'm petite. i generally wear a small/27p. i'm about 5'1"", 124 lbs. i purchased a small and it fit perfect! the fabric is nice, not too thin or too thick. i would totally wear it just as easily as a nightgown or beach coverup. i've never been able to wear scrappy dresses, but it could probably pass for one of those too. it's flattering and pretty without being too ""pretty"", if you get my meaning.",5,1,3,General Petite,Intimate,Lounge
16146,942,21,This sweater truly is sleeping on snow,"It is my favorite piece in my closet right now. it is cute. it feels like a pillow. i just want to sleep in it, but i also want to wear it out so that i can show it off.",5,1,0,General Petite,Tops,Sweaters
2722,1094,28,Fall transition dress,"This is the perfect dress to transition into fall, either dressing it up with wedges or down with a leather jacket. i have never purchased this brand, ranna gill, but needed to size up which is rare for me when i shop at retailer. it is comfortable and lightweight. i marked it down one star on quality because for the price, i have already noticed some of the black lace stitching coming undone.",5,1,0,General Petite,Dresses,Dresses
12021,1008,31,"Cute, comfortable, and practical","I'm a little heavier than i'd like due to postpartum fluff and have to gradually lose because of breastfeeding, so i look for bottoms with enough give in the waist that will still fit once i reach my goal weight. for reference i'm about 33"" waist x 44"" hips with a goal of 31"" waist x 40"" hips, so roughly a size 12/14 getting back to an 8/10. i bought a medium and it stretches enough to fit. this skirt is a solid staple and the colors are just lovely. the flat elastic in the waistband doesn't rol",5,1,0,General,Bottoms,Skirts
15576,829,40,Another great one from maeve,"I am usually a 4 in maeve tops, but i sized up to a 6. i am 5'7"" 127 lbs. it is a crisp white, comfortable, easy to wear tank that requires some ironing or steaming. it doesn't look like much in the photo, but once i saw it in person and tried it on, it was an easy decision to make the purchase. it is feminine and has a pronounced a-line shape to it.",5,1,2,General,Tops,Blouses
6401,1082,43,Great lbd,"This is a beautiful, high-quality little black dress. it actually has a little weight to it, but nothing bothersome. i usually take a medium across the board, but i had to size up to a large. this is dress has more of a straight line versus a-line and i have wider hips, so the large fit really good. it's beautiful and versatile. i just wore it to my high school reunion and got compliments : ) great purchase, i would highly recommend.",5,1,0,General,Dresses,Dresses
17122,829,54,,I ordered this in a petite online and i usually wear petites.  it isn't see thru in a way that shows a lot and i love the light weight fabric.  i get a lot of compliments on it.,5,1,3,General Petite,Tops,Blouses
16860,834,58,Perfect!,"Bought this shirt in the colorful polka dot print and i'm obsessed! like previous reviews mentioned, it runs a little small in the chest. i'm normally a medium but am a 36c so ordered the large and it fits perfect! with the way the buttons are spaced i think all sizes will pull a little no matter what. it's a beautiful shirt and i plan on ordering the blue one as well.",5,1,0,General,Tops,Blouses
6189,864,64,Unique,I love this top. i found it to be true to size. i usually wear a size large or extra large and the size large fit well. i really appreciate that the armholes are not gigantic and don't show underthings. i bought the navy/black and find that a navy cami works well under it. i like this with casual pants and jeans under an open front sweater for now and think it will be nice with a linen skirt or shorts in warmer weather. this is not a style i would usually wear but i found the two tone lace very,5,1,1,General,Tops,Knits
11373,1089,34,Perfect fit for gals with hips and hourglass shape,"I noticed half of the reviews on here were from women with a slim/straight and/or petite figure. fit-and-flare dresses simply will not work for you; it's the entire purpose behind the ""flare"" shape at the hip. it will be too large for women without wider hips.
-------------------------
that said, i found this perfect for me in every way. after having a baby, it's hard to find a dress that fits my more curvy shape where most of my weight fell on the hips and bust. i wish this dress was a tad long",5,1,5,General,Dresses,Dresses
1108,815,52,Victorian in a good way,"I'm 5' 0"" and 120 pounds. this top is beautiful. it's high neck is so flattering. a nice switch it up for us gals that are older and like neck coverage sometimes. i purchased a small and it is a little longer, but since it has elastic at the waist it's no problem. i will tuck it in my jeans and skirts. the arm holes are perfect. the as far as it being a lot of blouse, i didn't find that at all. but i am busty, 34c or d depending on brand of bra. the color is ivory. omits completely sheer, no lin",5,1,7,General Petite,Tops,Blouses
3341,883,54,Love !!,Love this & so cute to have t-shirt with additional details. usually get medium size in blouses but liked the fit of the large better.,5,1,0,General,Tops,Knits
15411,1099,37,"So comfy, great cut, pockets, win for petites","My new favorite! i wouldn't have thought twice about this dress handling on a rack in store, but after seeing so many cute pics of ladies in this dress, i caved. i needed a petite, so ordered a sp and xsp. the length on both is perfect. i'm 5'0"" and both hit above my knee in front and hit at in back and on sides. i didn't try on a regular in store, but based on the sp/xsp, i'm pretty sure there'd be too much material for a petite frame. the xsp is cut slimmer and if i had a tiny waist, i'd proba",5,1,0,General Petite,Dresses,Dresses
18605,975,36,Great vest!,"I joked with my husband that if i were with the resistance  (star wars), this is what i would wear! i actually really like it. it will look best with a girly skirt and blouse. the quilting is lightweight and the fit is slim. well made too.",5,1,1,General,Jackets,Jackets
17743,1110,21,,"This dress fit perfectly and as i am a bit curvy the style compliments my figure. it is a bit fuller in the bottom than the photo looks. also, i am 5'4"" and it is a right to the bottom of my knees which is also very complimentary.",5,1,2,General,Dresses,Dresses
6653,977,52,Hideous looking,Does not look like the picture. lined with a cheap denim fabric inside that shows when arms are rolled up. i normally always fit in mediums and this jacket is so small in the arms as well as body that it fit like a xs.,2,0,1,General Petite,Jackets,Jackets
5218,866,32,Really comfortable and cute - extremely soft fabri,"This is probably the softest, most flattering hoodie that i have ever worn. i can dress it up or down and it has drapes really beautifully. great for spring & summer, love it as a coverall at the beach. my partner rarely compliments my clothes and actually told me how much he liked the way it looked on me. highly recommend.",5,1,3,General,Tops,Knits
15931,1087,41,This dress is beautiful,"When i received the dress, it was true to size on the bust and length. i didn't purchase the petite, but i wish i did since i am 5'2. i tried to wear my wedges, but it's still long. i love the dress and would definitely recommend it.",5,1,0,General,Dresses,Dresses
2086,1072,41,No shape,"This dress looked super cute in the picture and on the model. i ordered the petite style and it was still so big and way too loose. no shape whatsoever! i unfortunately had to return it. i love loose dresses but this one was way too big, loose and had no shape at all.",2,0,2,General Petite,Dresses,Dresses
10492,1080,33,Perfect summer wedding dress,"I saw this online and ended up driving over an hour to pick it up from a neighboring retailer store that had 1 more left in my size! it fits true to size for me with the waist band fitting my 27"" inches perfectly with no real give- so keep that in mind. the top does seem a little blousey, which i typically avoid (34d already) but this was still super flattering. overall it is a gorgeous dress that looks good on- one of those dresses that makes you feel good wearing it!",5,1,20,General Petite,Dresses,Dresses
10162,376,38,Super soft,"Great, really soft hoodie. i got an xxs petite and it's still a little big, but it works. i'm 5'1"", 95lbs.",5,1,0,Initmates,Intimate,Lounge
6068,1110,63,Slik dress,The perfect dress for dinner date or summer weddings. or traveling. love this dress. not sure on washing yet since it is a silk dress. extremely comfortably and beautiful. i can't recall the last time i bought a new dress.,5,1,17,General Petite,Dresses,Dresses
17271,861,30,Off,"I am not in love with this top and will be returning it. from the front it looks like a basic tee (which i expected) but the back ""x"" is too loose and slumps to the side so that it doesn't look like an ""x"" as the picture shows. so basically the focal point of the tee falls short.",1,0,1,General,Tops,Knits
12052,828,39,Super soft and relaxed,"Got this in the ""dark blue"" wash; there is significantly less color variation than pictured online; it's a medium wash, and incredibly soft. i typically wear m or l in this brand due to very broad shoulders and muscular biceps: if you have a similar frame and you typically wear one of two sizes, go with your larger size.
this feels incredibly silky. it's lightweight, so it can be worn (almost) year-round and will layer well over say, a tissue-style turtleneck in the winter. it's longer in the b",5,1,16,General,Tops,Blouses
10551,254,27,,"I am 5' 4"", a size 8-10 (size 29/30), and my figure is apple-ish. i can't pull off peplum tops because they are too tight for my shape and they flare out at an unflattering spot. all of those ""rules"" go out the window with this tankini.

first, swimsuits are supposed to be tight, so that problem is eliminated right away.
second, the flare-out is perfect for women that want to hide their tummies. i don't like how swimsuits are generally tight in the tummy - that's the area that i'd like to hide t",5,1,28,Initmates,Intimate,Swim
15757,895,67,,"Perfect light weght sweater for the holidays. i love the detail in the back. the xs was a great fit for this 5'2"", 115 lb body.",5,1,1,General Petite,Tops,Fine gauge
17759,1077,53,At last!,"I picked this maxi up in navy to go with my summertime capsule wardrobe that i will be doing extensive travel with this summer. this dress is well made and fits my frame in a size m perfectly (5'4, 125lbs, 34c). it is substantial enough to disguise any backside indiscretions and the halter style front does not expose the girls. i do wear petals with this dress to ensure that i don't put on a show especially in air conditioned rooms. this launders easily and doesn't look rumpled and wilted after",5,1,0,General Petite,Dresses,Dresses
9020,61,37,,,2,0,0,Initmates,Intimate,Layering
22002,860,46,Print version is beautiful in size xl,"I ordered the xl and it fits me the same as pictured on the model so it's true to size. the peplum is very comfortable. i love the mix of colors, especially for fall. i've always had great luck with the fit & wear of this brand. i'd love to see this same style done in lighter colors for summer.",5,1,1,General,Tops,Knits
11636,939,64,Beautiful,"I've wondered abt this swtr but hesitated to order being it has dolman sleeves. decided to wait for it to come in at the local store. yesterday i spotted it in the store & tried on the orange, labeled 'red' online. i was really looking for the 'cream' but the store did not have it. well, the orange is really much prettier in person. fit is perfect in my usual size s. overall body fit & length is generous, sleeves are wrist length & i'm only 5'3"". most likely the sleeves will be shorter on taller",5,0,23,General,Tops,Sweaters
15304,916,45,,"First, thanks retailer for not putting itchy wool or fur in this! it's so soft! gorgeous bias for is super flattering for those of us with less than perfect bodies. for reference, i'm 5'5"", 32dd, 28, 38. size xs/s was perfect.",5,1,1,General,Tops,Fine gauge
12129,964,19,Great layering piece,I bought this vest hoping to be able to throw it over long sleeve tops for fall and it's perfect for that- it adds a bit of detail with the buttons and pockets on the vest!,5,1,0,General,Jackets,Jackets
22999,298,23,,"I had my eye on this for a while and finally picked it up on sale. i got the darker blue in xs. great piece, fits well. very cozy but the cuffs add such cute detail.",5,1,1,General Petite,Intimate,Lounge
20770,1078,37,Not impressed,"After reading the glowing reviews i was excited to buy this on sale. i'm tall and lean, but found the dress looked slightly awkward and off on me compared to the model pictures. firstly, the top has a strange transition to the skirt, with extra fabric you have to either blouse over the skirt or bunch together. if you blouse it and lay flat, it invariably gets bunched as you wear it. this bunching changes the aesthetics of the color blocks, creating less clean lines. i also found the blue, black",2,0,0,General,Dresses,Dresses
8858,1094,18,Love,"I bought this dress for my engagement photo shoot and rehearsal dinner and it's beautiful! it's delicate and feminine, without being too girly or frilly. very simplistic. and probably the comfiest piece of clothing i own! my only con is that i'm a little tall and it doesn't hit me completely on the waist, but it's still very flattering.",5,1,0,General,Dresses,Dresses
2719,984,34,Perfect for fall,"Been searching for a denim ""trucker"" jacket since last fall and was happy to see that retailer had this in stock, purchased it online without thinking twice. typically, due to my small upper frame, i'm 5'4, 130lbs, 34 a for referance, i'm between a size small and an xs. bought both and opted for the size small when it arrived. 
i love the fit, slightly cropped in the back and i also like how it""s lined inside. great quality and perfect for fall!",5,1,9,General,Jackets,Jackets
6876,122,26,"Casual, pretty and simple",I was looking for a new pair of pajama pants/around-the-house pants/occasional-quick-errand pants to replace a pair that i bought from retailer six years ago and i fell in love with the look of these.they are truly comfy and are flattering on. the lace adds a nice feminine touch that makes me feel pretty even on my laziest days. i'm hoping these will last me another six years.,5,1,0,Initmates,Intimate,Sleep
2297,992,25,3-season skirt!,"Adorable, well-made skirt! lined and very slimming. i had to size up b/c it runs a bit snug around the waist. however, it's worth it b/c this will match many long and short sleeve tops!",5,1,4,General,Bottoms,Skirts
3059,878,46,Sky blue is beautiful,"I ordered the blue in size xl. it's even prettier in person. the fit runs a little smaller/shorter on me than shown on the model. i'm 5 ft. 5 1/2 in. for reference. i love the detailed stitching. it is delicate and can catch. my dog's claw pulled on it and i had to reweave the thread back. i've washed mine twice, reshaped & air-dried. it didn't shrink much at all. it's perfect for spring & summer. i've gotten a lot of compliments on the shade of blue. it's really so pretty.",5,1,0,General,Tops,Knits
2466,1085,44,,,5,1,0,General Petite,Dresses,Dresses
23244,823,59,,Beautiful beautiful beautiful! goes great with pilcro stet big rise grey jeans and deep green hei jeans. i wear this on shoulders vs off. so lovely . beautiful rich earth tone colors and live the lace bottom. can dress up with black skirt or black skinnies and heels. highly recommend.,5,1,2,General,Tops,Blouses
6448,1084,48,"Love, love, love!","This adorable dress has surpassed my expectations! i ordered an xs and s and am keeping the xs. for reference, i'm 5'6"", 120 lbs, 34c, and the xs fits like a dream. it's not sack-like at all. the top is fitted, and the bottom flairs very flatteringly. the bell sleeves aren't too long like some i've seen. the color and print are the epitome of fall! the length is perfect; it's long enough for work but short and flirty enough for evenings out. i can imagine wearing with heels or booties.",5,1,4,General Petite,Dresses,Dresses
650,1059,49,Great pants that don't get baggy,These pants are awesome - please make them in other colors besides black and navy!,5,1,1,General,Bottoms,Pants
1684,914,43,Great staple with unique touches!,"I order this sweater in black - size small - and i just love it. i'm a slender 5' 9"" 130 lbs and the small is perfect in for me. while it has the classic cardigan look and a slightly oversized ""boyfriend"" feel to it, the rounded front hem, hip pockets, and buttons that end slightly above the bottom hem (where the rounded hem begins) are unique touches i appreciate and love in retailer's clothing. the weight was slightly heavier than i expected and better quality, but it is perfect for my minneapol",5,1,0,General,Tops,Fine gauge
16022,1056,69,,Pilcro pants are always a positive purchase. quality fabric. great design. i purchased the pink for spring and whenever. prettier in person than on line. they are a peachy pink color. will go with anything. dress them up or down.,5,1,3,General,Bottoms,Pants
4534,1078,30,Pretty and versatile,"I was a little hesitant about this dress at first because it looks a bit baggy on top on the model. but decided to order it online anyway based on reviews. well i must say, i'm so glad i did! i really love the shape of this dress. i'm heavy on top but it somehow minimizes that and it also accentuates my waist. the dress is very well made. if you order the right size for you, the slip dress will stay in place. i'm going to style it with high black platform heels, but i also like it with boots as",5,1,0,General Petite,Dresses,Dresses
14248,966,35,Fab jacket,"This jacket is the best. i'm trying to step up my work wardrobe game while still maintaining some personality and this blazer fits the bill. it's soft, structured, and best part: the hoodie insert is removable. for reference, i'm 5'4"", 128 lbs and the small fit perfectly.",5,1,0,General,Jackets,Jackets
16461,123,33,Lounge like royalty!,"I ordered these in a xxs, a little nervous about them being too small, and i was very pleased with the fit. for reference, i'm 5'2, 98lbs. these are great for all seasons, the lining is warm, yet adds a pop of color when cuffed. the crowns on the birds are pretty nifty!",5,1,0,Initmates,Intimate,Sleep
13938,1110,45,Wrinkles,"This dress is gorgeous as displayed at store. color is vibrant, but the one i ordered looked dull and wrinkles very easily. i wore it to a ceremony and the seatbelt left me wrinkled before i arrived. the top is very wide and best to wear strapless.",2,0,2,General Petite,Dresses,Dresses
9561,1104,44,Love it,"I love this dress. i'm 5'8"", 160 lbs and have no hips, no butt and no waist. i have no curves and thin muscular legs. it's like wearing a cardigan and dress all in one. i paired it with ivory tights and dark brown boots and received tons of compliments.",5,1,6,General,Dresses,Dresses
15158,850,65,Fall perfection,"I fell in love with this tunic on instagram, and couldn't wait to find it during the tops promotion. it was absolutely not a disappointment. as the other reviewer mentioned, the colors of the embroidery are brighter than they appear in the online images, and this actually makes the shirt more beautiful--they're rich and fallish, but not at all over the top.

i'm thrilled with the quality and overall cut of this tunic. i would agree that it might be best to run to a larger size in a range--i di",5,1,5,General,Tops,Blouses
18188,1099,44,True black & white staple,"I have ordered many black and white dresses and end up getting cream and black. not this one! this is truly b&w! i love the stripes, the length (at the knee, 5'5"") and the pockets! time will tell in terms of fabric as rayon is not the most durable. the collar seems to stay down which makes it look 70's but fabric tape easily fixed it. overall, i love it!",5,1,2,General,Dresses,Dresses
9629,868,59,Looks great on me!,"I read the other reviews before i ordered this top and was a little concerned about the fabric, but it's fine. the neutral color is a little bland, but i can wear it with bright pants. since i expected it to run large i ordered a small. the tie in the front makes it fit like a dream, plus it looks amazing from the back.",5,1,0,General,Tops,Knits
15186,831,37,,,5,1,0,General Petite,Tops,Blouses
4622,872,56,Cute & unique tank,"I love the bright floral print flanking the solid white middle in this top. with its swing style and large arm holes i think i could have sized down and been ok, but i usually wear a cami with my tanks so the arm holes are not an issue. also, it has a touch of spandex in it which make it extra comfy. overall, a darling top!",5,1,2,General,Tops,Knits
5592,877,51,Adds a little something to an outfit,"This duster is a nice light weight dark navy that you can throw on to add a little something to a your outfit without adding bulk or warmth. looks nice over dress, jeans, crops. just a fun little item to have in you closet that you can grab to put a little twist to an outfit. best part of the duster....it has pockets!! i love being able to slide my iphone into a pocket while on the go!",5,1,0,General,Tops,Knits
2025,1075,37,Love it. stylish but comfortable and low key,This dress runs large so i sized down. when it arrived i looked at it and thought the fabric was ugly and boring for a dress. it sat there for about two weeks till i tried it on. i love it! it is so comfortable and is so cute how the pockets hang. all it need is some long necklaces or a scarf to complete the look. i get complements on it everytime i wear it. my only complaint is that it peels under the arms a little bit.,5,1,0,General,Dresses,Dresses
23023,868,33,Love the olive color,It's a soft comfy fabric... cute ruffle... may be a little on the bigger side but still super cute! very form fitting but still fits true to size imo the olive color is even more beautiful in person!,5,1,0,General,Tops,Knits
20457,1094,54,Classy,"Maeve once again created another beauty! love, love, love. i purchased the crocheted cape in cream and have received numerous compliments on the dress. get it while it lasts! i typically wear a 4-6 in maeve and got the 6 in this one.",5,1,0,General Petite,Dresses,Dresses
14933,1010,28,,"I love this skirt! the color is beautiful, much darker than in the photo. the only issue i have is with the length. it's much longer in real life. i'm definitely going to need to have it shortened.",5,1,0,General,Bottoms,Skirts
4761,1100,36,Pretty dress with problems,"I'm 5'4"", 32c and 125 lbs. i ordered the size 4p and while the color and fabric is pretty, the back and front bodice were much to low to wear a bra even if i were to shorten the straps. it was also very tight across my ribs. despite ordering a petite, the hem was much too long. i ended up returning it.",2,0,0,General Petite,Dresses,Dresses
6116,1081,37,Warm and beautuful,This dress fits beautifully. it is warm and comfortable. winter's gem.,5,1,0,General Petite,Dresses,Dresses
6669,552,29,Amazing unique,"I want to hate these jeans because they are so expensive but every time i try these on they just look so cool. 
they seem to be handmade so the flowers are not in the same spot on each pair.",5,1,1,General,Trend,Trend
18253,1095,34,Really hoped this would be my go-to winter dress,"When i saw this online, i wondered why this dress cost so much. i have been keeping my eye on it for some time. loved what i saw, the design and colors and details at the neckline and waist along with pockets but was skeptical. i was waiting for a sale to take a dive and here are my thoughts when i got it:
___________
pros:
- the colors you see online are exactly the same in person.
- the jeweled neckline is lovely. it's one thing that drew me to it. this dress had a very sophisticated appeal wh",2,0,11,General Petite,Dresses,Dresses
4166,1035,44,Unique wash,These jeans are soooo soft. fit is great and the wash is a unique inky grayish color. perfect for fall. love.,5,1,3,General,Bottoms,Jeans
6284,1111,24,,"Saw this online when it first came up and thought it looked lovely. i purchased a different pleated dress and decided i didn't need a second pleated dress. was at my local retailer and they had one pink dress in a size 4 and a blue in a 0. decided to try them both on. the zero actually fit perfectly and at the sale price i had to have it. the material is beautiful, little details like the ruffled hem are lovely. one i will wear for years. thinking about getting the link but the blue is lovely. i'm",5,1,1,General,Dresses,Dresses
9008,872,26,,"The shirt looks so much more flattering on the body than on the hanger. it has a luxuriously soft  feel without compromising fabric quality. i purchased both the white and navy color. indeed, a closet staple.",5,1,0,General,Tops,Knits
16694,417,52,Super comfy shorts,Love these shorts - got 2 pairs on sale just because it's hard to find shorts that fit nicely and are comfy with a great length.,5,1,0,General,Bottoms,Shorts
3426,1056,48,,"Loved my. mustard colored ones so much, i also bought the ligher green color. fit is wonderful- and very flattering. they can be dressed up or down. they look great with heals or booties!",5,1,2,General Petite,Bottoms,Pants
4719,1080,31,Wonderful dress that can be dressed up or down!,I bought this dress in a medium petite. i'm 5'2 and 140#. it fit great and made my waist look really tiny. i cannot wait the dress with heels or else you would see the entire shoe. it works perfect with flat sandals. i've received tons of compliments! you can also wear a normal bra with the dress. love it!,5,1,0,General,Dresses,Dresses
18052,1095,56,Elegant!,"I purchased this in london, early april, and i wore it to a summer wedding. it was perfect and hangs very nicely. the colors are rich and the deep blue flowers have texture. the front slit goes up to about the knee but doesn't split apart when walking which i appreciated. the only thing that i felt was a little off was the circumference of the sleeves. i have to keep them unbuttoned but thankfully it looks like just an interesting detail and not so much like an unbuttoned sleeve. a definite keep",5,1,6,General Petite,Dresses,Dresses
3808,863,66,New love??,"Wow. this is the perfect sweater. beautiful, soft color. lightweight enough to wear now and into the coming seasons. it drapes beautifully. the knit is tight, no see through or snags. very soft and comfy. the casual, easy, pulled together look is hard to do and this one does it with style. am starting to love this designer. highly recommend.",5,1,1,General Petite,Tops,Knits
2046,1092,35,It's gorgeous,Should've ordered a larger size. it runs a bit tight around the top and the zipper isn't that helpful.,5,1,0,General Petite,Dresses,Dresses
10026,1081,49,Just perfect,"Bought this in the white in the store - came home and ordered the blue - wish they had my size in the orange.
maybe this is enough said? this is so comfortable, so well made, so easy to wear - might be the perfect dress ever.",5,1,2,General Petite,Dresses,Dresses
4135,1046,46,Perfect summer pant,"I initially worried about these because i am curvy on the bottom and short (5'3), but they balance me out perfectly. they are light and airy and perfect for summer. i have paired them with form fitting tops which work best considering the bottom volume., and my latigo clogs which give me some height. these are my new favorite go-to pants!",5,1,0,General Petite,Bottoms,Pants
21522,1022,57,,"Love these jeans. comfortable fit, doesn't stretch out too much after wearing a few hours. goes with dress up, lazy day or casual tops. my go-to jeans. wish they came in different washes",5,1,0,General,Bottoms,Jeans
7883,1110,54,Sea dream dress,"Love, love, love this silk dress. i feel classic retailer is back! perfect for hot and steamy summer days.
.
just a few photos of the back, which has the belt band sewn in kind of high so that it can be wrapped through the side loops, grecian style. for some reason, in the online back photo, the model is wearing the dress backwards. 
.
i'm 5'2"", currently 33-25-37 or 38 hips, narrow shoulders and torso, bra size 28dd/30d/32c. i tried on the size 2 regular which is the only one i found in the s",5,1,1,General Petite,Dresses,Dresses
16154,1081,27,Disappointing quality,"I almost ordered this online to wear to a party later this week, but i'm glad i waited to try it on at the store (i wasn't sure if i'd like the length of the petite or regular better.) i was so disappointed and didn't end up getting either! i have two bailey 44 dresses from several years ago that are much more flattering and incredibly soft/comfortable. this fabric on this dress was much rougher and it really bothered me that the stripes cut off at the side seams and then don't match up from the",2,0,1,General Petite,Dresses,Dresses
20256,1082,30,,,5,1,0,General Petite,Dresses,Dresses
19625,993,25,Cute print but cut misses the mark,"I had been waiting for this skirt to go on sale as i fell in love with the style and print on the website. however, after receiving it in the mail i was disappointed to find that the cut was all wrong for my body type. i am 5'6"", size 4, hourglass/athletic. the xs was too big and made me look like i had no shape. would be cute on a girl with no hips/booty but unflattering on hourglass figure.",2,0,0,General Petite,Bottoms,Skirts
12476,605,33,,"The are so comfortable, flattering, and i feel i can wear them with a lot of styles: dress them up or down, it all looks good. great product! make more like this please!",5,1,0,General,Bottoms,Shorts
6200,872,52,This top could have been so sweet!,"I ordered the top from a store to have it shipped. 
it is very pretty but once on, it fit the wrong way. i got a small because i know that this designer tends to run tight across the bust. 
the shoulder was too rounded for this neck line. sleeves should have been either longer or sleeveless. the empire waist even on a smaller busted woman like myself was cut too high.",2,0,3,General Petite,Tops,Knits
245,872,38,Love this!,"This is exactly what i was expecting. cute, comfortable and casual. there are some gold sequins in the scroll work that i didn't see online. they are super pretty in person.",5,1,0,General,Tops,Knits
8795,861,23,Adorable top!,"I fell in love with the color and peplum design of this top online, and decided to order it. the fabric is soft, but strong, and the color is just as pictured. perfect for a casual shopping day or lunch date out with friends.",5,1,2,General Petite,Tops,Knits
10824,907,23,,"This sweater has every special element i could want .... form fitting, feminine, and attention to detail. i ordered it in turquoise, which is a lovely muted turquoise that works well when dressed up or down with a cream cami. because i am petite, the fitted waist detail in back hits me just in the right spot. thank you, retailer, for another timeless addition to my collection of yours.",5,1,0,General,Tops,Fine gauge
17402,1042,37,Whimsical,Looks so fun and whimsical on. love love love this for photos especially,5,1,0,General,Bottoms,Pants
19147,1121,31,Worth the price,This coat is absolutely beautiful. the fabric is soft and almost silky and the style is timeless. i ordered an xs and it fits true to size and has excellent quality.,5,1,3,General,Jackets,Outerwear
17038,820,34,Worth every penny!,The material this top is made of is extremely comfortable and flattering for my body type.  i normally wear 12/14 and 12 fit great (if you have a d or bigger you may need a bigger size) spillage is possible with wrong size lol.,5,1,9,General,Tops,Blouses
1363,850,41,Beautiful winter color,"Beautiful and very feminine look but run big. i m 5ft 105 lbs curvy , size 00 fit me well",5,1,10,General,Tops,Blouses
22934,1107,46,Love it!,"I bought this dress at my local retailer store on friday and love it! the dress is well made, with some heft to the yarn. the colors of the yarn, blue, white and grey, seem to shimmer a bit due to their weave, but there is no metallic thread in the dress that i can tell. i know some have written that the dress is a sack, but not on me. i toyed with buying this online and then didn't due to the negative comments about the dress; i bought an extra small and it fits well (i usually where an x small,",5,1,5,General Petite,Dresses,Dresses
12167,287,53,Cute and warm,Material is thick and warm. print is very pretty. i received complements from all age groups. fits a little boxy but it works.,5,1,1,Initmates,Intimate,Lounge
18757,828,38,A sad disappointment,"The first time i wore it, felt wonderful. had it cleaned and then the back end stated pilling. very disappointed with the price and quality. wish i could return for my money back. sad",2,0,1,General Petite,Tops,Blouses
14599,1084,40,"Very thick & shapless, runs large","This dress didn't work for me at all. i'm 6ft tall, 160lb, i usually wear size l 8/10, but based on the reviews i ordered an m. the material of this dress is very soft and fuzzy, color is about the same as pictured, also length is appropriate. dress is very thick and warm, the fabric however has no stretch at all, dress is very specious and shapeless. there is allot of room everywhere except shoulders & sleeves, i thought that area was tight & snug which is strange because it runs large everywhe",1,0,11,General,Dresses,Dresses
17520,868,53,,"Absolutely love this top, it falls perfect in all the right places. i've gotten so many compliments especially from the bow design on the back.",5,1,2,General,Tops,Knits
7356,1095,62,,"Beautiful dress that is well constructed. the fabric is substantial and feels expensive.i am 5'4"" and weigh 134, 
36 bust 29 waist and ordered the m/l. i usually wear a 6-8 in dresses, so i worried that it would be too big but it fit perfectly. i am very happy with my purchase.",5,1,0,General Petite,Dresses,Dresses
11926,79,54,Perfectly flattering,"I managed to find this huit eden lagoon fixed straps foam bandeau swimsuit in a size 32c and it fits perfectly. my current measurements are 33-25-37 or 38 hips, and i normally wear a 30d or 32c bra.
.
i have a longish torso, yet this doesn't ride up. fits like on the model. there is a thin strip of silicone around the back to keep it from sliding down. the v-shape is held by a hard wire, but it doesn't cut in anywhere. the soft black straps are sewn in and not adjustable but do hold their shap",5,1,0,Initmates,Intimate,Swim
23458,862,63,,This is my new favorite sweater. it is lightweight and drapey. very flattering. can be dressy or casual.,5,1,0,General Petite,Tops,Knits
19623,903,36,Perfect sweater,"I love these. the white actually has a more pronounced look between the top and bottom with a little but of shading. since they look a bit different because of that i got both white and black. perfect wait and not to giant, and perfect for year round work. the shawl color is a tad flimsy in how it sits but overall these are fabulous.",5,1,1,General,Tops,Fine gauge
810,886,56,Loved this top,Purchased in the blue. the color is a little darker than it shows. more of a slate blue. loved the fit. i am tall so it covered perfectly.,5,1,0,General Petite,Tops,Knits
16508,1074,37,Super cute,"This dress fits really cute. i actually think it's cuter in person than on the site. really flattering. the skirt hits a few inches longer on me than it does on the model, so it's appropriate for work and networking functions. i'm 5'3, 110lbs. i got the 0 and it's great!",5,1,0,General,Dresses,Dresses
18877,202,39,,"This bra is so soft and comfortable i feel like i'm not wearing a bra at all, except i have the gentle support i need. the material is very thin and the pink color is see through, so not recommended under a white or see through shirt. perfect for sleeping or lounging in!",5,1,0,Initmates,Intimate,Intimates
6305,902,36,,,5,1,0,General,Tops,Fine gauge
19252,900,23,Great style!,"I love any bow tie tops but most have the bow too high up which looks dowdy. i love the layered look and the contrasting colors. i am 100 lbs, 5'3"" and got the regular xs. i wanted the petite xs but it was sold out unfortunately. the regular was a little too big but it still works! looks great with jeans or dress pants....even a skirt! very versatile and classy and creative styling.",5,1,1,General Petite,Tops,Fine gauge
14037,939,43,Amazing sweater,What a cute swing sweater and so easy to layer. this jacket looks great snapped or left open and the collar and hood leave such a soft look around your neck. this has such great elements of cozy and warmth just in time for cool weather!,5,1,0,General Petite,Tops,Sweaters
3769,1086,58,Beautiful dress,"This is a gorgeous dress that while it runs quite small ( i normally take a s or xs ). i had to exchange it for a medium. i am 5 4"" and it falls below the knee which is how i like my dresses. it is a gorgeous pattern of color which could be worn for 3 seasons. i look forward to wearing it for many special occasions.",5,1,5,General Petite,Dresses,Dresses
21935,915,59,Very pretty and figure flattering.,"I just received this top in the mail and i couldn't be happier with how it fits and feels on. might have to wear a camisole under with a bit see through in front. it is very true to size and drapes beautifully with the back being very feminine. i am 5'6"" and the length falls just about the same on myself as does the model. i will wear with skinny jeans with the nice length working well with them.",5,1,6,General,Tops,Fine gauge
21711,895,39,,,5,1,0,General Petite,Tops,Fine gauge
13700,927,48,Love this vest!,"Found this vest in the sale section, actually rolled up in a ball on the floor! what a great find. the colors and texture are rich. strong navy blue base with rich other shades and texture. yes the vest runs big, but if you tie it from the back the bulky look is gone! love this way to wear a cocoon cut vest! the vest is in a size xs/sm and on my build works like a typical medium would be. perfect for work and lovely with jeans and skirts. washable wool blend that is soft with nice structure. to",5,1,0,General,Tops,Sweaters
15834,1028,48,,,5,1,0,General Petite,Bottoms,Jeans
17742,1060,56,Lightweight and pretty summer pants,"I bought these in white (not a harsh white, more soft-looking), and am very pleased with them. they are true to the manufacturer's sizing (i own another pair of pants from elevenses in the same size), which runs somewhat large (i'm 5' 5"" tall, weigh 135 pounds, and the size 6 fit perfectly). the back of the waistband is elasticized, so there's some give. they're long enough on me that they hit the floor; with heels, they're perfect. they look as pictured, but what you can't tell from the photo i",5,1,0,General,Bottoms,Pants
21009,895,34,,,5,1,0,General Petite,Tops,Fine gauge
20702,862,52,Great for casual work wardrobe,"I work with children and have a casual dress environment, this top gives me much needed style to my work wardrobe.",5,1,0,General Petite,Tops,Knits
19976,999,35,Size down!,"I ordered this item before seeing the july 25th review. i ordered in a s and need an xs. now the xs is sold out unfortunately. my waist measures 27"", hips 32"", and i am 5'4"". the material very nice, has elastic for movement and comfort. i would wear this all the time if i had the correct size. it would be cute dressed down or up.",5,1,1,General Petite,Bottoms,Skirts
17300,1042,62,Beautiful!,Love all things mes demoiselles and these do not disappoint! the gold does not show in the picture but they sure do sparkle...in a great way. the fabric is rich and can be worn all year as they are light weight for summer but carry a look perfect with sweaters. i love them and with the sale on sale they were a steal and happy to have them...they will be that one piece that i will grab again and again. i love the look of peasant blouses and shorter vests...in a contrast print would be incredible,5,1,1,General,Bottoms,Pants
19505,1094,39,,Looks great on. i am 5'11 and the length is perfect hits above the knee but not too short. also room in the chest area.,5,1,0,General,Dresses,Dresses
21657,1008,46,"Great skirt, great fit!","I love this skirt. i normally wear a medium or large, depending on cut, and i bought this in a medium. very stretchy and forgiving! it's lined so it feels substantial but not too heavy. it's flattering!",5,1,3,General Petite,Bottoms,Skirts
5657,878,56,,Wore for the 4th with white jeans super cute love the ruffle,5,1,0,General,Tops,Knits
6987,663,20,Casual & cute,"I am happy with my decision to buy this dress! it's casual, comfortable and my favorite color, too. this product is true to size, color and the material feels great.",5,1,0,Initmates,Intimate,Lounge
22417,868,54,Boxy,"Hi, when i received this top i tried it on, looked in the mirror and packed it up for a return. the quality is excellent but it just too boxy. fits nothing like it appears on the model.",2,0,0,General,Tops,Knits
2686,282,43,I love these shorts!,"So glad i gave these a try last summer in the peachy pink color. this year, i got the darker grey. color is great- goes with so much-and they are so soft and comfortable. also love that these can work rolled up or down at the bottom",5,1,0,General,Bottoms,Shorts
19233,1078,43,Simply timeless and feminine,"I bough this dress in blue and i cannot tell you the compliments and the looks i get on the street! no kidding! this is a beautiful dress which has a very feminine/romantic quality to it. i bought size 4 and it sits perfectly on my waist i completely fell in love with that dress and especially with the lace work and the design. this is a classic piece, that is always going to be timeless in my opinion. no regret at all to have bought it!",5,1,7,General,Dresses,Dresses
4375,1081,42,Love it!,I bought the orange color and the pattern is absolutely beautiful. the fabric and style is very flattering and comfortable. well worth it. runs true to size (i am usually an xsmall 134 lbs 34 c and the xsmall fit perfect). perfect summer dress: soft fabric and light.,5,1,0,General Petite,Dresses,Dresses
8556,964,26,The everygirl basic,"First off this jacket is more of a greenish hue in person (which i personally love over the tan). i was not sure how the sleeves would be after a few wears since they are not canvas, but they are holding up and not stretching out. there is fleece inside the sleeves for extra warmth since it is not the best layering jacket. overall, if you're considering this jacket, take the plunge like i did. order your usual size for perfect fit or size up if you're hoping to layer.",5,1,1,General Petite,Jackets,Jackets
19204,1020,39,Great skirt,This skirt is adorable. there is no give to it though. i usually wear a 4/6 and got the 4 and i can't gain a pound or it won't zip. it is perfect for spring and summer. i'm 5'8 135.,5,1,0,General,Bottoms,Skirts
8655,1096,52,Fabulous dress!,"The fit on this dress is super flattering! i am not normally able to wear a sheath but i felt great in this one. i am definitely a pear shape, bigger on the bottom than the top. one of the things i really love about this dress is that the size that fits me through the hips fits me on top. this is not often the case. i am not sure how this would work on someone with a large bust or an apple body type but i felt great in it. i also love the colors. i bought the green and blue. i have worn it once",5,1,2,General,Dresses,Dresses
13305,789,53,Cupro like silk,"Amazing dye so unique
you can put in washing machine no prob make sure you put in dryer with a non static dryer sheet for the dress to be super soft",5,1,5,Initmates,Intimate,Lounge
18141,192,44,Boxy moo moo,"Disappointed :-(
this top has a boxy shape and looked like a mini moo moo on me. i have a similar shape as the model and it looked nothing like that on me. bummer! i liked the quality and weight (not too heavy nor too light) but shape is unflattering. it's going back.",2,0,0,Initmates,Intimate,Lounge
15195,831,25,Perfect blouse!,"This blouse makes me feel young, vibrant, and beautiful! i got it in (2) colors with the coupon special. i love how it fits and it's slimming! love it. i have broad shoulders, and it is very slimming.",5,1,8,General Petite,Tops,Blouses
13501,909,29,Oversized bag,"This sweater has the weirdest stitching, although the buttons on the sleeves are a nice touch and the hunter green color is to die...poor fit means poor sweater :)",2,0,0,General,Tops,Fine gauge
15355,833,46,Wow piece,"I bought this in both colors,for it is perfect for me.it looks great with jeans and then dress it up later with pants.this is why i love retailer!",5,1,0,General,Tops,Blouses
18162,1094,41,So pretty! petites will need petite sizing,"I'm 5'2"" 110, 32-24.5-32.5. i tried both the regular 0 and petite 0. the difference was quite substantial. sometimes if an item runs shorter or smaller, i can get away with regular sizing. the regular 0 was all wrong, and the petite 0 was perfect in every way the regular 0 was wrong! the petite sizing was perfect for top coverage, tamed the flare to just the right amount, and the length hit right at the perfect spot where it is supposed to above the knee. gorgeous embroidered detailing and versa",5,1,13,General,Dresses,Dresses
5020,1095,53,Adorable,"Wanted to buy this dress, but the bust area was way too small. as i went up sizes, the torso began to be too long, and i would have to have it altered, i guess. what a shame.
but, if you are small chested, then this is your dress.",5,1,0,General Petite,Dresses,Dresses
7806,1059,43,I love these pants!,"I have a few pair of charlie's and one thing i really like about them is their consistent fit. i own this pair in both the orange and gray, bought both in my normal 4. they will stretch so if they are a little snug at try on don't size up. definitely recommend these pants.",5,1,1,General,Bottoms,Pants
19542,780,33,Yes yes yes,"This top immediately caught my eye in the store.  not only that, it was the pink color and i don't usually gravitate towards pink.  i live in a warm weather area so i can get good use of these tops year round.  i say tops because i bought a second top in the green a couple days later.  you can definitely see your bra when you raise your arms but this top is just so soft and breezy.",5,1,0,Initmates,Intimate,Lounge
12702,1082,44,,"I am mad for plaid--this dress is my new favorite!! why? i'll tell you!! the picture online does not do it justice, but you must add a belt. the dress is cut lower in the front, but has a great stitch to keep it from gaping open over my d cup chest. the material is soft and breathable. the xsp was perfect for my 5'2"" frame, my typical size.",5,1,4,General Petite,Dresses,Dresses
13428,1078,28,,,5,1,0,General,Dresses,Dresses
14045,903,33,Looks better in photos- returning immediately,"I had high hopes for this sweater and when i found it on sale online, i jumped at the opportunity. i am 5'11"", slender and always wear a small in retailer tops. i purchased this in the mint , size small and as soon as i opened the bag, i had doubts. the fabric is terrible, thin and scratchy. it is not soft and supple as i had imagined. the mint color looks faded and the shape is awful. the length of the arms hits in a bizarre spot, the overall length of the sweater cuts me off at the torso and the",1,0,0,General Petite,Tops,Fine gauge
18835,850,57,,Seen it online so i ordered it is so cute great fit patchwork is so pretty very vintage looking runs large would be cute with some skinny jeans and some booties,5,1,0,General Petite,Tops,Blouses
18647,867,35,Great basic tee,"This tee is a great everyday staple.  it is comfortable and it also drapes very well.  i am 5ft 2in, 100lbs, 34b and i got this in xxs regular.  the length is perfect for leggings/skinny jeans, and it also looks really cute with a side knot in front. i have this is navy, green and black.  the navy color is brighter in person and in my opinion, looks better.  you can't go wrong. planning on getting the grey and pink one as well.",5,1,2,General Petite,Tops,Knits
17903,1104,51,Not impressed,"I'm 5'4"" 120# , 34d. this dress did nothing for me. the seem on the side with the knot doesn't look right. it's almost on the side but not really. there's a seem down the center of the butt from the waist. it looks weird from the back because it's such a fine striped print. not flattering at all. the dress is comfortable due to the stretchy knit and it has a stretchy knit lining. hit me just a bit lower than on the model.",2,0,13,General Petite,Dresses,Dresses
9227,927,59,Great sweater for cool weather,"The sweater is light and very soft. the silver banding on the neck, sleeves and hem make it easy to dress up.",5,1,0,General Petite,Tops,Sweaters
14344,1086,22,Perfect year round dress,"This dress is incredibly soft! with sleeves that can be rolled up or down, it is extremely versatile. while the dress is very comfortable and mostly fits true to size, i found it to be ever so slightly snug through the hips at first. however, i am somewhat difficult to fit with an accentuated hourglass figure. overall, i am very happy with this purchase and look forward to wearing it during my travels!",5,1,2,General,Dresses,Dresses
3748,936,31,Nice but sleeves are way too long,"I ordered this and thought it would be cute for work, but it tuns out the sleeves are ridiculously long. i am 5 foot 10 and do not have short arms. also it is a bit short waisted for me. i do love the floral detail of the button.",2,0,0,General,Tops,Sweaters
3249,380,38,Chevron pattern off center in back,"I purchased this swimsuit in the mint. gorgeous color combination. i'm 5'5"" and weigh 117 lbs. i purchased a small. the fit is true to size. i love the front design; however, my husband promptly brought the back of the swimsuit to my attention. the chevron was off center. the design should have been centered with my back; however, it was on the right side of my back. i immediately called retailer assuming the product was defective. the item was sold out on line; however, a supervisor was able to l",1,0,5,Initmates,Intimate,Swim
20429,867,48,Super cute!,I had bought the pull over in the same fabric and now this zipper jacket style. so fun and love the texture. i waited for markdown plus promo and it was worth waiting.,5,1,0,General Petite,Tops,Knits
16602,142,19,,"I really liked these leggings, so comfy! they are so soft and the waistband is thick(about an inch wide). i am a size 10 in pants, i got a size m. i have a 33 inch inseam and these came down to my ankles. these leggings have textured stripes at the calf and hip.",5,1,1,Initmates,Intimate,Legwear
7594,1033,37,Perfect,"I typically wear a 26 in jeans and in these i got the 25 and they fit perfectly. i ordered the 25 because i wanted a more fitted look and that was what i got. they are well made, a nice dark wash and with the size 25 a more straight fit and not boyfriend fit. i'm only 5'3"" so they come a little past my ankle when unrolled. i've worn them two days in a row and they haven't stretched out...highly recommend.",5,1,7,General,Bottoms,Jeans
17846,877,36,,"Really fantastic shirt. ordered multiple colors and will keep them all. the gray especially looks a bit boring online, but is gorgeous in real life. it has different shades mixed together and is really pretty. neckline is interesting. wish the front was a tad shorter, (i'm 5'4) but don't think petite will work. really, really great shirt.",5,1,7,General,Tops,Knits
17938,936,40,Retailer classic,This sweater coat is a keeper. yes it runs large but if you wear it as a coat and not a sweater it works well. plus it is very warm. for size i normally wear a large 12/14 and i ordered a medium. great for layering soft winter whites. i wore this christmas shopping and everyone asked about it all day. this will for sure go into my retailer classic closet.,5,1,2,General Petite,Tops,Sweaters
7138,1005,39,So happy!,Love this skirt. it was on my wish list from the first time i saw it in the catalog. so glad i was able to get it when it hit sales. i love it. thr color is more subdued than pictured but very nice anyway. the cut is awesome and flatering pretty true to size for me (petite) winner,5,1,2,General,Bottoms,Skirts
7267,867,39,Excellent standard for my wardrobe,"I purchased the black tunic. as others have mentioned, this piece goes great with skinny jeans or leggings. when i'm rushing to find something to wear, this is one of my go-to's. nice coverage. not see-through.",5,1,0,General Petite,Tops,Knits
6740,1111,58,,Saw this in the store and just had to have it. beautiful design. fits perfectly. looks nice with a belt as well.,5,1,0,General,Dresses,Dresses
16296,364,34,Too much cardigan,"I was definitely wearing retailer colored glasses (my term for when something looks great on you in the dressing room but leaves you wondering what-was-i-thinking when you try it on later) when i bought this. once i tried this on at home, i basically felt like i was swallowed up by this thing -- there's so much fabric layered in front and around your shoulders that you can actually feel the weight hanging down around your neck, and it naturally sticks out rather far in the back. i wanted to love t",2,0,3,General Petite,Intimate,Lounge
7325,860,36,,"I really liked this top. ordered the blue and am considering getting the pink color. 5'4, 135lbs, ordered xxs and it fit great. has nice drape around hips and not too snug.",5,1,0,General,Tops,Knits
5932,201,24,Add a little shimmer to your outfit,"These tights are wonderful, exactly as pictured (but the shimmer is more apparent in person), definitely true to size, and super comfy! the only tricky part is finding the right shoes to pair with.",5,1,0,Initmates,Intimate,Legwear
20988,1078,51,Soft and comfortable,"Cute dress. i say true to size - but keep in mind it is loose and flowy and i purchased in my usual size medium and it fits perfectly. it's lined so there is no need for a slip. very comfortable and cool. i am 5'6"" and it is 3"" above knee. i paired it with the gemline lariat turquoise necklace and have already received several compliments and my day is only 1/2 over!
a great priced dress which holds true to retailer's quality and uniqueness of items offered.",5,1,0,General,Dresses,Dresses
10884,1081,42,Soft,Love bailey 44. this dress does not disappoint. the blue is beautiful and the fit is very flattering. the material is really soft and the dress is very comfortable.,5,1,0,General Petite,Dresses,Dresses
10319,1110,51,Versatile dress,"Fun transitional dress for fall that can be worn with ballet flats, boots or booties. true to size. for reference i am 5'9, 138 with an athletic build.",5,1,3,General,Dresses,Dresses
8576,1078,53,Way too much material,"First let me say i love the fabric and the pattern of the blue dress. but the fit is extremely loose. they could take out an entire 12 inches of material and it would still be a swing dress. the photo of the back of the model, where the blue dress goes in to her waist is not at all accurate. if it was, i would love this dress. the photo of the model wearing the other color is how the dress actually hangs - straight down from the underarms and then bigger as it goes toward the hemline. i am 5'7""",2,0,9,General,Dresses,Dresses
3974,907,47,,"Really wanted to luv this top buttt it ran small in arm length & in the front, bottom...backside was perfect coverage...also most important this top is see-through! item as pictured is not accurate!",1,0,2,General Petite,Tops,Fine gauge
3113,906,28,Love this sweater!,"This is a great sweater that i know i'll get a ton of use out of! i've already worn it three times, and i've had it a week. i typically wear small or medium in tops and sweaters, and ordered a medium in this one to ensure the arms were comfortable. the nude color is perfect.",5,1,0,General Petite,Tops,Fine gauge
20753,317,29,Unexpected find,"I was at my local retailer this weekend, needing a bathing suit for an upcoming trip and this set was sitting in the ""get it while it lasts"" section, in my size. i tried it on (top in two different sizes 32c and 34b and a bottom), and it was literally the only time in my life i've ever tried on a bathing suit and been happy with the results! great material, the design is retro but with a modern twist with the fabric, supportive top without squishing (went with the 32c...same as my regular bras), t",5,1,1,Initmates,Intimate,Swim
8080,1078,35,Horrible,"I cannot imagine this dress working in any size. i am a small, thin and average height woman (usually a 25/26 in pants, a size 32c bust, and 5'6"" tall). this dress was huge. i sized down to a 2 ( i am always a 4 in dresses) and this dress was still big... i do not know if i could size down to a 0 though as the shoulders seemed to fit right. it was ginormous. i got it for a wedding in two months and i will be 3 months pregnant, it still wouldn't work unless i was 9 months pregnant and carrying tr",1,0,2,General Petite,Dresses,Dresses
23395,630,38,,"This is the best little romper i have ever tried on. i don't typically love myself in shorts but these are so flowing and the pattern is so pretty i couldn't resist. the material is nice and the length is great. i'm 5'6"" and 135lbs and the small fit great.",5,1,1,General,Bottoms,Shorts
8602,1078,20,,"Definitely shorter than expected, but a super light, airy, and comfy dress for summer nights. a must for summer dinner parties!!!",5,1,0,General,Dresses,Dresses
13788,836,37,Pretty top,"I adore maeve tops, and this is no exception. i'm small on top (32a), ordered my usual maeve size 0. i'm 5'3, 105 lbs, ordered regular (not petite) because the front of this blouse is already short. fits appropriarely, but take note it is much more blousy than it appears in the photo. you have to try it on, either you'll love it or hate it. i do love it's slightly oversized blousy fit, so i was not hesitant to put it in the dryer on low for about 15-20 minutes. well... it shrunk up like nothing",5,1,7,General,Tops,Blouses
12486,48,33,Gorgeous and flattering,"I found this set once while browsing the website. i fell in love with it and kept a photo of the set so i could save up to purchase it. as luck would have it, my mom surprised me with a gift card, so i applied it to my purchase. i'm so happy with the set. it's wonderfully flattering, and makes me feel sexy. i want one in every color!",5,1,0,Initmates,Intimate,Intimates
14116,921,74,Tunic,This top is well made and would be cute but huge. this top has no shape and is way big. back this goes.j,2,0,6,General,Tops,Sweaters
20989,895,37,Short and shapeless,"Even on my 5'1"", short-waisted, 100 lb body, this was super short. it was also super boxy. not flattering at all. the blue was a good color but this is going back.",1,0,15,General Petite,Tops,Fine gauge
16745,828,69,"Nice drape, lovely navy","I've been looking for a navy shirt for some time and this is it. it's soft, drapes nicely but it's not as dressy as silk shirt would be. the navy is really blue, not a black-navy like so many. i've washed and dried it in the machines and it came out well. shrank just a little, but that made it perfect. for me it was true to size because i liked the slightly over-sized boyfriend fit, yet it still has shape. if you want a fitted shirt, go down a size or look for something else.",5,1,7,General Petite,Tops,Blouses
2183,872,32,,"Got this shirt on sale and i hope they restock so i can buy more. super comfy and flattering at the same time. i have some extra baby weight and it camouflages that well. i'm normally a 6-8 but i'm an 8-10 right now and the medium was perfect. i'm 5'6"" and its plenty long enough to wear with leggings. a great shirt and i'll be sure to watch out for this one to come back. please restock!",5,1,0,General,Tops,Knits
16515,927,35,Elegant comfort,"I saw this online and couldn't wait to get my hands on it. my only problem was choosing a color. i got the black one. it is a bit hairy, but soft and smooth as well. it feels very high quality. it has two nicely placed buttons if you'd like it kept in place, but it's just as nice loosely draped. it will work well dressed up or down. it runs large, but clearly intended to.",5,1,0,General,Tops,Sweaters
16038,872,36,,"This top is an easy, classy staple for summer -tts and drapes well, great shape",5,1,0,General,Tops,Knits
22657,895,33,Strange fit,"The pattern and fabric are lovely, but the sleeves are short (unlike the photo) so it drapes very strangely. i personally could not figure out how to wear it so that it looked anything remotely like the photo. had to return this one.",2,0,1,General,Tops,Fine gauge
13234,1078,24,Love it!,"This dress is soft and comfortable. it's perfect for summer. i ordered my usual size 4 petite and it fits perfectly. 34"" 26"" 5'1""",5,1,5,General,Dresses,Dresses
14333,432,47,Not as beautiful as online,"I'm disappointed in these pants, which looked so beautiful online and even have pockets! in person the pattern and colors aren't as nice, the fabric is too thin, and the pants look cheap. the pockets are pretty shallow. the fit isn't good either. i ordered up (i'm between sizes) and they're still not as flowy as i'd have liked. these are too pricy as lounge pants for me to be on the fence about them, so they're going back. if you buy them knowing about the thin fabric and snug fit, they might wo",1,0,2,Initmates,Intimate,Swim
13790,1095,32,So disappointing,"I was so excited to get this dress, and it was such a disappointment! it looks so cute on the model, but it was very different when i got it. the color is a lot more yellow than i thought it would be, and the pattern just looked a bit strange--it stood out more against the yellow instead of looking neutral. the dress fit really awkwardly on the top. the straps were way too long, and the chest area was practically baggy when i put it on. i normally wear a 4p, and i ordered down to a 2p. the waist",2,0,0,General,Dresses,Dresses
9946,1035,62,,Best jeans! fit is amazing! buy them; you won't regret it!,5,1,0,General,Bottoms,Jeans
8191,820,29,Cute and versatile in black,"I got this in black. it can be casual or dressy. very lightweight, comfortable and flattering. i ""collect"" black tops (since i rarely wear any other color) and this is now one of my favorites. i think it looks totally different in the black than it does in the other colors -- more refined, less casual. this runs quite large. i am a 0-2 but needed the 00 in this top.",5,1,0,General Petite,Tops,Blouses
4041,1056,43,Comfortable and stylish,"I love these pants, they are soft versatile and stylish! great choice!",5,1,0,General Petite,Bottoms,Pants
22186,1123,24,Beautiful jacket,"This jacket is phenomenal. the color is gorgeous in person. the brown has a unique shimmer to it that just makes it feminine and special. it's also very warm and comfortable. like some other reviewers said, it looked great zipped as well as unzipped. this is a really special find and great addition! if you're considering this jacket i say go for it. for reference, i actually love the fit and thought it was tts, though i am a 32c and got this in a small so perhaps that's only the case for c cup a",5,1,0,General,Jackets,Outerwear
8125,472,42,Perfect fit shorts,"I typically wear boring shorts. you know - khaki. i saw these in the store and had to try them on. true to size in the waist, not too short, and the leg fit was perfect (slim without being skin tight). the pattern is far from boring. i can't wait to wear them out.",5,1,3,General Petite,Bottoms,Pants
7656,877,34,Meh,"It's a rather boring tank. i thought it'd be perfect under a cardigan for work, but decided against it. the fit is boxy, and does not look good on a girl with curves.",2,0,0,General,Tops,Knits
22304,1104,30,Great dress,"I love this dress. it is so flattering and comfortable! i am petite with curves, and feel so good when wearing this. i ordered a petite small. i will have to stop myself from wearing it every day this summer.",5,1,0,General,Dresses,Dresses
19268,829,41,Feminine & fun,"Bypassed this blouse online, but it's striking colors caught my eye at the store. bought the olive green color and it's gorgeous! the color is great for both spring and fall. i'm normally a petite xs at 5'0 feet and 104 pounds, the regular xs is a great fit for me. not too boxy and the length hits right at my waist. material is lighweight and flowey. don't hesitate to buy, it's a great piece to add some pop of color and goes great with skinny jeans..",5,1,0,General,Tops,Blouses
6372,1082,57,Stunning!,"This dress is even more gorgeous in person! i had seen in the spring catalog but liked it even more when i spotted it at my local store. i have been searching for the perfect ivory crochet or lace dress each summer for the past few years. i think i have finally found ""the one'! i should note i am 5'9"" and this dress goes all the way to my knees. it may swallow someone on the shorter side.",5,1,1,General,Dresses,Dresses
3696,1008,31,Beautiful!,"This skirt is so beautiful!! it's a bit small, but only a tad. i can still wear it, and it encourages me to lose 5lbs haha! i get compliments everywhere i go.",5,1,3,General Petite,Bottoms,Skirts
11168,862,40,Fina tie tunic,"I was extremely disappointed with the quality of this product. as soon as i put this tunic, the right tie loop detached from the garment. i could return it but the point of shopping online was to avoid the hassle of going to the store. the price of the item does not justify the low quality of the final product.",1,0,4,General,Tops,Knits
8756,949,53,Love!!!,"I am petite, 5'2"" - purchased the xsmall and it is a little big, but had to have this!! i would say runs a bit large. i think it will be a great addition to any wardrobe.",5,1,0,General,Tops,Sweaters
17257,864,47,"Beautiful , romantic","I was hesitant to buy this because some reviews said that if you were busty it would fit tight and awkward across the chest.. i'm petite, 32c, 5ft and purchased the xsp in white .it is gorgeous! it fits a tiny bit big and i think i could have gotten away with a xxsp, but i like the flowiness of this size i have so i'm keeping it. it does not feel tight across the chest at all and hangs beautifully. i love it! the material is gorgeous and it is well made.",5,1,0,General,Tops,Knits
4334,1078,42,Say yes to this dress!,"I read the rave reviews, but tried this on with low expectations. i am curvier on top so i thought the dress would make my chest look huge and show my tummy budges. the dress was the exact opposite - so flattering and a piece i could truly dress up or down. i am 5'6"", 135lbs and a small fit perfectly. i rarely purchase anything at full price but plan to circle back to my local retailer to pick this up today.",5,1,0,General,Dresses,Dresses
20348,1078,23,Love this dress,"This dress is gorgeous. flattering, comfortable, and machine washable!

for reference i am 5'5 145lbs, 38-30-40 and 34dd. i got the medium and it fits great! only flaw is that the armholes are a little large, but not enough that my bra shows so i am okay with it.",5,1,4,General,Dresses,Dresses
1406,1025,59,,Tts and very very sleek and flattering. just love for summer. nice light weight. feel great on and not saggy. nice color addition since my other favorite are lighter shade of blue.,5,1,1,General Petite,Bottoms,Jeans
3527,872,56,Fun yet not too casual,One of the sales women was wearing this today. she looked amazing. then i tried on. i looked really great. the gray pattern is much more distinctive in person. it is comfy - 97% cotton. the unique hem adds punch. able to dress up or down. i'm a true size 6. small fits perfectly. medium was very loose and oversized. well constructed. feels more like a $98 ($78 retail) pullover. highly recommend.,5,1,16,General,Tops,Knits
9214,862,53,Beautiful,I am very happy with the top.well made and beautiful color.,5,1,0,General,Tops,Knits
17728,1077,39,Love - loose fit,"The back of this dress is stunning. i am usually a petite but could get away with regular. tried on xs (115 lbs, 30dd chest) and it was good length and not too low cut. colors are really fun, the mango one has a tiny bit of sparkle in one of the lines. flory and airy.",5,1,17,General Petite,Dresses,Dresses
11528,1131,40,Great addition to your coat closet,I can't wait for it to get colder so i can wear this out. love the ochre color paired with the maroon faux fur lapel. i especially love the detail at the pocket edges. very well made. the faux fur is luxuriously soft and removable. this will go great with denim and long skirts. the wool is a bit stiff in my opinion but that's okay. this will make a great addition to your autumn and winter closet. most of my outerwear are blacks or dark blues or dark greys so it's nice to be able to wear a bit of,5,1,2,General,Jackets,Outerwear
20310,945,68,Disappointing,Ordered this vest on line and returned it due too poor quality .,1,0,1,General,Tops,Sweaters
7972,1099,62,Beautiful dress!,"This dress i received is stylish, comfortable and very nice to wear. i love the length, goes just below the knee and i am 5'2 so it is perfect for me. i can't say enough about this dress as i can't wear a lot of things because i am apple shaped but with this dress no one would ever know. thank you retailer for this beauty!",5,1,1,General Petite,Dresses,Dresses
5977,850,36,Pretty and sophisticated,"This is a great top! i love the color of the pink... it is the perfect color of pink; not too bright or too light, but a pretty pink-coral spring color! i am fair skinned and this color looks great on.
i got the 0 regular and it fits perfect. i am 5'2"" and 110lbs. i usually get petite but i can't imagine this shirt being shorter... it's a great length. i can wear it slightly tucked in or out without it looking sloppy. it also hides any belly issues for those mamas out there. love it! perfect fo",5,1,1,General Petite,Tops,Blouses
17627,1080,56,Adorable dress!,"This dress is adorable! i purchased it in black and white to wear to my daughter' s bridal shower. i received so many compliments. it was comfortable, stylish and best of all wrinkle free. i actually ordered it online and when i got it, the dress required no ironing of any kind. love it! i think i may have to get in in the red also.",5,1,4,General,Dresses,Dresses
12503,936,33,Nice sweater :),Got so many complements! really comfy but runs big! i'm usually a large and i wish i had gotten the small.,5,1,0,General Petite,Tops,Sweaters
20545,489,39,Cool for the summer,"I was skeptical about buying a romper. i was also unsure what size would fit me (i'm 5'5"" and 150 lbs.)  to my delight, the romper fit perfectly! it's a gorgeous and flattering fit.  i love the design and fabric!  it's stunning!",5,1,0,General Petite,Bottoms,Pants
9659,828,41,"Casual, fashion forward, trendy","Great colors, style and fit",5,1,0,General Petite,Tops,Blouses
13941,1110,43,,"I purchased this dress in the berry color. it is beautiful and feminine. the length fit just like in the picture. i love all the detail and ease of this dress. i'm 5'2"" 34d and purchased a size 2. it fits true to size.",5,1,9,General Petite,Dresses,Dresses
6133,862,46,Soft and comfy,"I bought this to give room for an expanding tummy - i'm 6 months pregnant and this completely conceals the bulge.  i suspect i will appreciate that in the spring when i'm actually trying to hide my leftover belly... it's incredibly soft and the top is wide enough to cover a bra strap.  the arm holes are small enough to cover my parts but large enough to be comfy.  i'm 5'5"", medium build and normally wear a medium but got a large given my circumstances.  a medium would have probably worked normal",5,1,0,General Petite,Tops,Knits
8965,940,57,Perfect sweater coat,"This sweater coat is perfect. i've been looking for one i loved for years. in my opinion, it runs true to size. i ordered my usual xsp. it is fitted in the arms and loose on the body. i love it.",5,1,0,General,Tops,Sweaters
15504,1099,22,,"Cute but not sure it's worth the price point. i might reach for it in sale, and while it was cute on, i just don't spend that much on a daytime casual dress. i'm sure you could dress it up with heels or something but there's something about this dress that screams casual daytime. still very pretty and flattering! i loved the neckline and detailing there",5,1,0,General Petite,Dresses,Dresses
18036,1094,94,,Dress just did not fit will around the hips.  also the string belt was defective - basically about to come off.  looks like someone may have wore it and returned it.  was not flattering at all.,1,0,0,General,Dresses,Dresses
3611,1094,44,Great fit - perfect summer dress,Tried this after missing out on the very similar terra max dress where petite sizes sold out. the medium is perfect and the style can be dressed up. wore it on a day out and two strangers complimented me on the 'great dress'!,5,1,0,General,Dresses,Dresses
7698,189,34,"Comfy and cute, high quality socks","I love these socks so much! i ordered the beige and red pair with the polar bear design and they are my new favorite socks. these are comfy, with great stretch and just the right amount of cushion. however, the best feature is the cute little frill around the cuff! i want to order more, but i don't care for the other designs as much as the pair i ordered. instead, i will be keeping an eye on this brand to see what they come out with next!",5,1,4,Initmates,Intimate,Legwear
15309,916,43,Awesome poncho,"Just to back up what everyone else is saying, this poncho is perfect. it is indeed super soft! casual and fun. i personally thought the coloring at the bottom was even prettier than pictured. this poncho is not tight around the neck, yet not lose. it goes right over your head without messing up your hair. i love the sleeves. they can be worn above the elbow or easily pulled just down below it. a great alternative to a sweater. i ordered the petite xs/s and i'm 5'3. hits right at bum.",5,1,0,General,Tops,Fine gauge
16031,1056,33,"Comfy fit, be careful when you wash them","I love these pilcro pants. i had them in two colors, both beige and khaki. super comfy, and they stretch out a little around the waist with wearing. however, i recently ruined both sets in the wash because i used a stain-stick remover to try to get some grease spots out of them. the stain stick instead lifted the dye off of them! now i have two sets of pants with odd light splotches on them...so sad they aren't more color-fast :(",5,1,1,General,Bottoms,Pants
6315,854,48,Boxy,"I found this piece very boxy and not very feminine. i tried to make it work but i just wasn't feeling it the material is thin and the design is boring. unfort, it wasn't for me.",2,0,0,General,Tops,Knits
8269,862,25,Not that flattering,I love everything from retailer but this top did not fit all that flattering. the neck line fits a little weird. too bad. color was nice though. i returned the top.,2,0,7,General,Tops,Knits
20244,895,33,So soft,"I happened upon this one in store in my xs size. online it would not catch my eye, but in person i love it. it fits like a glove and is so soft and elegant with the knit detailing, pleats, and length in the back. i couldn't pass this one up. i also agree with the other reviewers about colors:/",5,1,0,General,Tops,Fine gauge
10519,254,34,"Wanted to love it, but it's too short",I was in love with this suit from the pictures. unfortunately the top is a little too short so the peplum skirt hits right at my widest part and doesn't meet the bikini bottoms.,2,0,1,Initmates,Intimate,Swim
22578,1070,58,Perfect!,"When i saw these in the store i liked how they were different from usual leggings and, the nice fabric weight. i especially liked how they were not tight at the ankle and fit similar to a pair of ankle pants. since i wanted a slightly looser fit, i usually wear a 2/4 i went w a medium. can't wait for the weather to get colder so i can wear them with a sweater and ankle boots.",5,1,0,General,Bottoms,Pants
15082,886,55,,,5,1,0,General,Tops,Knits
5916,833,43,Unique and eye-catching top,I love floreat and was excited to find this top on sale. i received multiple compliments the first day i wore it. it is true that it might be better with a bit less fabric but it wasn't a deal breaker for me. the flowy shape it ideal for summer.,5,1,0,General Petite,Tops,Blouses
7879,1078,26,,"For reference i am 5'5 about 140lb, typically wear a size 6. luckily they had it in-store around me so i as able to try it on. i read the reviews and first tired on a size down, but it still didn't look quite right on me. i was daring and tried on another size down, and i'm glad i did! there is no lie that it runs large! it's a beautiful dress and heavy enough to wear into the fall! i will say it does still have a little ""tenty"" shape to it, but it's just the style of the dress.",5,1,1,General,Dresses,Dresses
6705,1053,47,Weekend or work - all good,"I am pretty obsessed with these and wish i could get them in many more patterns. the fit is ultra comfortable and true to size. the style allows you to put on a t-shirt, sweater, cardigan + t, whatever, and look completely put together. i got loads of compliments on them on the first day i wore them.",5,1,0,General,Bottoms,Pants
10005,1110,34,New go-to dress,"There aren't enough great words to describe this dress. tried on the black one in store yesterday and knew immediately i was going to purchase.  everything is perfection - not tight slip underneath that even has the strap snap closures to hold it in place at the shoulders, not too low cut, hits right above knee so not too short, light weight, flattering, etc!!  and machine washable! can dress up or down. could even wear to work with a jacket or cardi. can wear all seasons - can't wait to pair wi",5,1,9,General,Dresses,Dresses
461,850,52,"Very pretty, boho chic","I purchased this blouse because i love a 70's vibe in my tops. it is a beautiful, colorful top, but the colors weren't flattering on me. having said that, the cut is nice, the fabric is lightweight and flows nicely, and the fit was fine on me. i am a curvy 5'5"" with a 36 c cup. go for it if this is a style you like. one other note, i wish it had been a bit longer, but i am older and prefer a little more coverage. it's just a personal preference. i think the picture is an accurate depiction.",5,1,5,General Petite,Tops,Blouses
16886,834,36,Perfect in every way!,"I love this top so much. i dare say it is one of my favorite retailer purchases to date. i got it in the blue and it is really magical! i get compliments every time i wear it. i have a pair of dressier black leggings that i never know what to wear with, i'm not really a leggings person. but this tunic is exactly the piece! plus, this tunic comes with pockets. what's better than that??!",5,1,0,General,Tops,Blouses
4696,831,47,Stunningly beautiful,"I took a risk and bought this blouse and got a wonderful surprise. i bought my usual size small (34c, 31"" waist) and it was perfect. the details of this blouse are amazing. you cannot see the flecks of copper-gold leaves all over the fabric or the gold threads running down the seam in the front. it is really, really beautiful. the fabric overall is soft and flowy and the sleeves do not stand out off my shoulders in a weird way. there is a soft flow of ruffle down both sides of the shirt. the fro",5,1,3,General,Tops,Blouses
8421,1046,26,"The ""dip your toes in the culotte trend"" pant","I skipped over these when they first cme in store, but it was reccomended to me to try them on. so i did, and i loved them, they look like a skirt which is amazing but you won't be worrying on those breezy days ;) they run very big!!!! i'm usually a 26/27 or 2/4 in pants and i got the xs and feel like i could have even sized down but that's the smallest size carried in store. i got them in the green because i felt that the color went more with the casual feel of the pant. if you are interested i",5,1,14,General,Bottoms,Pants
1642,1059,52,Classic and timeless,"I was a little concerned ordering these online without seeing them in person but they do not disappoint! the fabric has a little texture to it that makes them look and feel like a high quality pant. the design is unique and provides visual appeal, and i still feel like i can wear them in my office without looking out of place. i love the high waist on these!",5,1,2,General,Bottoms,Pants
11187,1078,65,Not as pictured,I just received this dress wadded up in a bag. it is nothing like the colors shown on line. in the picture it appears blue and white. in actuality it is teal and a funky color of beigey pink. the top is see though but it does see have a slip under the skirt. will be sending it back and again remind myself why i shouldn't try to buy a dress on line.,1,0,4,General Petite,Dresses,Dresses
10442,1116,53,Run and buy this coat today!,"I ordered this coat as it was on sale but it was so nice it would have been worth full price. i am 5 feet 1"" and 110 pounds - i ordered a 4 petite as i like jackets a little larger for a sweater underneath but i could have used the 2 petite as well. this coat is heavy - so also very warm. it is a little shorter than on the model. the colors are more vivid the blue is a denim wash blue not navy blue - it fits fabulously and the quality is great. i wore it to dinner with a navy turtleneck and must",5,1,1,General,Jackets,Outerwear
8478,863,62,My new favorite top!,I bought this in an extra small at a store in the lilac color and loved it so much i ordered a white one online 2 days later. they were out of extra sm so i ordered a small which is still ok as it looks cute being on the big flowy side with my jeans. i normally wear a medium in tops. i've received many compliments on these... they are very figure flattering and it's nice they are a little sexy for a loose top because of the open shoulders. i hope they come out with more colors for summer because,5,1,2,General,Tops,Knits
19150,906,41,Fun sweater,"This sweater is flattering, fun, and practical. i wear to work and out at night to dressier functions. i bought both the green and black. both are cute on and super soft.",5,1,0,General,Tops,Fine gauge
760,937,43,"Nice, comfy sweater",I tried this on in the store and had to have it. this is the kind of sweater that you just want to cozy up with on a nice fall or winter day with a cup of coffee in hand. i love the neutral pink color as it will go with everything. i'm a dress and skirt girl and this will go well with those items. it will cover your bum and i love the dolman sleeves. i highly recommend it!!,5,1,0,General,Tops,Sweaters
455,234,33,,,5,1,0,Initmates,Intimate,Swim
2101,1092,41,Beautiful,This dress is beautiful in person. i am 5'1 and was afraid it would be too long but it was perfect. i only need 2 inch heel and it will be fine.  details on the flowers are really nice. one more plus it machine washable.,5,1,0,General Petite,Dresses,Dresses
18460,876,60,Unique front and back,"The back of this top is very unique and the embroidery looked like it would hold up.
it does have a boxy shape, but it really works with this piece. i found it to run true to size compared to other pieces i have from retailer. for some reference, i'm 5'5"" and weigh 148lbs.",5,1,23,General,Tops,Knits
11485,825,57,Lovely print...,"I received this tank today and i fell in love with it immediately! i am petite (5'3""/36b/108 lbs) and purchased this in the only size left, which was a small. yes....it is very billowy (but i do a half tuck into my pants and that solves the problem perfectly and looks great!!) i have very well toned arms and the way this is cut just accentuatea this! yay!! the fabric is soft and the overall look is super feminine!!! so very happy with my purchase! plan on wearing with jeans shorts/cropped jeans/",5,1,1,General,Tops,Blouses
170,670,36,Fun,These pants are fun! i use them as sleep pants. i had to size up because the waist band was a little tight for comfort.,5,1,0,Initmates,Intimate,Sleep
6858,862,40,Love!!,"Love this shirt so much. it is comfortable and a beautiful print. i sized down because it is very flowy! it is ivory instead of white, but still looks beautiful. one of my favorite tops.",5,1,1,General,Tops,Knits
10679,1083,26,Just incredible,"Got this dress in the mail today, and i am blown away. the fit is amazing! normally i would get an 8 in dresses, sometimes a 6, i got a 6 in this one and it's perfect. hugs in all the right places. everyone needs this dress! i feel like with the style and fit of this dress, it should be a little more snug so i recommend sizing down. cannot wait to wear this one!",5,1,2,General,Dresses,Dresses
15270,1083,54,Ridiculously flattering,"This dress fitted me like a glove. i ordered the size 4, at 5ft7 and 130lbs, it was perfect though i could not weigh two pounds more. i cannot wait to wear it, it has that wow thing going for it, very good quality too.",5,1,0,General Petite,Dresses,Dresses
23457,262,49,Adorable,"These pants are soft, fun print and comfy. they are a drop crotch, but the cut is flattering without bunching up between legs. they are perfect for pjs all day type day!",5,1,3,General Petite,Intimate,Lounge
4904,834,57,Nice flow top,"I am 5'7"" and 36a cup. i tried on the small and it fits perfectly. i can see how if i was bustier it could be a problem. it looks better in person, dressy enough for the office but comfortable fabric and nicely shaped. i love this with jeans and can't wait to wear it to work!",5,1,0,General Petite,Tops,Blouses
11686,457,39,,,5,1,0,Initmates,Intimate,Legwear
17819,861,45,Stylish and comfortable,I bought this top in every color. the fit is so flattering and just flows so nicely - not too big. love!,5,1,0,General,Tops,Knits
21021,1078,52,"Comfortable tunic, yet fashionable and edgy",This is a a great piece.   i tried it on in denim and went out and ordered the red checked print.  this was so cute!   i loved it in the red checked and then ordered the denim.   it can be dressed up or down.  it is comfortable and there is an edgy quality to the look.  you can wear heals and a statement necklace and it really is dressed up.  order a size down and it works well.  thank you retailer!!,5,1,0,General,Dresses,Dresses
15731,895,67,Image does not do it justice,"This is the cutest sweater. i bought it today in black. i cannot wait to wear it. it is a lovely, distinctive knit & just the right weight to layer as shown with a white blouse or with a turtleneck. i tried both the xs and s; and i decided to go with the s as it still emphasized that i have waist, but i could layer it nicely. i am 5'4"", 130 lb. you can always count on angel of the north for great style.",5,0,16,General,Tops,Fine gauge
2602,975,46,,This jacket is so pretty and fits amazing! i ordered the size small and it fits as expected. i normally wear a size small and a size 4.,5,1,1,General,Jackets,Jackets
450,1077,30,Looks fine if you don't move your arms.,"Three strikes and retailer is out for me! i am so disappointed. i really liked this dress and was looking for a fun, distinctive new shift dress. got it, tried it on, took it off, went back to look at the listing online...nowhere does it mention that it has a drop-seam in the shoulders. i guess you can see it if you zoom in closely on the image, but it's not mentioned in the text. who on god's green earth actually looks good with a drop-shoulder?! it hits every woman under 5'10"" right in the middl",2,0,0,General,Dresses,Dresses
10830,907,29,Not your mother's cardigan,Gorgeous! purchased in red; color is glowing if you have warm complexion/cool undertones.,5,1,0,General,Tops,Fine gauge
1388,1110,30,Lovely dress,I stumbled across this dress at the store and fell in love. it's so bright and cheery but still sophisticated enough for most events. i love that the tulle that gives the skirt a slight flare and body is completely concealed. the dress is well lined and darling. i am small chested so i didn't have an issue with it feeling revealing nor did the lining hang out. i purchased this for my rehearsal and rehearsal dinner for my summer wedding. i look forward to wearing the dress many times after.,5,1,1,General Petite,Dresses,Dresses
16269,831,50,Love this top,"I'm 5'9 and 150 pounds and got a medium. the cut is very flattering on me and i have received many compliments when i wear it. it is lined, so no need to wear a cami underneath.",5,1,0,General Petite,Tops,Blouses
22494,1033,63,I think pilcro are my favorite jeans.,"I love the serif jeans and these stet mid-rise jeans fit perfectly, too! true to size and i really like the wash. i am 5'4"" and a size 2, and the 26 fits just right. because of my height they come closer to the ankle on me than what you see on the model. i have more of an athletic build, rather than curvy.",5,1,3,General,Bottoms,Jeans
13614,1077,33,Awesome and unique,"I love this dress, the print is beautiful, the fabric has a nice heavy drape and the cut is simple but unique. i'm short and curvy so generally shapeless dresses don't work on me, this is an exception.

i ordered the regular instead of the petite and it is full length on me, which i think i like more than if it were a midi.

the armholes do cut in, i wasn't sure if i liked that until i sized down and it fit closer.

my husband chuckled that it's a little mrs. roper... i don't care, i'm wea",5,1,1,General,Dresses,Dresses
23159,1094,56,"Nicely made, colorful","Well made dress, but too much fabric for my taste. it lays a little heavy on the body & does not give a slimming affect. the colors are vibrant & pretty, but the dress is too long, as well. as other reviewers have said, the front is too low cut, but turn it around and it looks & feels better. didn't work for me, sadly, i'll be returning it.",2,0,0,General,Dresses,Dresses
15725,945,36,,"This vest is sooo cute!  i bought the red (really a dark burgundy) and it is perfect for fall.  i wanted to buy the other color but it's sold out online.  i'm 5'3"" and the length is fine.  i'm usually an xs 2 or 4 at retailer and the regular xs/s is the perfect size.  i am on the busty side and doesn't make me feel too heavy like some vests.",5,1,0,General,Tops,Sweaters
14906,833,44,,"This top is absolutely adorable, i cannot express how much i love it. paired with skinny jeans and a bright cardi for the spring, this can easily transition into summer. it's actually cuter irl than in the picture. if you are on the fence about this, get it! you won't regret it.",5,1,4,General,Tops,Blouses
18831,1095,34,Terrible fabric,"The good: the sloths are cute because sloths are always cute. 

now the bad: the material is wretched. it feels damp even when it's not... it's see through and unlined... it's scratchy and wrinkly... and though the cut of the dress would be fine, the fabric is so limp that the high-low hem looks more like a tail. 

i wanted to like this, but charging nearly 200 dollars for a see through piece of awful fabric with a passable cut was simple not acceptable. i returned it as fast as i possibly c",1,0,5,General,Dresses,Dresses
13319,1035,42,Not so flattering on the backside,"I love my very old pilcro stet jeans. they are the perfect denim weight, and the back pockets are set in a way that is very flattering for the tush. not so with the newer pilcros unfortunately. the denim is thinner and may have more stretch and they get worn and pill on my inner thighs. and the back pockets are set far apart making my back side look unnaturally wide. it's a bummer.",2,0,0,General,Bottoms,Jeans
19213,1020,44,Beautiful skirt,"I read the other reviews on this skirt and tried the 4 and the 6 (i'm between the two sizes, typically) in case it ran small. technically it does. the 4 is tighter, but it looks better sitting higher on my waist. the 6 is looser, but doesn't look as good. likely sticking with the 4. the colors are gorgeous and the fabric is light and high quality. it can be dressed up or down.",5,1,1,General,Bottoms,Skirts
2391,1099,49,Great summer dress,"Cute, cool dress for hot summer days. very roomy. has pockets!",5,1,0,General Petite,Dresses,Dresses
3328,860,43,,I disagree with the fit description from the other reviews. i find the shirt to be super flattering and comfy. yes it it short in comparison to many styles these days. but it hits right at the waistline without being too short. super vibrant colors.,5,1,0,General,Tops,Knits
4758,381,28,Lovely little number,"Took the plunge and ordered this in the romantic floral pattern. i almost got the black because i thought it would be 'timeless' but the print is so fun - i'm glad i went with it! ordered a size m - for reference, i am 5'6, 135lbs, 34c, 28/39 and the fit is comfortable. i don't need a lot of support :) and i find the coverage adequate up top and on the bottom. i think it'll still fit perfectly even if i lose a few pounds before my beach trip. this is the first one-piece i've had since i was a gi",5,1,7,Initmates,Intimate,Swim
8612,260,40,Form and function,Beautiful warm vest. originally bought small but had to exchange for extra small. i love that it reversible and has a hood.,5,1,0,Initmates,Intimate,Lounge
12646,752,38,Great pajama pants,I love pajama pants by this company. i have a couple now and they are all so soft and lightweight.,5,1,0,Initmates,Intimate,Sleep
4028,895,44,Itchy and dull,When i returned this the salesperson asked what was wrong w it bc it keeps being returned. i got the black w the white collar/cuffs. i thought it was terribly itchy material (which could be remedied w a shirt underneath) but the white collar part was such a dull ugly white-dirty color. maybe the other colors are better?,1,0,1,General Petite,Tops,Fine gauge
15617,949,55,,"Modern, unique, versatile; love it paired with the essential culottes. usually size 4/small but got the xs, otherwise the armholes dipped down too low as did the back hem of the sweater (",5,1,2,General Petite,Tops,Sweaters
14681,1072,39,??this,"Adorable & comfortable. i'm 5'3"", 115 lbs, and ordered an xs.",5,1,0,General,Dresses,Dresses
16168,942,49,,,5,1,0,General Petite,Tops,Sweaters
9044,824,34,,"Looks great on the picture but when it arrived it was a great disappointment, both the colors and style. the material seems great quality but it's stiff and scratchy, the style is very boxy, and as another reviewer said, just hung. i'm a brunette and the colors looked terrible on me. back it goes.",2,0,0,General,Tops,Blouses
4618,1094,67,Major design error,"I was so excited to receive this jumpsuit as it looks so elegant and i love the lattice back. as soon as it arrived i set about unbuttoning it to try it on. 10 minutes and 2 broken fingernails later i got done. when i tried it on i found that it fit everywhere except the bust which was much too tight and i am not a busty person. so back it goes. even if it had fit, i do not think i could have handled the hassle of those buttons. why they didn't design it with a hidden zipper on the side and kept",2,0,1,General,Dresses,Dresses
5263,1035,37,,"Very comfortable, but ran small. great quality and great look.",5,1,0,General,Bottoms,Jeans
12296,1081,31,,Love this dress. going to wear it for thanksgiving. love the material.,5,1,0,General Petite,Dresses,Dresses
10990,1092,35,Love everything,"I loved the look of this dress online, and it's everything i hoped and more in person.
i'm 5'10"", 155# and pear-shaped.
while the bottom of this dress is voluminous, it definitely did not have a pregnant fit on my body shape.
the length was absolutely perfect, it wasn't scratchy in the least. i got compliments on the dress all day long. wore with a pair of cowboy boots while wine tasting in napa.",5,1,0,General Petite,Dresses,Dresses
12670,1110,48,10 lbs. no thanks!,"I was very excited to receive this dress because of the cute photo. however, upon arrival i was completely disappointed. the color is much more drab than the photo. the smudged polkadots weren't attractive. there were many little bumps and pulls in the linen. the dress is super heavy. the pleats around the waist did not lay correctly.
and it adds 10 pounds to your hips! super sad! i am sending it back.",1,0,25,General,Dresses,Dresses
7428,1086,44,So flattering!,"This dress fits and flatters a curvy silhouette. size medium length is perfect for my 5'7"" frame. utterly comfortable and so many compliments!",5,1,0,General,Dresses,Dresses
18673,840,48,Wide wide wide,Too wide! the design is cute but the wideness of the overall piece and arms made me lose my shape. you can't see your figure underneath at all. i don't like pieces like that. this went back.,2,0,0,General Petite,Tops,Blouses
14083,980,45,Great versitle jacket,"I ordered this jacket to complement the larkin dress by moulinette soeurs, which i planned to wear to a funeral. the pair together were perfect. the jacket added just the right touch in fashion and practical warmth on a sunny but chilly february morning in alexandria, va. i ordered my usual size and it fit perfectly, if not a tad bit large. but then i'm not very tall so occasionally items have more material than i need. but i never worry about that since it doesn't usually affect the lines of th",5,1,9,General Petite,Jackets,Jackets
11974,824,58,,,5,1,0,General Petite,Tops,Blouses
19256,996,49,A girl and a pretty skirt...,"This skirt is perfect. i'm a size 10 and i'm 48 years old. i've really been wanting a tulle skirt, but didn't want to look like baby huey in it a bip puffy tutu above my knees. this skirt is indicative of the quality that is bailley 44. the fit is great, the length is perfect. i plan to wear it with a chambray shirt and the burgundy colored obi belt.",5,1,1,General,Bottoms,Skirts
6576,336,35,,I cant say enough about these pants - they are such good quality. i bought the xs. they are tight enough and don't create crease in my legs. length is perfect for my 5.1 statue.,5,1,0,Initmates,Intimate,Lounge
7083,1035,47,Luv this brand!,"Pilcro from retailer is a great alternative to the premium denim lines with a way better price point! similar cut & quality with awesome rises and spandex/stretch content! also, the styles are always on trend!",5,1,2,General Petite,Bottoms,Jeans
8948,1077,56,Perfect summer dress,"Absolutely love this dress. it is perfect for the summer. yes it wrinkles but that does not take away from how cute the dress is. the style is so unique, love the pleats. i am 146lbs, 5'6"" 36dd and the size 8 fits perfectly. not tight through the arms holes or the bust area. the dress hangs perfectly, you can dress it up or where it to run errands.",5,1,1,General,Dresses,Dresses
2253,1011,35,Loved it from the moment i saw it,"This skirt is perfect-it can be dressed up or down depending on what you wear with it. it is a thick fabric so it keeps you warm (being a freeze baby i really like that). while the fabric is thick, it is soft, and it is moveable rather than being super stuff. it is not at all itchy. it is a little longer than i would prefer in a pencil skirt but i ended up keeping it anyway. this was somewhat compounded with the fact that i did end up sizing up on this dress. my normal size tending to stay at my",5,1,3,General,Bottoms,Skirts
16990,927,34,Such a beauty,"Ordered it in small regular and xtra small petite. what was surprising was that the xtra small petite fit better (meaning more room) across the chest. i'm normally a medium or medium petite, but this runs large. if you're unsure of a size, get both and return the one that doesn't fit as well. it's much better in person and looks very rich in colors and quality. the only complaint i have is there were some loose yarn pieces just dangling off the edges. i trimmed up with scissors and they didn't e",5,1,0,General,Tops,Sweaters
6809,862,39,"Nice fit, beautiful embroidery","I love the embroidery detailing on the top. i think this shirt looks better in person than online.

i'm an hourglass shape, and this loose style for shirts often tents out away from my chest, but this top drapes down nicely. however, loose shirts like this aren't my style, so i belt this at my waist, and it looks even better. the top flatters my broad shoulders (meaning that it doesn't make them look wider), and it hits below my hips (i'm 5'10""). i also appreciate that the armholes are small,",5,1,0,General Petite,Tops,Knits
12659,1059,60,Gorgeous & unique,Oh my gosh do i love this jumpsuit. i am so glad that i bought it. it is beautiful and fits perfectly. classy and beautiful and made in the perfect color. the design is slimming as well.there is nothing that i would change about it. i may be wearing this for my 60th birthday this month and am sure i will be getting it out for other occasions in the future. i love it.,5,1,2,General,Bottoms,Pants
19637,1037,40,,"While you can't count on the photo on your monitor to portray the exact color of an item, these photos are way off.  instead of the warm charcoal i see online, the pants are more of a dusty blue.  the material has very little stretch and i couldn't get into the size 24s.  the 25s were tight in the entire leg but huge in the waist.  for reference i usually wear a size 24 in brands like 7 for all mankind and citizens of humanity.",2,0,0,General Petite,Bottoms,Jeans
558,1044,39,,"I just received these pants and i am very pleased.  they are a little longer than i expected them to be, but that actually works out well because now i can wear them to the office.",5,1,0,General Petite,Bottoms,Pants
18652,895,59,Well.....,I feel like a pessimist but then again nothings perfect. the only thing wrong with this stunning sweater is no button or snap so it just bags open. love it tho,5,1,0,General,Tops,Fine gauge
11469,1025,32,Worth every penny!,"I was a little nervous to buy these because they are such a statement piece. but i love them! they are so comfortable which is rare for jeans. they create the optical illusion that i am a super model, so i will wear them as often as possible. very flattering and comfy=win win!",5,1,0,General Petite,Bottoms,Jeans
2013,1134,42,,"I love sanctuary clothing. this parka is on the lighter side, good for this mild east coast winter. it is water repellent. the length hits me on my upper thigh and the sleeves are long ( good for longer limbs). i received many compliments.",5,1,4,General,Jackets,Outerwear
10886,1081,49,An elegant comfortable dress,"Better than the picture, right chest neck line not too low. comfortable material and the cut is just right. bought two in different color.",5,1,3,General Petite,Dresses,Dresses
2961,854,52,Great tee!,"This is a great, versatile everyday tee. the fit is flattering, and the material is soft and lightweight. this, like many retailer tops, runs large under the arms. i first tried the medium, and although i liked the way the tee hung, it gapped in my underarms. there was no small in my store, so i tried on the xs. it still hung nicely, and no underarm gap. love the simple colors - denim blue and gray is a great combination. liked it enough to pay full price:)",5,1,11,General Petite,Tops,Knits
8327,1078,99,Beachy and boho!,"I love the weight of the material; sometimes crinkled gauze looks cheap; this does not. the lace trim is more 2-tone than the photo suggests, but that is not negative, and the color of the dress is more salmon than peach, again, not a negative. the length is as it is on the model, just below the knee. i wore it to what turned out to be surprise party for me at the beach! i paired it with huge silver hoops and silver flipflops. i felt special, stylish and comfortable. it was a good dress for some",5,1,1,General,Dresses,Dresses
16975,1086,20,Yes!,"Lovely dress. i was a bit hesitant as a reviewer mentioned the fabric being irritable but luckily i had no issues. the regular is long and i have to wear it with my wedge, but i'm ok with that.",5,1,0,General,Dresses,Dresses
2491,1078,49,"No, just no.","I wanted to love this. couldn't wait for it to arrive.  unfortunately, it doesn't look anything like the picture.  i usually wear a m/l in holding horses so i ordered a l but as soon as i held it up i noticed it was ridiculously large. the fabric is on the heavy side so the dress just hangs in a very unflattering way. and, it is extremely shimmery.  i love velvet, but the texture and sheen of this dress was just over the top. sadly, it is going back.",1,0,0,General Petite,Dresses,Dresses
20678,862,49,Great top,So glad i purchased this top! it has great style and can be matched with just about everything. the material is very soft and it seems really durable.,5,1,1,General Petite,Tops,Knits
5035,1059,57,Super for summer,"I live year round in warm weather and found these pants to be a great addition to my wardrobe. flattering and comfortable, the cropped look is a nice alternative to shorts. i'm 5.7 curvy but athletic.143lbs i usually wear an 8 or 10 in retailer but took the 10. i prefer my pants a little less fitted.",5,1,0,General Petite,Bottoms,Pants
15551,482,65,Comfortable,"This dress is extremely comfortable. the dress is slightly loose under the armpits, but the other than that the overall fit is great. can be dressed up or down!",5,1,3,Initmates,Intimate,Lounge
17661,862,39,Flattering top for all types,"Lovely top that seems to flatter all body types. fit is great, fabric is soft, style is lovely...great to dress up or throw on with jeans.",5,1,7,General Petite,Tops,Knits
9948,1022,47,The perfect pair of jeans,"The perfect pair. i am 5'6"". 130lb, and ordered size 28, and it fits just right. it is a little stretchy, so molds to your shape. the legs are slender, but not too fitted. no stitching along the seems makes these jeans classy enough to work with a dressy shirt.",5,1,3,General,Bottoms,Jeans
5754,1078,42,Perfect shift dress!,"I love shift dresses and i love t linen so this one was a must for me. i had it in my inbox as soon as it came out on the website and then i found it in the store and had to try it on. i took the six and the eight to the fitting room because i run in between, and the six fit better so i guess it runs a little bit large. really it just depends on how you want it to fit. the length is great too, about 3 inches above my knee, i'm 5 foot 5, which is exactly where i like my dresses to hit. i got the",5,1,15,General,Dresses,Dresses
8838,1094,27,Lovely and versatile dress!,"This dress is very pretty, versatile and high quality! i'm planning to wear it to a wedding. with the holiday season coming up, i will definitely get to use it as well. the fabric is very comfortable especially the top part; it's very soft. i usually wear an xs petite, this dress seems to be a liiiiiittle too long for me and the waist is a tiny bit too loose from how i like it but it's manageable. (i have this dress in ivory top)",5,1,0,General,Dresses,Dresses
22250,1077,28,Holy smokes!!,"This dress is incredible! let me say that when it first arrived, i was terrified that i looked like a got tangled in my grandma's curtain. the print was really overwhelming for my living room. however, i went with my gut and wore this dress for our engagement photos out in the woods. not only was in incredibly flattering, it photographed better than i could have imagined. wouldn't recommend wearing this grocery shopping but this is a perfect for a special occasion!",5,1,3,General,Dresses,Dresses
16599,1001,45,Beautiful skirt,"Fit, length and design were perfect. i took this skirt on a recent business trip and it transitioned perfectly from meetings to cocktail with an accessory change.",5,1,0,General,Bottoms,Skirts
23281,823,46,Such a fun top!,"Love this top. pretty colors and don't forget to notice the black lace at the bottom. can easily be dressed up or down with jeans or cigarette black pants and heels. everyone looks good with bare shoulders, so this is a definite for my fall / winter season.",5,1,0,General,Tops,Blouses
769,937,32,Not for me,The fit is not as shown on the website. will be returning.,1,0,0,General,Tops,Sweaters
21342,1095,48,Great dress.,This is an adorable dress. medium weight. i highly recommend.,5,1,3,General Petite,Dresses,Dresses
17324,1047,58,Beautiful pants,"Tried one at the store. love the look and feel of this pants. so soft and flowy! sizing runs large. for reference, i'm 5'4"" and 115 lbs. xxsp fits just right. highly recommended!",5,1,3,General Petite,Bottoms,Pants
18563,1094,94,Great dress!,"This dress is very comfortable, not itchy at all and looks great. runs on the large side and is a tiny bit unflattering in the middle but it's still a worthwhile buy!",5,1,1,General,Dresses,Dresses
3457,1056,32,,"This is my third pair of these pants. they are my everyday staple, good for work or play",5,1,0,General Petite,Bottoms,Pants
14691,863,47,Comfy shirt,"This shirt is so pretty and casual however with a nice scarf, it can also be worn to a nicer restaurant. it also hides all my flaws. the only concern i have is, it's a bit thin material and not sure how long it will last. having said that, i love how the material looks and falls on my body. i love it so much i bought a white shirt as well as the lavender.",5,1,0,General,Tops,Knits
1903,1036,56,Great jean,"I love these jeans, well,i have not worn them out yet so not sure if they will stretch, but just in terms of fit and cut, i really like them. i normally wear ch or ag in 25 or 26. i got these in 25 and they fit perfectly. i love the stretch, great color, not too thin, very comfie. i was worried about too much flare, but not a problem. they are very long, but i am only 5""2 and i will be hemming them about 8 inches .",5,1,0,General,Bottoms,Jeans
6301,1015,51,Tapestry skirt,"I found this skirt beautiful for year round wearing.  it's lined and tts.  i usually wear a size 4 and this fit well.  some might say it runs big but i like skirts to sit a bit lower on my waist and this gave me a good 2 inches in length.  i'm 5'3"" and 119# and it hit me just above the knee.  i paired it with the back tie embroidered top by akemi & kin because the blue of the embroidery in the shirt was beautiful with the blue in the skirt.  it will also go with a cropped creme turtleneck i have",5,1,0,General Petite,Bottoms,Skirts
8033,1006,35,Weird bunching in the front,"This was disappointing to me. i love how this looks on the model. unfortunately it made me look huge. it was all bunched up after i buttoned and put it on. i didn't find it was tts, i am a 10 m and got the m. it was too tight in the waist. before i'd even put it on, i noticed the waist looked very small. i don't even think the sizing issue caused the material bunching. it's like the buttons didn't match up or something.",2,0,3,General,Bottoms,Skirts
16661,868,32,So soft and flowy,"This tunic is a great length - i'm 5'4"" and it hits me mid/lower thigh. it's so soft and flowy which i love. i got a medium which is my normal size so i would say it runs a little big given that i'm almost 5 months pregnant with my second but it will still look and feel great post baby. arm holes are big but a cami can fix that. i got both colors available: the ivory and light red.",5,1,0,General,Tops,Knits
8551,964,33,Fit is weird,"I might be the only odd person out there who think this jacket is not perfect at all. a lot of other reviewers said that the jacket runs small. for me, it's not true at all, i had to go to xxp petite to find the fit acceptable, but it was simply too short (rather than 20"" as it states on the website, it's more like 18""), which is a thing i almost never experienced because i am a petite person! i don't even want to go regular size because it would've been too big. i saw some photos that others po",2,0,2,General Petite,Jackets,Jackets
19149,1121,37,S petite is oversized,"I usually wear a s petite so that's what i initially got in this. i'm 5'2"", 32c-27-36. the shoulders were about an inch too wide on either side, the sides along the top had tons of extra fabric (almost like batwings or a dolman cut) and the waist was at least 6"" too big! i'm re-ordering in petite xs and hoping for the best, because this is a gorgeous coat.",5,1,1,General,Jackets,Outerwear
22099,1021,34,Gorgeous & well-made,"I love this skirt! as a fan of different textures and pretty things, this piece exceeded my expectations! i am always a size 0 or 2 in retailer dresses and the 2 fits like a glove. the length is perfect - just above the knee. ever since i wore a valentino dress with a similar thick, neoprene material, i've adored the feel of it! everything feels firm and put together. the colors in this skirt are beautiful and the pattern is feminine and romantic. it will pair well with lots of different tops too!",5,1,0,General,Bottoms,Skirts
1719,899,53,Classic and trendy,"Classic and stylish. trendy with the blocking...rich colors, soft and comfy. i typically wear s and s was perfect. i love this sweater.",5,1,0,General Petite,Tops,Fine gauge
1135,1068,42,Stretch out a whole size,"First, the good parts: these are adorable in person and (i think) the colors are prettier in person than in the pictures. the green isn't too army green, it's a pretty nice mellow neutral that you could wear with reds, whites, blues, pinks...virtually any color.

the tencel fabric is super soft and comfortable and the drape is nice. they do seem to run a little large, so i'd size down if you're between sizes.

and now, sadly, the bad: these stretch out virtually an entire size after just about a",2,0,30,General,Bottoms,Pants
19189,1079,35,,,5,1,0,General,Dresses,Dresses
22615,886,30,Great top,"This is a lovely top! sooo soft, very flattering draping if you have a bit of a tummy. i wasn't sure about it on the hanger but was pleasantly surprised when i tried it on- very glad i have it a chance!",5,1,1,General Petite,Tops,Knits
17310,1059,37,,,5,1,0,General,Bottoms,Pants
13588,698,33,,"I love this caftan! it can be worn belted as a dressier look or unbelted down to the pool or beach as more of a caftan. this is the perfect, versatile piece to have for the summer",5,1,2,Initmates,Intimate,Lounge
16408,927,55,Weird fit,Fits and lots nothing like picture. very wide like a tent dress!,1,0,3,General,Tops,Sweaters
3478,959,32,,Very cute and great fit. i removed the belt (it's removable) for a different look.,5,1,0,General Petite,Jackets,Jackets
17275,872,52,Very cute,This top is so pretty and feminine. i love how the design and quality of this top.,5,1,1,General Petite,Tops,Knits
19074,39,26,Lovely!,"Well-made, gorgeous bra! the 'red' is more wine in person, which is great. this bra runs quite small--go up at least 1 band and 1 cup size. i got a 36c and it fits great! (i'm a 34b across brands like vs, etc.) 
you'll feel extra saucy and a bit mischievous knowing you're wearing something this sexy.",5,1,0,Initmates,Intimate,Intimates
9243,1030,38,Love them!,"Love my jeans, fit great and very flattering. they are a tad snug in my usual size but i think with time they will stretch a bit. receive compliments every time i wear them. if they go on sale i will buy another. :)",5,1,2,General,Bottoms,Jeans
11060,403,36,Love my new workout clothes!!,"I am loving these new leggings and i dont even surf. i just wear them to the gym and at home and to run errands with a cute tunic top etc... they make me feel sunny and happy :) fabric is light and flexible but stays in place (went running in them) size is accurate, i am usually a 2 on retailer pants/skirts, 27 on jeans, and the small was perfect.",5,1,1,Initmates,Intimate,Swim
17022,1086,48,Too small,"I ordered a large and despite wearing a large in many other items from antrhopologie, this item was too small, especailly across the bust. it was very well-made and the color green is beautiful, but unfortunately, i will not be able to wear it. so disappointed.",2,0,0,General Petite,Dresses,Dresses
4558,820,49,Love it!,This shirt is wonderful! i love the styling and the print. sure to be a favorite!,5,1,0,General,Tops,Blouses
16974,984,37,Incredible jacket!!,"Woke up this morning to an email from retailer showcasing this gorgeous jacket. i knew i had to have it. trying it on in the store, it did not disappoint! hei hei is a really wonderful brand, and me being a more plus sized gal, their sizing is always wonderful. i normally do an xl in most retailer jackets and tops,..but i was able to do a l well. the arms have plenty of room and the body of the jacket has a room as well (like your typical bomber would). the fabric is soft and the blush color",5,1,7,General,Jackets,Jackets
4947,927,54,Go-to sweater,"Wonderful fabric, drapes nicely from waist= flattering, use for air travel as not too heavy in weght. beautiful charcoal grey goes with all colors. nice addition to tight, patterned pants & boots. dress up or casual",5,1,1,General,Tops,Sweaters
18418,876,48,,"Luckily i found this in the store though it is on backorder online, so if you really want it - go to/call the store. it's effortless, fun, beautiful, and nicely detailed. love this top. i'm 5'5"" and usually wear size 6, and i bought a small. really worth the price b/c you can just throw it on and look fabulous. layers well. so happy i got this.",5,1,2,General,Tops,Knits
9110,38,50,Perfect fit,I love this bralette. i have it in other colors as well and it is always the one i go to when i want comfort.,5,1,0,Initmates,Intimate,Intimates
5300,867,29,"Beautiful, easy top","I love this shirt so much i came back and bought it in black (i originally got the lavender color). it is super easy to wear and has a delicate quality to it (though i washed it on a regular cycle and it's holding up well!). as you can see from the photos, because of the wrap style, the middle of the front is shorter than the rest of the shirt. i've worn this top with regular rise jeans and haven't had a problem, though if you lift your arms, your belly may show. i purchased my usual size small",5,1,0,General Petite,Tops,Knits
13517,1053,68,,"Just purchased this in the lilac color in the store in my usual xs size. the cut and shape are very flattering, with the waist sitting lower than my natural waist. in person, the color looks very different than on the website. it is more a lovely neutral taupe to me. one thing is that the snap at the neck is placed about one half inch off in order for the neckline to lay flat. since this jumpsuit is so cute, i decided that this is an easy fix i can do myself.",5,1,1,General Petite,Bottoms,Pants
16638,829,31,Elegant blouse,Shirt fits great! i wore it for work and got lots of complements. looks very elegant. i also got the pants featured on the model since i liked the outfit so much ;),5,1,3,General,Tops,Blouses
6358,246,55,Cute and sporty,Really cute suit but way too small up top. not enough coverage under arms and across bust.i wish retailerpolgie carried bathing suits in the stores so they can be tried on. this is the 2nd suit i have ordered that had to be returned. i wont order a bathing suit again as its just to much of a risk.,2,0,1,Initmates,Intimate,Swim
2978,1094,35,,Love embroidery!,5,1,0,General,Dresses,Dresses
16375,1059,46,,,5,1,0,General,Bottoms,Pants
6264,1056,50,My new faves,I have three pairs of these in different colors (one pair is striped) and i love them. they are flattering and comfy. they go with nearly everything. can't get enough!!!!!,5,1,0,General,Bottoms,Pants
12493,1108,56,Love this dress,When i wore this dress i got tons of compliments! the quality is great along with the style.,5,1,2,General,Dresses,Dresses
15825,872,69,,"Did want to love this jacket because i have so much black and white, but i saw it on my daughter and had to have it. i usually take a large, but i needed an extra large, and the fit is great. the material is not too heavy, so i know it can wear it year round by adjusting the weight of tee underneath.",5,1,1,General,Tops,Knits
5901,1094,90,Gorgeous,Absolutely beautiful dress. i'm 5'11 and this dress works for tall girls:)),5,1,0,General Petite,Dresses,Dresses
17833,855,36,Unique statement sweater,"This sweater is so unique. not for the faint of heart but it's beautiful. hubby thought pattern looked southeast asian inspired. the colors are saturated, vibrant. love the raglan sleeves and the tweed on the sleeves and in the back. the front material is slightly stiffer. i feel like i have a little bit more bulk in the stomach area than i want but i'm willing to overlook it. will be a great sweater for the holiday season. wear it with a skirt, jeans, skinny cargos. endless possibilities.",5,1,0,General,Tops,Knits
17570,1030,38,,"These are a beautiful color, but run large. i ordered my usual size and they are falling off of me. they are very low rise so i don't think i'll be trying the smaller size, can't even imagine them being lower. also, they are cropped, that's hard to tell in the picture.",2,0,1,General,Bottoms,Jeans
19065,952,44,Perfect,This is the perfect duster! transitions you perfectly from summer to fall without being an overly heavy piece. simple and classic! i know i will get a lot of wear out of this item!,5,1,2,General Petite,Tops,Sweaters
22823,829,33,Bumble bees,"This is such a cute top. i bought it when it was a new arrival and couldn't be more thrilled. it washes well in the the washing machine. the only flaw is that it runs on the short side. otherwise, i'm thrilled.",5,1,0,General,Tops,Blouses
18606,840,38,,,5,1,0,General Petite,Tops,Blouses
10342,844,31,Boho chic at it's finest!,I love this top. i typically wear small in most retailer tops and decided to size down in this to an xs and i'm glad i did. well made and cute floral design that can be worn year round.,5,1,2,General,Tops,Blouses
16323,1081,85,Perfect comfy stylish dress,"What more could you want than a dress that slips on easily, hugs all the right places and skims the others, feels like pajamas, and looks great for any occasion? i am about 120, 5'-1', 32 dd, usually a 4 petite. i ordered the petite small in navy and it fits just like the model photos. i tried it on in the store in a regular small and x-small, and could have gone with either, but the petite had better proportions, especially where the v-neck hit (i would have had to wear a very low plunge bra wi",5,1,0,General Petite,Dresses,Dresses
22522,1037,38,"Stretches out, washes poorly. wish i could return.","So disappointed. bought these in a 29 and should've gone with a 28. they're super cute - i got the green. the fit is off. like the other reviews, they stretch out way too much. i would return these but have already washed them. they wash terribly, too. there are weird fading marks all over, even when washed in cold water like the tag states. so disappointed that i spent my gift card from christmas on these. i've been a loyal retailer customer for years and this is the first time i've been severely",1,0,1,General,Bottoms,Jeans
16139,1083,54,,"I am a shopper....i shop a lot. this is one of my favorite dresses of all time! so unique, and, as others have said, like a piece of art! the fit is tight through the middle but that's what makes it look so perfect. i wore with tall brown suede boots and got compliments from ken and women alike. i love it!",5,1,0,General,Dresses,Dresses
20596,1059,30,Love these pants,"I bought these pants on a whim while i was at my local retailer. i was so delighted after trying them on because i've never tried on a pair of linen pants that i actually liked. they definitely have more of a flair leg rather than straight leg like the picture suggests. i wore them for several hours at a party and they didn't stretch that much on me. i agree with the other review in that they do get a little wrinkly but not much more than what i would expect from linen fabric. i'm 5'3"" so t",5,1,5,General,Bottoms,Pants
19727,1083,29,,Omg!! i just received this dress and it is absolutely gorgeous!! fits me like a glove. lovely rich reds and quality..... for reference i'm 5'2 and 99 lb and the 00 petite was perfect i could have even gone with the 00 regular. if it's within your means i highly recommend. :d,5,1,0,General Petite,Dresses,Dresses
476,1078,52,Fun dress,Extremely flattering. an easy dress to wear - good choice for both day and evening,5,1,1,General,Dresses,Dresses
10635,1068,39,Perfect summer pants,"These are the perfect light weight relaxing summer pants!
the fabric is soft and light, and has some stretch, so i think they can be worn more fitted way, too. 
i don't want to show off my bottom half of my body shape, so these are perfect ones to be a bit loose to covers the silhouette but still looks feminine & not too loose. 
i''m 5'3, 115 lb and usually wear 25-26 jeans, 25 petite gave me the perfect relaxed look without losing the feminine look. i think 24 could fit as well, but would sn",5,1,0,General Petite,Bottoms,Pants
17389,1068,46,Amazing comfortable pants!,"I really didn't expect to like these pants as much as i do. i ordered a pair of the pilcro linen wide legs and really loved the cute added lace details on them. i thought i would exchange these for another pair of those, but after trying both pairs on, i realized how much softer and heavier these are. i will keep the one pair of the pilcro, but they did feel a little scratchy. these have a very nice drape to them and they do make your bum look nice. i ordered a size 8, which is what i seem to we",5,1,0,General,Bottoms,Pants
5350,985,33,Perfect!,"This jacket is so great! i've gone through a few seasons now trying to find that one perfect little olive green jacket. this one wins! the color is nice and saturated. the fabric is soft and drapey so it's still flattering to my shape. it's slightly relaxed and i think it creates an ""easy"" look. i've already worn this with a dress, and it will finish off many other looks in my closet! yea! i'm 5'6"", 138 lbs and took a medium.",5,1,0,General Petite,Jackets,Jackets
20732,883,74,Lovely basic for summer,"I bought the white in a m, one size down from my normal. i could have gone with a s, given the swingy shape and forgiving nature of the linen. it is very light and comfortable. the length is a tunic on me, at 5'6"", so keep that in mind. if you dry it in the dryer it will shrink for sure. i never recommend drying linen knits in the dryer because they will likely develop holes. i love this tank and will probably buy another color or two. if they get black or grey i will def. buy another one.",5,1,10,General,Tops,Knits
16843,834,46,"So comfortable, flattering & with a great print","I ordered the navy in size xl and it fits me just as it does the model. this top is definitely one of my favorite retailer purchases. the cut is very flattering. i love how they designed the tunic to have a closer fit on top, the arms and through the top of the waist and then flow out. i'm a pear-shape and worried the bottom layer might accent my hips, but it all flows really nicely. the arms aren't tight. they're not loose but aren't too poofy.

the material washed well too, without static (a pro",5,1,28,General Petite,Tops,Blouses
21345,795,50,"Embroidery provides ""wow"" factor!","Such a lovely, well constructed top. looks great on petite frames. free flowing but not too ""peasant-like."" the embroidery is gorgeous. while it is pricey, it is something you will wear for years as it is a timeless piece.",5,1,0,Initmates,Intimate,Lounge
7592,1098,33,In love!!,"I think this dress is my favorite purchase this whole year! it fits like a dream! i saw it in the store while it was full price and tried on an 8 (the only size they had left!). i typically wear a 6 or 8 in dresses, but the 8 was quite large, so i passed. after it went on sale, i ordered a 6 with my fingers crossed! glad i ordered when i did, as they sold out fast! fabric is a nice substantial weight, great for fall! the fit is great, not tight at all and more of an a-line on me, which is weird",5,1,1,General Petite,Dresses,Dresses
5945,873,39,Super cute top!,I love this top. fit is perfect for me. shows just the right amount of cleavage. wore it to dinner on my birthday and got a ton of compliments!,5,1,0,General,Tops,Knits
10218,1135,49,Gorgeous; consider sizing up,"This is just as it looks. a minimalist, elegant, dark navy skirt that provides a classic feminine shape and looks like it could last for years. it is straight, so you might want to consider sizing up unless you're quite slender. i'm 5'10"" and 160 and am sending back a m for a l. excited to get my new skirt and to wear it.",5,1,6,General,Trend,Trend
6001,873,38,"Stylish, hip, & professional",I absolutely love this top. i thought it was going to be to big but it fits perfectly. fitted and flattering.,5,1,0,General,Tops,Knits
13054,98,32,Great for summer,I bought this to wear with a skirt that i wanted to dress down - i needed something that was long enough to be able to tuck it in without having that awkward line. its a great fit.,5,1,0,Initmates,Intimate,Intimates
16125,763,66,??search for the perfect dress is over??,"This is an amazing dress. beautiful fabric and color. comfortable too. it's like wearing air. sorta chameleon like because this print  literally goes with anything and looks unforgettable on. it's slimming too. i got the large and it flows so nicely over my body. the back is completely open. it closes with a tie at the neck and the waist that drapes beautifully and looks great from the side view. the fabric is a bit sheer so i ordered the white cotton slip by this designer, which is slightly snu",5,1,0,Initmates,Intimate,Lounge
9544,836,34,Love!,"I bought one of these in store and then ordered two more online! i love this top. it's loose and hangs just right. i have gotten so many compliments on it. very comfy and cute. pockets too, which is always a plus.",5,1,0,General Petite,Tops,Blouses
11784,1052,38,,"As soon as i pulled these pants from their packaging, i feel in love with them. the fabric was so soft - i could not wait to get them on...yeah, that was not going to happen! i could not pull them on - not even a little bit! these pants run incredibly small. i ordered them twice: once in my regular size, and again in a larger size. unfortunately, i am sized out of these beauties.",2,0,1,General Petite,Bottoms,Pants
16004,1056,24,,I wore these pants to work and they fit and looked great! however the first time i put them through the wash they became all discolored and are completely stained and now are unwearable. very disappointing. did not spend that much money to wear a pair of pants once.,1,0,0,General,Bottoms,Pants
14910,382,35,Perfect suit,"I have a large cup size and year after year i am in the search of the perfect suit that supports, but doesn't look matronly. this year i had a baby and wanted to move to a one piece, but still wanted to feel sexy and youthful. i thought there is no way this suit is going to look good and/or support a 34ff, but gave it try because of all the 5 star reviews. i tried it on and my husband just said ""wow!"" this suit hugs you in all the right places and actually supports - i don't know how, but it doe",5,1,1,Initmates,Intimate,Swim
13910,420,41,Super soft & comfy,"I love these pants. saw them in-store & couldn't do it at full price but they're a steal on sale. super soft & comfy. love the wide leg. fits true to size. i'm 5'2"" 125 lbs & ordered the xs bc no petite. waistband fits a bit tight but i prefer that to them slipping down. would buy again,",5,1,1,Initmates,Intimate,Lounge
22617,1082,50,,"I love this dress. i would have never picked it off the hanger in the store, in fact i went right past it. however, when i was in the dressing room trying something else on i saw two girls wearing it and it was adorable. i immediately tried it on and loved it. i think it runs really big. i am normally a size 8/athletic build and i bought the x-small. i small also fit but was a bit too baggy. most tops/dresses at retailer also run big so it makes sense this does too but there is no way i am a true",5,1,3,General,Dresses,Dresses
18706,163,50,,"Love these socks!!! i need to get more colors, they look so good on with boots with the lace showing!",5,1,0,Initmates,Intimate,Legwear
6598,1078,62,Adorable!,"This dress is loose, unique, and super cute! you'll get noticed in this dress! i ordered down a size.",5,1,0,General,Dresses,Dresses
8770,1151,54,,"I am 5'8"" 140 lbs and the m fits perfectly. it is flowy and feminine but the tie in the back keeps it from looking boxy. pattern is really nice. great dress!",5,1,0,General,Dresses,Dresses
16195,940,54,,Perfect spring transition piece-- saffron yellow but medium weight and breathable. this color is in for spring and the perfect blend for a not too warm cover up!,5,1,3,General Petite,Tops,Sweaters
18795,825,31,Love how it looks but doesn't hold up,"I love this shirt, love love love it. i am a curvy girl and it accents all the right features and hides the ones that need to be hidden.
but i've owned it for 6 months and there are already 4 holes in the shirt. and not holes in the fabric but holes on the seam lines. the stitching is not sturdy enough for the shirt to not fall apart. the whole point is to be able to wear it. but now i have to bust out my sewing machine to reinforce the seams that split so that i can wear it again. :(",2,1,0,General Petite,Tops,Blouses
9679,1095,35,Highly recommend,I love this dress! the design and colors used are beautifully done. it looks stunning on. can be worn for work or dressed up.,5,1,1,General,Dresses,Dresses
7050,829,36,Fun top,"Really like this top. fun flair, nice quality shirt. great for dressing up with skirt and also would be perfect with boots for the rodeo. i paired it with a skirt and boots for church. wore white cami under to emphasize lace details. super cute. tried 8 and 8p. thought petite was too short in length on me (5'4""). will send petite back.",5,1,6,General Petite,Tops,Blouses
10302,964,36,Light and sweet,"Online this jacket is supposedly an online exclusive, but i saw it in green at my local store. i had to try it on and i loved it. it does swing but is not to much fabric. the drape is really nice it is shorter in the front and longer in the back. it sort of shows that on the model but is much more noticeable in person. this jacket is not lined and i would say more of a shirt. this is perfect for spring or cooler summer nights or over a tank or short sleeve in the winter. i also love lyocell it j",5,1,10,General Petite,Jackets,Jackets
6148,862,63,Great tank,"Grabbed this tank on sale today in the green color. great tank. it is not thin like some other retailer tops. it actually is a double knit fabric which hides those imperfections we don't want anyone to see or worry about. 
the top runs a bit on the full side, so if you are in between sizes, i would go down one. this top is great to wear under any open sweater for the entire fall season. the green color is a jewel green so the top does not look summary at all.
it is extremely comfortable a",5,1,1,General Petite,Tops,Knits
16169,1016,53,Gorgeous,"This is the most beautiful and flattering skirt. it was a bit of an investment piece for me in that i just graduated from college, but i love that this skirt can be worn year round. it is more fitted at the top and then flows out at the bottom, making it super flattering. pictures do not do it justice!",5,1,0,General Petite,Bottoms,Skirts
1278,850,59,Beautiful,"Stopped in to my local retailer today specifically for this top. i was pleasantly surprised - the green is even more vibrant in person! just gorgeous. typically a size small but based on reviews tried on the extra small. still a tad roomy but portland doesn't carry petite sizing aaaaandidon'twanttopayforshipping... remedy that, retailer portland!",5,1,8,General,Tops,Blouses
17383,912,40,Great transitional piece!,It was love at first sight. the only problem was that it didn't come in my size. i took a chance and order a size smaller and it worked out great. its a great item that can be worn in the spring and fall. exactly what i was looking for.,5,1,1,General,Tops,Fine gauge
19698,840,37,Lovely lightweight button-up,"This arrived in white at my store and it was so airy and dreamy i had to try it on. this is the epitome of the effortless tank. its a simple throw on with enough style that all it needs is your favorite pair of jeans and a cute necklace. unfortunately it didn't quite work for me. if you have any kind of tummy or chest, size up. i tried on my typical large but it was too tight and ended up looking like a maternity shirt on me. however, my coworker who is much more of a slimmer shape tried this on",5,1,14,General,Tops,Blouses
6048,1101,39,Off the shoulder?,"This dress references that it is off the shoulder in the description. but i did not find it to be so; it fits me as pictured on the model - sort of a ballet neck or wide scoop neck. in any case, the fabric is as pictured. and - it's lined! yay - not see through. the varying sizes of stripes give it interest despite the neutral colors. it is cute with a denim jacket and is really comfortable.",5,1,23,General Petite,Dresses,Dresses
2501,1077,28,Very pleased,"I found this dress delightful! i have worn it numerous times and though quite long (for some girls) fits me well. my only complaint is that if the wind blows it tends to fly open as there is only on clasp at the breast. the fabric is light and comfortable, i wore it in costa rica and it felt refreshing. i am 5'9"", 155 lbs and a 34a cup; i would suggest a larger size for girls as the small fit me very well.",5,1,2,General Petite,Dresses,Dresses
18668,1025,60,Runs large.,"Nothing ""skinny"" about these pants. they're very cute. great quality. but they run a good one size large. size down!",5,1,0,General,Bottoms,Jeans
1173,1110,23,Prettier in person,This is such a pretty dress. light and flowy. i got it to wear on hot summer days.,5,1,0,General,Dresses,Dresses
5277,1078,34,Perfection!,The photos do not do this gorgeous dress justice. the iridescent material makes it perfect for a fancy date night and i received complements from complete strangers. would also be great as a wedding guest or bridesmaid dress!,5,1,0,General,Dresses,Dresses
16214,940,35,,I went into the store to look at a few certain items. this wasn't one of them but it really caught my eye. i got it in yellow. it is such a great sweater. tts,5,1,7,General Petite,Tops,Sweaters
11467,903,44,Sending this one back,"The photos online make it look like a comfortable, relaxed, lightweight early fall/spring cardigan. when it arrived it looked very wrinkly and there is no ""shimmer"" as far as i can tell. i tried using my steamer to get some of the wrinkles out, but it didn't work. it looks too rumpled and i don't want to wear something that looks like i just rolled out of bed.",1,0,5,General Petite,Tops,Fine gauge
17564,1110,39,Slip is too small...,"Dress is pretty, i was disappointed by the slip which is too small like previous customer. i am an inch taller than the model and i feel more comfortable it being a tunic with leggings. nice but not nice enough to keep, i am returning. :(",2,0,0,General,Dresses,Dresses
16650,1110,25,Amazing maxi,Bought this dress in store after trying it on. loved it. it's sexy with the lower cut front. the fabric is flowy and breathable. runs true to size. usually wear a 10 with my hips but the 8 fit better on top.the sides are well designed so your bra doesn't show. i'm 5''6' 32g size 29/30 jeans and athletic/hourglass built. i can't wait to wear it out. the pictures don't do it justice.,5,1,0,General,Dresses,Dresses
19088,1121,60,Too small!,"Not as cute as photos, and too small in chest. i am 5'5'', 125 lbs, and the small was too tight in the chest, and i am not large here at all. shoulders and sleeve length fit well. will return. not comfortable, and will need to be able to button it on rainy days.",2,0,1,General,Jackets,Outerwear
6025,1110,35,"Lovely, a little large","The print is beautiful, the fabric has a nice weight. i actually bought this because i'm early in pregnancy and wanted a dress i can wear during the transition period - because of its swing shape, this is one of those rare dresses that looks good on me now and will still look good on me in 6 months when i've got a huge belly.

fit-wise: i am 5'9, 155 lbs, 34d, and ordered a large, but i am exchanging it for a medium. the arm holes are also a bit large.",5,1,0,General Petite,Dresses,Dresses
5602,1080,38,,Just received this dress in the mail and i'm in love.  it's beautiful and fits so well.  i was a little hesitant ordering a yellow dress but i'm so happy that i did.  ??,5,1,0,General,Dresses,Dresses
1434,1094,59,Not good quality,"The dress is just ok. i cannot imagine having paid full price for this. i got it for florida vacation. i put it on to wear to church first and spilled a drop of lavender oil on it and it stained!!!! cant get it out. thats punk for a dress that even on sale is like. 
sending back",2,0,2,General,Dresses,Dresses
21685,1008,42,Perfect pencil,"I ordered this skirt in both colors and they are just to die for. the fun fabrics make it a playful and trendy take on a timeless essential, and the fit is incredibly flattering. an added bonus: the fabric has give so it's also extremely comfortable. i hope they come out with more color options!",5,1,0,General Petite,Bottoms,Skirts
1685,860,39,Cute!,"Flattering fit and neckline. too thin to wear without a cami or tank underneath (for me), but i was expecting that. great go-to tee.",5,1,2,General Petite,Tops,Knits
5172,373,51,The perfect bra,"Oh how i love this bra!! its so comfortable and very flattering. i find that many bralettes totally flatten me out but this one does not. and the floral lace here is just beautiful. the daisy-type flowers look so cute and feminine! i've got it in so many colors now. for sizing, i'm 34b and the s/m fits great.",5,1,1,Initmates,Intimate,Intimates
20205,881,47,,"Love the silhouette and coziness of the fabric. for the first few wearings, i was in love. then it began to pill horribly . . . would not recommend. my mother said, ""that's going to pill up."" and i ignored her. and she was right.",2,0,0,General,Tops,Knits
15313,1078,59,So cute!,"This dress is even better in person! i am usually a size 2 and i went up to a 4. it is my favorite dress this spring! it is so cute with booties or sandals. i would say that it runs slightly small, so you should get the next size up if you're busty or have hips. it has been selling fast, you should get it while you can! :)",5,1,2,General,Dresses,Dresses
9024,824,43,Adorable!,"I thought i'd be the first to review for non -size- small ladies... i'm usually between a large and xl in retailer.  the large was great.. with room , as this top is pictured.  you'll love the details on this colorful, fun top ( ex: buttons on the side).  great with skinnies. i bought it on sale, but it really is a special top and worth the price.",5,1,4,General,Tops,Blouses
12112,872,39,Love the color and style,"I bought this in the sable green. you can wear this blouse tucked in, or out if you're wearing something lie leggings. it is comfortable and the color is very flattering.",5,1,2,General,Tops,Knits
14141,1059,50,,"These pants are so comfy, well-fitting and flattering. i will order the same style in more colors and patterns because i can tell this will be my uniform this summer. true to size if you like a close fit like i do. size up if you like a loose fit. length is shorter than capri--more like a 1950s pedal pusher. cute.",5,1,5,General,Bottoms,Pants
18304,595,35,Adorable and comfy,"These are so comfortable, it's like wearing jammies outside. i love the pattern and you really can't be the comfort.",5,1,0,Initmates,Intimate,Lounge
18848,188,63,Beautiful tights,These are more than what i had expected! they're beautiful and fit like a glove. i'm thrilled that i purchased them.,5,1,1,Initmates,Intimate,Legwear
3477,1056,41,I want to live in these pants,"The perfect summer pants. i will be ordering more colors and possibly a smaller size. i think the slim fit would look just as good in a less slouchy size. i bought a size 31 petite in the dark blue (not navy) and they fit perfect and the color is amazing. very high quality, feel very soft and comfy. for reference, i'm curvy, 5'2"", 146 lbs, usual size is a 31 (10-12) but i've recently been losing weight so my sizing may be off. the pants do stretch out like most pilcro chinos.",5,1,0,General Petite,Bottoms,Pants
4537,820,26,Great top,I tried this in store and fell in love. i'm usually between a 0 and a 2 in tops and took this in a 0 because of how flow and lose this is. the fabric is light and not bulky so it can also be tucked in.,5,1,0,General,Tops,Blouses
6933,850,48,Beautiful shirt,"Well made embroidery, held up well in the wash. love the unique green color pattern! comfortable.  got a size 4(115#, 5'2"", 34b).",5,1,0,General,Tops,Blouses
17099,949,65,Talk about creature comforts!,"This is a beautifully designed jacket that everyone will love and won't want to take off! i went with the gray wool. i always worry about jackets that are too snug, as i am busty, but this fit is superb. the arms are unusually long (though maybe this is good for you). i had a dressmaker shorten my sleeves by one inch, so now it's perfect for me. i bought the regular medium, my usual size (size 8 or medium top, 34f). i tend to wear my blazers and jackets open, but it's nice to know that i can but",5,1,38,General,Tops,Sweaters
15971,1081,56,Gorgeous dress,I saw this in the store and immediately loved it even before trying on. the style is classic and the fit is perfect. the material is soft and comfortable. it hugs without clinging. i tried on the black in s and the green in xs and went with the green. different shoes and accessories will dress this up or down. i plan to travel with it several times this summer. it will be a great option to wear on the plane and arrive looking chic.,5,1,2,General Petite,Dresses,Dresses
1330,836,39,,"Absolutely love this top. it is beautiful, well made and so unique.",5,1,9,General,Tops,Blouses
8259,861,69,,T.la has another winner in my book. i decided on the blue and thrilled with the tee. it's a soft blue almost light periwinkle. fabric isn't so thin so it not see through. thank goodness. i actually love it so much i'm ordering the other color as well. i absolutely would recommend this cute tee. love love t.la.,5,1,0,General Petite,Tops,Knits
22575,862,47,,This is a beautiful casual top...it is a loose fit that is generously sized so instead of my usual large i purchased the medium for a better fit...the length is perfect not too long or short! the colors coordinate great with denim!,5,1,5,General,Tops,Knits
1572,862,48,Too low cut,"Gorgeous color and great price, but too low cut and because of the design, a cami's wouldn't work. disappointed",2,0,1,General,Tops,Knits
13554,611,38,Very cute!,"I was not sure whether i would like an xs or a s. rompers can be tricky. i am 5'6"" 123lbs. i went ahead and ordered the xs and it is perfect. it is just long enough in the body for me. the shorts length is perfect, not too short or too long. i can't wait to wear this!",5,1,0,General Petite,Bottoms,Pants
15785,907,51,Poppy pocket tunic revie,"I liked everything about this tunic except the way that it looked on me. the fabric was great - not too heavy, not too light. the design was cute and i loved the colors (i got the yellow). it was cut well, and a good length for me (i am 5'2""). that being said, i am curvy and i felt like i looked even rounder in this top. if i was 6-8"" taller it probably would have been perfect.",5,1,0,General,Tops,Fine gauge
1017,1154,44,Worth every penny!,This bra is so well made and fits beautifully.,5,1,0,Initmates,Intimate,Intimates
1189,1060,64,Adorable,"A sales associate found this for me at my local retailer. i probably would have never thought to try it on. i am 5'1'' and normally a size 8 or a medium. the size small was still too large, so i ordered a size small petite. it fits perfectly, looks adorable on, and is so comfortable. i can't wait for the warm weather to wear it!",5,1,0,General Petite,Bottoms,Pants
16016,1056,45,Perfect chinos,"Love these chinos! they are so soft, have the right amount of stretch for a curvy figure, and the colors are great. i have purchased the khaki and blue so far. the blue color has the perfect washed/faded look. i love that they have petite sizes available. i will be stocking up on the other colors.",5,1,5,General,Bottoms,Pants
7764,850,41,,My favorite for work or going out. the perfect black shirt.,5,1,0,General Petite,Tops,Blouses
6204,1202,31,Bright and happy,"The colors are amazing. so vibrant and plentiful. the arm holes are fairly generous but not bad. i think it just adds to the loose fitting nature of the dress. i got a medium.. i'm 170 with a small chest. medium is my norm for maeve. the buttons in the back are difficult, you need help getting on, but getting off you can do solo. this dress makes your shoulders look really good!! it sits in a very flattering way.",5,1,0,General Petite,Dresses,Dresses
19365,1008,36,A little sparkle goes a long way,I love this skirt. it fits perfectly. great to transition from work to after-work event. very comfy. got lots of complements.,5,1,0,General Petite,Bottoms,Skirts
1968,862,63,,"This is a very classy sweater/jacket. it is a beautiful color. i had not even noticed it until it was on sale, and then read all the favorable reviews. it can be dressy or casual as seen in this photo! so glad i got it!",5,1,0,General Petite,Tops,Knits
9882,961,31,Vest obsessed,"I'm in love, i'm in love, and i don't care who knows it. i bought this vest on a whim and i'm so glad i did. it's so soft and cozy. the medium brown color makes it highly versatile as well. i've tried the faux fur vests and they are too bulky for my taste, but this was not bulky at all. warm and hangs well. i am 5'5"", 135lbs, curvy/athletic frame and the small was just right. try this vest on...i promise you will be in love!",5,1,9,General,Jackets,Jackets
12593,984,46,The best!!,"I tried this on (in the store) on a whim....then had to have it!! i'm normally a small but really loved the way the medium fit. good thing because it was the last jacket like it in the store!! super soft, comfy...a great purchase!! fur is removable for easy washing or a different look!!!",5,1,0,General Petite,Jackets,Jackets
5151,865,38,Cute but huge,I'm wearing this shirt right now. i'm usually a large in tops. i bought a medium and i'm kinda wishing i got a small instead. it's very swingy. its super cute but size down at least one size maybe two,5,1,0,General,Tops,Knits
13340,836,35,Staple with a twist,"Love the crochet detail on the back. yes, it does show the bottom band of your bra. i think i'm okay with that. i had on a magenta colored bra when i tried this on and it was a nice pop of color. i think the top runs tts to slightly big. if you're in between sizes i would go down. i am a 34b and i ordered a size 4. so i haven't tried on the 2 but i think it would fit too and not be quite as loose in the arm hole area. i'm sure this top will sell out before it hits sale.",5,1,4,General Petite,Tops,Blouses
20587,835,43,Great tunic!,"I was looking for something to wear on jeans fridays. this tunic is super cute and looks great with jeggings. i did find the sizing small for me, but i am busty.",5,1,0,General,Tops,Blouses
14380,1078,42,Run small but great color,"This dress looks great with bright color, but size runs small.",5,1,0,General Petite,Dresses,Dresses
6470,907,41,Pretty sweater,This sweater is quite lovely. the yarn is light and delicate and the sweater is over all very feminine and figure flattering. i bought the light red color which is quite attractive and i'm not usually a fan of reds and pinks. this sweater can be worn casually with jeans or more dressed up for the office. anyone that is looking for a sweater that can be worn with almost anything should defiantly consider this one.,5,1,0,General,Tops,Fine gauge
9726,1022,49,,,5,1,0,General,Bottoms,Jeans
4320,1081,47,"Love this dress. if they make more, i'll buy more","I love this dress! the design is simple, colors and patterns are eye-catching but not over the top. cutting is perfect for me and very flattering. the material is flowy not clingy. it is a piece of easy, no-hassle garment that i would love to wear everyday and make it my uniform. seriously, it doesn't get better than that. if they make more of this style with different colors and patterns, i will just buy them blindly.

a word of caution: the dress does have slightly bigger armholes so some pe",5,1,0,General,Dresses,Dresses
19755,965,26,Perfect for california winters,"This sweater/coat is great. it super comfortable. it's perfect for my california winters! it could be layered for colder areas. this piece definitely runs large- like really large. i went with an xs instead of my usual small or medium. it is meant to be boxy, and still is but sizing down allowed for it to be more flattering. i'd definitely say go in store and try it on, you'll love it!",5,1,3,General Petite,Jackets,Jackets
19358,867,49,Perfect fitting white top,It is the cutest detailed little white top. i recommend this because you can wear it anywhere and dress it up with a scarf.,5,1,0,General Petite,Tops,Knits
16676,868,57,,"The light red color is really nice. i ordered an xs but usually order small, because of the cut and it was perfect. the fabric is heavy but loose. the collar stands up nicely and the buttons lay flat. i purchased this beautiful piece on sale, but i would have paid full price.",5,1,0,General,Tops,Knits
20991,1078,35,Effortless for summer,"Caught my eye at checkout, and had to run back to the dressing room for a quick try-on, which ended up being a great call! the dress is super easy and flattering, as the lining keeps it skimming over my hourglass shape. the fabric has a sweet floral texture, and the gathering takes a basic shape and makes it interesting. i'm 5'4"" and it came just above the knee in front, while the back was a bit longer (another flattering feature). this is going to be a summer go-to!",5,1,3,General,Dresses,Dresses
3935,1081,55,Lovely just lovely,Someone recommended to size up if u have large breast and i am glad i did! it fits like a dream! this is the cutest dot dress i have ever tried.,5,1,0,General Petite,Dresses,Dresses
6678,909,57,Sweater not as shown in photo,"Much to my surprise when i tried on this sweater i found that it was cut in a bell shape and not at all fitted or straight like in the photo. when i pulled it out of the package i thought i'd ordered the wrong size because the shoulders looked so narrow. but when i tried it on the shoulders fit perfectly, with beautiful detail and high quality material, but the sweater belling out to a very wide shape. it is very wide at the hip and looks out of proportion. it doesn't look anything like the phot",1,0,17,General,Tops,Fine gauge
2127,1072,60,Perfectly adorable!!!!!,"This is the perfect dress! for summer, fall, winter or spring, it is flattering and looks cute with booties, flip flops, brogues or barefoot! runs a teeny bit large - i wear a small to medium and the small is perfect! i might just buy the other color it comes in!!!!",5,1,0,General Petite,Dresses,Dresses
13986,343,25,Sleek and fun,Very nice long-sleeved shirt. the fabric is soft and warm. you can wear it on its own or easily compliment with a jacket.,5,1,1,Initmates,Intimate,Layering
23196,1122,28,,"I loved how this looked on the model, however, once i tried on in store, i was greatly disappointed. i usually wear a meduim and the small and extra-small were huge on me. there was so much extra material that i was swimming in this. i had such high hopes for this. there were no petite sizes to try on in the store but i am not sure it would have helped.",2,0,3,General,Jackets,Outerwear
5927,917,64,Love the blue in this top,"I love the tie-dye look! i ordered the blue color in my usual size small. fit is tts. love it!. just a fyi: 1. on mine, one arm is a darker blue tie-dye, the other is very light (color variation). 2. the white band on the mock-neck doesn't give much, so be careful when putting on/taking off.  i think it's pricey, but ordered during the promo so that made it better. it came yesterday, put it on w/ my washed blue skinny jeans, out to dinner we went!",5,1,0,General,Tops,Fine gauge
20616,1112,44,"Beautiful, elegant and soooo soft","I can't stop rubbing the faux fur. faux fur can be cheap and tacky but this looks and feels beautiful. it has two hook and eyes and comes with a third which i used to add another hook on top, above my bust. its roomy so size down if you want it fitted. i'm 5'1"" and 120 with a 34 c bust and a short torso and i got a small. i could have worn the xs but i like the fact that the small allows for a good weight cashmere sweater underneath without feeling tight. the hood is the best part. it's so drama",5,1,0,General,Jackets,Outerwear
20629,416,27,,Very cute!! true to size,5,1,0,Initmates,Intimate,Swim
2052,850,26,Very flattering,"I usually don't even consider this style of shirt, but i was intrigued by its soft fabric and texture. honestly, i love this shirt! it is so flattering and a perfect staple for any closet! i can wait to wear it out and about!",5,1,1,General Petite,Tops,Blouses
14709,828,44,So cute,"This top is great! it looks much better in person. it's still kind of a faded look but it's not as light as shown here. also, the exact location of the plaid is different on each top. it runs just a tiny bit large but i liked it loose so took my normal size. there is another fabric lining the front in a very cute print. will be a nice, loose and cool top for summer. love the tie in the back as well.",5,1,0,General,Tops,Blouses
15058,886,48,Pretty embroidery,I went a size down on this top. it was to billowy in my regular size. it has the elastic waist but it was bunching up too much in that area. i love the embroidery. . it is gorgeous. . will have to hand wash for sure.,5,1,0,General,Tops,Knits
15053,864,42,,Stylish or comfy - often the choice when looking for casual but not with this top! it's comfy and cozy and stylish to boot. the sleeves are fun and create a nice line of interest. you can pair this with jeans for a casual day or dress it up with slacks and heels and be comfy either way.,5,1,0,General,Tops,Knits
13205,1033,32,Love more than i thought!,"I got size 26 and they don't fit me as ankle, they fit me as long skinnies, but the quality is so good. they're smooth and stretchy, but they feel thick enough that when you pull them on you can tell it's quality denim. a great pant buy if you're looking for soft as butter grey jeans.",5,1,0,General,Bottoms,Jeans
3276,1035,38,I love them.,I actually love these jeans. i feel they run true to size. i actually love the button detailing at the bottom. makes them unique and different from the other jeans in my closet. i can wear them dressed up with heels or wear with sandals.,5,1,6,General,Bottoms,Jeans
7404,1075,42,Disappointing purchase,"This dress looks very beautiful on the model shown. unfortunately, when i tried it on, it did not flow as nicely as i would have liked it to. i also didn't care much for the waist ties on the side. an elastic waist might have been better.",2,0,0,General,Dresses,Dresses
13117,1094,42,,"I'm a 34c and 136 lbs. the dress falls just below my knees, perfect for the colder weather! i bought this in m in two colors because i love it so much! the fit is so flattering and the material is so soft and comfortable. i continue to find maeve dresses classic, quality, flattering and comfortable!",5,1,0,General,Dresses,Dresses
6218,829,41,Cute summer top,"This is a great light, free flowing top for the summer. i agree with the other reviewers that the top section hits in a weird area, but if you are small busted, you won't be affected. it can be dressed up or down with jewelry and offers a whimsical option to a plain white blouse for the summer!",5,1,1,General,Tops,Blouses
13307,836,70,Great quality chambray top,"Chambray top that is soft, but thick/heavy so it drapes well and is very flattering on. untucked, the top is shorter in the front and longer in the back. it hangs like a tunic, almost a-line so do not size up or you will have too much material. i am a sz small in most retailer clothing, and the sz 2 fit nicely. sz 4 was too loose around my arms, and the sz 0 was too tight around my chest. nice neckline and a pop of surprise with the gorgeous lace detail in the back.",5,1,8,General Petite,Tops,Blouses
15265,864,26,Sherbrooke peplum top,"Fits great, comfortable!",5,1,0,General,Tops,Knits
15257,862,59,Great top and a great price,"This top also caught my eye in my local store, and being a devoted deletta lover, i had to buy. it is a straight, slim fit, so i bought a medium, instead of my usual small, to glide over my curvy lower half. it's thin, finely woven knit, with two cute little buttons at the top of the side slit; the cut and longer length in the back is very flattering. i bought the heathered black and have worn with my black pilcro leggings; it's a great top to wear over leggings or skinny jeans; no belts with th",5,1,7,General Petite,Tops,Knits
17245,1104,39,,"Way too much fabric; sticks out like jodhpurs but from the hip - eek! might be a great dress in rayon or a drapey fabric, but the extra fabric just piles up on itself... the outer layer also doesn't feel like it will breath. add the cotton lining, and i think it will feel miserable in the heat of the texas summer. returning.",2,0,1,General,Dresses,Dresses
18210,1009,62,Use as a top!,"I decided to go shopping at my local co store and as soon as i walked in, i saw this skirt but it was used  as a top with green cropped summery pants on a mannequin. one of the lovely salesgirls decided she liked it better that way after she tried it as a top herself.  i tried it as well and love it as a top! she was small framed and my height and told me she sized up for comfort and she was correct. if used with a strapless bra, your regular size ( mine is a small) will be uncomfortable. howeve",5,1,13,General,Bottoms,Skirts
19068,850,58,So pretty!,I love this top! nice lightweight material but not too sheer. runs a little big and may be slightly too boxy for some people; for me it was perfect.,5,1,0,General,Tops,Blouses
8268,1060,59,My new favorite black pants!,"These pants are so great;style,beautiful soft fabric and love the length (i am 5'10""). i found the rise to be low and like the fact that that they sit at the hips. i had to size up from my usual size in this brand. very flattering and comfortable.",5,1,5,General Petite,Bottoms,Pants
1556,862,35,Nice,"Was scared at first to order this product, when i tried it on i was amazed on how good it looks. fits just like the model picture, and the material is awesome.",5,1,0,General,Tops,Knits
13467,253,32,Great fit,This top is awesome! it fits well and has a flattering shape. it's true to size and i love it!,5,1,2,Initmates,Intimate,Swim
4778,940,35,"Yay, a long one!","I really love everything about this cardigan. the detailing at the bottom part of the arms adds a lot, the color is highly versatile, it is a thicker fabric so it keeps you warm, and my favorite part is that it is long. i like longer cardigans that you can easily pair with skinny jeans. the only drawback is there is no way to close this cardigan, likely if i end up purchasing this i will also purchase some sort of broach to pin it with or pair it with one of the belts i have from retailer to",5,1,12,General,Tops,Sweaters
4557,820,59,Light draping style,"This blouse drapes and floats lightly like a dream. the dark black patterned top is not see-through which means you can easily wear it without having to layer. the length covers past your hips and the pattern is flattering.

the doubled-up buttons makes the blouse unique and it's comfortable enough to wear to work or with jeans from late summer into fall.",5,1,3,General,Tops,Blouses
20240,868,30,No,"Just a ginormous, shapeless shirt. runs extremely large. i am normally a medium to large in shirts and the medium was huge. i can only imagine an xs would work and i am no xtra small!",1,0,5,General,Tops,Knits
14164,866,29,Comfy and cute,"I like that you can dress this shirt up or down. go out, or lounge in it! very comfortable and i would recommend buying it.",5,1,0,General,Tops,Knits
22658,1082,52,Elegant and chic,"I just bought this and really think it is a great dress! it is conservative, and i will be able to wear it to teach or play the organ at my church. i am a church organist and college professor and need conservative clothes, yet i do not like to look ""frumpy."" this is cute and chic, yet conservative. also j got 25% because it is black friday. thank you retailer!!!",5,1,2,General,Dresses,Dresses
5116,678,38,Gorgeous... try it,"I tried the xs in store and waistband is very stretchy and the material is lightweight (feels delicate) and to the floor. fell in love with the watercolor print. this would be great as a quick cover up over a bikini. beware- if you plan on wearing this anywhere besides by the beach, make sure to rock your nude undies because the cream color is super see-thru, which is my least favorite part of this piece. i couldn't get to the petites sizes before they all sold out, so i'm crossing my fingers th",5,1,14,Initmates,Intimate,Sleep
14456,859,46,Ooooo! love this so much more than i thought,"This blouse is beautiful, and very versatile, as others have said. i seem to have been buying many maeve prints lately, and got used to that fit. this blouse fits slimmer, but not tight, and ends up extremely flattering. the arms are also a bit slimmer in cut but not too tight -- the fabric has a little give/stretch and so even f they aren't totally loose, it's still comfortable. the lace detail is subtle but pretty. i am going to wear this to death, i can tell.",5,1,1,General Petite,Tops,Knits
5533,877,54,Comfy but classy,This product is amazing. i love that it's comfortable and stylish at the same time. i love the unique color pattern and the length of this product. i also love that i can wear to any occasion and can dress it up or dress it down. it's very versatile and i love it.,5,1,0,General,Tops,Knits
9314,815,31,Great top,"I love this top, the detail and embroidery make it great for during the day or at night. the small fits me perfect and i don't wear it with a camisole like some have mentioned, but might if i wore it to work",5,1,0,General Petite,Tops,Blouses
275,1182,37,Great tee,"I could wear this every day, it is stylish and comfortable",5,1,0,General Petite,Tops,Knits
16579,916,59,Lovely top,I've been looking for an off the should sweater like this for over a year! looks great on and doesn't itch! can't wait for fall so i can wear it!,5,1,2,General Petite,Tops,Fine gauge
16454,123,62,These pants make me want to smile,"Saw these in the store and had to have them. i wear them rolled up. they are lightweight. whenever i wear them i want to smile. the birds with hats are so funny. i wear them to run errands, have worn them when flying, etc. can't say enough good things about these pants. they wash well, no ironing needed.",5,1,1,Initmates,Intimate,Sleep
21313,823,44,,"Gorgeous blouse, but a touch too large. i may return and try a small.",5,1,18,General Petite,Tops,Blouses
9376,854,36,Order in dress size,"Really great shirt, i made the mistake of ordering normal size (xs) and it was way too small. this is more like ordering in dress shirt size- so think 4, 6, 8, etc, definitely going to have to send back and order up to s or m. will be a keeper once i get the right fit!",5,1,16,General Petite,Tops,Knits
23200,1033,23,My new favorite!,"Let me start off my saying that i hate pants. i will wear dresses and skirts whenever possible to avoid them. however, i found these at my local retailer and just had to try them on because the pattern was so adorable. i have another pair of pilcro shorts that i love because they are so comfortable and have so much stretch to them that they don't make me crazy like other pants do. these were no exception! i love everything about them and am going to have a hard time not wanting to wear them every",5,1,0,General,Bottoms,Jeans
9832,1078,20,Retro diner girl chic,"When i first tried on this romper, i grabbed a 6 (my normal size) but because of my bust size, i could not even get the top half to cover me at all. i decided to give this romper another go a month later, and tried on the 8...it made all the difference! i love it, it fits amazing, and it is just too cool.",5,1,0,General Petite,Dresses,Dresses
12133,868,36,So comfortable and airy,"I was hesitant to buy this top after reading previous reviews, but i love it! granted, i am two months postpartum so i am looking for tops that are airy (it's summer in socal) but cover up my tummy. the material is soft and stretchy and it does have a loose shelf bra type inset---so not a real bra but at least something there. i wore a free people bralette with it and it looked perfect! really happy with this top!",5,1,0,General,Tops,Knits
11246,375,61,Cute jacket,I just received this jacket in the cream color. it is so cute! you can change it from 3/4 to full length sleeves. i ordered both an xs and s and kept the s after i saw that i could cinch the waist to fit better. in the picture it looks a bit boxier than it really is possibly because not cinched. the material is good quality and the jacket is complete with attention to detail from the buttons to the jean contrast pull on the zipper. i love this jacket! it is a good cross over from athletic to cas,5,1,0,Initmates,Intimate,Lounge
15836,1077,35,,,5,1,0,General,Dresses,Dresses
678,1008,55,Great skirt!,This midi skirt has a really nice drape with great seasonal colors! can't wait to pair it with my wine color booties!,5,1,1,General,Bottoms,Skirts
16647,829,46,Beautiful shirt!,This shirt is beautiful and well-made. the lace is soft - not scratchy at all. looks great with a cream or gray cami underneath.,5,1,0,General,Tops,Blouses
13839,1078,37,Stunning,"I&#39;ve been eyeing this dress for weeks. finally i took the plunge and bought it! the velvet is gorgeous and the style is fun and playful. i know many of the reviewers said it was running large, but i had to order an xl because i nearly got stuck in the l (no stretch). im normally a size 16 and carry most of my weight in my stomach butt and hips. definitely more of a shift than a swing. however its still just lovely. looking forward to paring it with a kimono for a wedding tomorrow!",5,1,0,General,Dresses,Dresses
1916,1035,32,Awesome versatile jeans,"The perfect jeans for daytime and bending down with the kids or dressing up later for night. i love that the cuff isn't sewn, so you can choose to roll them down too. with just the right amount of stretch, they are extremely flattering. they are definitely my new favorite pair this season!",5,1,1,General Petite,Bottoms,Jeans
16636,1133,61,,"Looking for a stylish rain resistant coat to wear to ireland this fall and looks like this could fit the bill. the 30inch length is perfect. the faux fur lined collar and opening edges is a lovely touch, fur ends about 6 inches in so not fully lined, but great for weather in 50's-low 60's with a sweater added . ample room for that. i love the look, wish the pockets were just a bit bigger, i can barely fit my hand in. but overall i think it's a keeper.
i ordered m/l and am usually a medium or la",5,1,5,General Petite,Jackets,Outerwear
5014,562,25,Not as it seems,"I thought this would be a cute business attire skirt. i hate to say it, but i felt like it flared out as if i were amelia bedelia or some whacky children's book character and not retailer. the fabric made it look bulky. i sadly had to return it.",1,0,5,General,Trend,Trend
12588,937,35,Favorite new fall sweater!,"This sweater is absolutely adorable! i was worried about the layers looking too frumpy but they were not - i normally wear a size medlum (8), but i sized down on this sweater on a gut feeling and bought a small --i didn't want it to be too loose or billowy, and it fits perfectly. will be so cute with jeans but also with skirts for work! you will be so happy you bought this one.",5,1,17,General,Tops,Sweaters
4124,1098,37,So comfortable,"I love the style of this dress, comfortable but chic, and it feels great!",5,1,0,General Petite,Dresses,Dresses
23272,862,45,Interesting and unique,"I love the way this top fits! i am busty on top and smaller on bottom, and it really flatters. it's funny to see it called ""off the shoulder"" b/c so far i have worn it on the shoulders. when worn on the shoulders, the neck is very flattering, kind of like a cowl neck. i probably would not wear it off the shoulder b/c of the whole bra strap challenge. i got the charcoal color which looks great with jeans or black leggings.",5,1,6,General,Tops,Knits
6394,1038,23,Flattering,"These jeans look amazing on. i'm 5'5"" and an hourglass figure and these fit perfectly. if you like high waisted jeans, these are for you! a small heal does need to be worn but i wouldn't say they are excessively long.",5,1,0,General,Bottoms,Jeans
21964,1047,37,Cute and comfy,"These are very versatile pants. you can pair them with a tank top and flip flops and be ready for a casual summer day or pair them with a dressy top and heels and be ready for a formal function. i've only worn these once to a formal city function and felt put together and comfortable. with the pants i wore a black lace button up top, satin peep toe heels, black tuxedo jacket and a chunky necklace...very cute. my husband loved it. i'm 5'3"", 117 lbs and the xs fit perfectly. they only downside to",5,1,3,General,Bottoms,Pants
9231,1027,19,Best jeans!,"I disagree with the reviewer that says these are more straight-legged. for me they fit tight throughout. sits perfectly on the waist with just enough stretch, but they still look very structured. i'm 5'0, 110 lbs and the 26 fit me perfectly. the length was perfect for my height. often pants are too loose in the ankle for me, but these are snug and perfect to wear with booties.",5,1,0,General,Bottoms,Jeans
7979,1099,30,Love,I love the length of the dress and the fun swing the skirt has. the print is wonderful.,5,1,1,General Petite,Dresses,Dresses
8150,472,35,Run large,"First off, they are much prettier irl than in the photos online. they fit very large on me. i am usually a 8 or 10 but have hips so ordered the10. wrong decision. i needed the 8.",5,1,1,General Petite,Bottoms,Pants
7848,1110,30,Ethereal beauty,"I chose this dress for my engagement photoshoot and i'm so glad i did! it is beyond beautiful, my favorite dress ever!",5,1,3,General Petite,Dresses,Dresses
6746,1094,39,Love & adore!,"Count me in as a five star lover of this dress! the details are so rich and interesting, so be prepared to get noticed when wearing. i'm happy to say that getting the size medium regular (instead of petite) was a good choice for my top heavy frame. the chest is fitted but not tight, the length is a not-too-short above knee, the tiered layers swing so nicely, and the beads/sequins add a touch is whimsy to the design. my one negative is the tassels at the neck tie--soo heavy cumbersome to style. o",5,1,6,General,Dresses,Dresses
13075,1059,39,Ok i get it now,This was a return in my sale room and i just decided to try it on. love it! fits true to size thought kind of hard to zip up all the way. colors are great. got the petite size. the pattern is different for each one so each is unique. mine has. lot more navy blue.,5,1,0,General,Bottoms,Pants
22640,1094,80,Fantastic product,"This arrived today and i am thrilled with it. the material is soft but not at all clingy. it drapes perfectly, falling just above the knee. there is a matching slip that is as nicely made as the dress itself. what a find!",5,1,8,General Petite,Dresses,Dresses
8027,877,29,So comfy!,"Love this jacket! the sleeves are a little big/loose but it's not quite as flattering as it could be, but it's so comfy it's worth it! great quality.",5,1,0,General Petite,Tops,Knits
19177,1121,28,Cannot wait for spring!,I saw this trench in an email a couple weeks back and instantly fell in love. i bought it for myself for my birthday and got it just the other day and it is just as beautiful in person as it is online. fits true to size and is so flattering. i love the true navy color and cannot wait to wear this on cool spring nights!!,5,1,1,General,Jackets,Outerwear
18223,825,49,,"This top is very cute. it is a high low top that i wasn't expecting, but love it. the picture doesn't do it justice it fits closer to the body than on model. fits true to size usually a small and this one fits well in small. got at a ridiculous price which is an added bonus. will get a lot of wear out of this top.",5,1,2,General,Tops,Blouses
22555,1098,48,"Unique style, with comfy fit","This dress definitely runs large, so i ordered it through my local store, in order to get a size that would fit. i ordered one size down, but could have gone down 2. i love the embroidered design. i just wore the dress to a slovak festival, yesterday, and it fit right in :-) very comfortable, and fun to wear.",5,1,0,General,Dresses,Dresses
21302,239,40,Gorgeous swim suit,Love the design and print. absolutely beautiful bathing suit. would size up on the bottoms. top is true to size.,5,1,1,Initmates,Intimate,Swim
8011,1022,41,Super flattering!,"I really love these jeans! this is my second pair of ags and they're so comfortable. i will say that these jeans are super long! i have long legs and it takes a 3 inch lift from my shoes to get them to hit correctly. if you're short, you can expect to get them hemmed. the high waist is great! size down in ag because they tend to stretch and being high waisted they for differently!",5,1,2,General,Bottoms,Jeans
3392,836,62,Size up if you're busty,"I've been looking for a great white blouse for awhile, and this is it! the tie waist is especially flattering for hourglass figures, but i'm sure it would add some curves to any body type. the fabric is soft, not crisp, and drapes beautifully. you definitely will be doing some ironing, though. it's a bit sheer, but i always wear nude bras and felt no need for a cami. i did buy the regular, rather than petite sizing and usually wear a 0 or 2, but had to size up to a 4 regular to avoid gaping in f",5,1,1,General Petite,Tops,Blouses
74,1081,59,,I passed up this dress so many times in the store and finally tried it on today because i wanted a casual dress while traveling in the cape. i was surprised how much cuter it is on than on hanger. i sized down to get a more fitting look and really made a difference for me in style. i was not a fan of the way it looked so loose on model. it looks really cute fitted and a bit sexy even. it is lined and very comfy and can be dressed up a but for work with a cardi. i believe i will get a lot of wear,5,1,1,General Petite,Dresses,Dresses
17259,850,47,Watermelon dream!,"This top is my new favorite. i thought it might have too much volume, but it does not. it is very flattering. the color looks just like the picture.",5,1,1,General,Tops,Blouses
19927,1019,41,"High quality, size up","This skirt is a beautiful fabric, heavy and soft, and fully lined. it has two sets of snaps on the inside so you can adjust the waist size. i purchased a medium, but found that there wasn't enough of an overlap in the split to be decent (it flaps open when i walk, revealing nearly everything!), so i will be exchanging for a large. for reference, i typically wear a size 10 or 12 in pants and skirts. the color is true to the photos, with a matte finish. i am 5'8"" and length hit me below the knee.",5,1,0,General,Bottoms,Skirts
21574,825,38,Lovely top; size down,"I'm an xl in retailer tops, and to be frank sometimes some of the xl are too fitted and i return them. i bought this blouse in size large and it fits loose everywhere. it drapes very nicely in the front and back, and the arms fit loose. i'm making a point to say this to let people know to size down. 
-
i was concerned this blouse might be too short because it looks very short on the model, but for me it hits at a nice length; i have a short waist and am busty. the lace doesn't hit my neck",5,1,8,General,Tops,Blouses
17254,1072,37,Gorgeous and comfortable dress,"I tried this dress on in-store and fell in love with it as soon as i put it on. it's beautifully made, the fabric is soft, comfortable, and free-moving, and overall it has a lovely vintage, romantic look. i actually ended up wearing it for a family photo shoot the next week, and was pleased with how it looked in our photos as well, especially the lovely way the fabric draped. another reviewer said it seemed baggy and oddly-shaped; it does seem shapeless before you tie the waist tie, but once tha",5,1,7,General,Dresses,Dresses
588,875,46,Awkward style,Fits very strange. odd cut. does not look well on.,2,0,1,General,Tops,Knits
9136,872,31,Details and versatility,This top is easy to dress up with a blazer or wear casually with jeans and trainers. so many nice details and a great fit!,5,1,0,General Petite,Tops,Knits
16299,364,49,,"This is absolutely gorgeous cardigan! the pictures don't do it justice! it's comfortable and soft and very trendy at the same time! i bought it in teal and in medium, i am 5'3"" and usually wear 10-12! even though i think it runs tts, but for more fitted look, medium fits better ! i am blond and this color looks great! i also loved it when unzipped the upper part, it looked even better! it is perfect with leggings in grey, blue, green and black, also beautiful with aqua flora leggings and with re",5,1,8,General Petite,Intimate,Lounge
12657,762,35,Love love love this!,I went into the store to try this one on bc of my broad shoulders and muscular build (in arms) as sometimes the open shoulder pieces fit snug. this dress was perfect and so soft!!! fit me like a glove! i have a long torso and am 5'8'' so it's a little short - but throw on some tights and booties and it's perfect! i'm a size 10/12 and got a large :),5,1,3,General Petite,Intimate,Lounge
5088,1035,34,These stretch out horribly,"I've never had a problem with pilcro jeans. i own several pairs. however, i ordered my regular size 28 (i'm 5'3, 120 pounds) and not only were these jeans thin, they had zero stretch and after 1 hour of wear stretched out horribly. they fit really loose and hung around my knees and legs which is very disappointing for a skinny jean.",2,0,3,General,Bottoms,Jeans
18577,604,33,I love stevie everything,Stevie styled ags are my favorite! love the waist! love the length of the short! not to long and not too short,5,1,0,General,Bottoms,Shorts
13288,936,38,Weird fit,"This is cut very strangely, i'm short waisted and this barely covered my belly button. the material is rough and scratchy. did not like at all and will be returning.",2,0,0,General Petite,Tops,Sweaters
16287,933,32,,"I love this sweater it's so cute and so soft, and warm!",5,1,0,General,Tops,Sweaters
5894,862,51,Really pretty and feminine,"I love this blouse. it reminds me of something out of europe with the swiss dot and crochet delicate sleeves. i ordered the xsp and it fits perfect. i'm 4' 11"" so the shortness of the top isn't a factor. the material drapes nicely and doesn't make me look wide or boxy. i was afraid that the sleeves were going to be overly puffy put luckily they are not. the only thing to note is that the color is more on the tan / beige side rather than pink. i find with a lot of retailer tops that the colors are",5,1,2,General Petite,Tops,Knits
21396,1092,32,,"Really cute dress for work. fits exactly as i expected. this dress is very comfortable and looks put together on days when you're being lazy and just want to ""throw something on"".",5,1,5,General,Dresses,Dresses
18270,854,36,Pretty and girly,I bought this top in navy and am so happy with my purchase. it's pretty and feminine. it looks great with jeans as well dressing it up for work. very happy with this purchase.,5,1,2,General,Tops,Knits
5635,155,52,,The tights are thin and not how they appear in the photo. one of my pairs had a hole in the seat and it was obvious they had been repackaged with part of the packaging missing. very disappointing. i wish i had found the hole before i try them on. they are definitely going back.,1,0,0,Initmates,Intimate,Legwear
15519,1099,61,Exquisite and unique dress,"This very unique dress is exquisite and so versatile ? suitable for daytime or evening, and will look great with a cardigan and tights for year-round wear. it fits perfectly and seems true to size to me ? i?m 5?2?, about 112 pounds, and got an xs. the description says the dress can be machine washed, but with the delicate trim around the neckline, i plan to hand-wash it carefully. so happy with this purchase!",5,1,6,General Petite,Dresses,Dresses
7374,1086,46,Hot mess on me,"Maybe it's my curves or the way i'm only 5'4"" but this was a hot mess on me! it is soooo long and cut to low for my 36d chest. it is slim and the cut usually is flattering but somehow this dress was anything but! it is really shiny and the material is heavier than anticipated for warm weather. if you are super tall and skinny with no boobs, go for it! had to send back!",2,0,14,General,Dresses,Dresses
18513,1095,20,Fabulous dress!,Fits well and appropriate for work or going out! love the pop of red in the beads! could easily be worn with a jacket well into fall! i typically wear a 6 and a small fit perfectly. not too short- but hits above the knee! this will get lots of wear!,5,1,0,General Petite,Dresses,Dresses
20346,872,47,Perfect summer tank!,"I just received this in the mail and i was so surprised how flattering it is!  i ordered the print and i can see wearing this to work, out with friends or for date night!  perfect summer tank!  comfortable and flattering!  a great addition to my wardrobe! it fit true to size for me!",5,1,1,General,Tops,Knits
6890,191,24,Love it but wish i could tweak a bit.....,"Let me just say that this material is awesome!!! when i first took it out of the packaging i was afraid that the top was too thick of a material but after wearing it around the house it seems light enough. (i live in a warm area). i will say that i find the top to be a bit larger. i ordered a medium in fear that the small would be too small on the bottom. i could have taken the small in the top---even though it is meant to be baggy 

 the bottoms on the medium fit me great- they shorts don't b",5,1,1,General,Bottoms,Shorts
7303,1078,50,Looks like reconstructed old sweatshirts!,"I truly cannot understand the great reviews on this dress!  i purchased in both a sp and a mp.  i am 5'2"" 120#.  the mp fit perfectly.  i definitely wouldn't keep it though because it looks like someone sewed a bunch of old sweatshirts together.  it's not super soft, coarse on the inside, and feels old.  the back is longer than the front, it just looks like something my daughter would make in sewing class out of scraps.  even with leggings and great boots, it looks worn.",1,0,0,General,Dresses,Dresses
8181,820,37,,,5,1,0,General Petite,Tops,Blouses
22986,1068,64,Failure,"I really wanted to like this jump suit.  i rarely have problem with retailer clothing.  i'm 5.6, hourglass shape, usually wear size 2.  this jumpsuit runs small, but that's not the only problem.  top part (shirt piece of the jumpsuit) is too short, so it's digging into my lady part.  the color does not look anything like the picture, so overall this piece is failure.  i hope that i find something similar but fits better.",2,0,1,General Petite,Bottoms,Pants
21226,835,35,Lovely top,"Beautiful and comfortable, although it is a lot looser at the bottom than pictured, and the slit on the sides is quite high. not deal breakers though!",5,1,0,General,Tops,Blouses
22058,850,28,Beautiful,"This top is lovely; great colors for spring, light material, flow-y, and the cinching below the bust line creates a super flattering silhouette. i did have to size up to a 2 (i'm almost always a 0) to make some room for the girls (i'm a 32 c/d depending on the brand), so larger chested women may want to size up, but it's well worth it",5,1,0,General,Tops,Blouses
2128,862,35,Cute top....but shrinks horribly!,"I bought this top and it ran huge, i had to get an extra small. well then i wash it according to the instructions and it shrunk horribly! like its so small now my 3 yr old could probably wear it! i'm so sad, i really liked this top....but for it to shrink after one wear is not acceptable.",1,0,10,General,Tops,Knits
1740,830,31,Love it!,"I love this and instantly felt sexier when i put it on, yet with the longer sleeves and looseness felt i could wear it casually. 

i will say that i have to often keep adjusting/pulling the top neckline down. it seems to want to revert to above-the-shoulders position. 

the fabric and quality feels nice and it was a great purchase for me!",5,1,0,General Petite,Tops,Blouses
1634,1094,34,Absolutely beautiful and comfortable,"I decided to try this on just for fun because the colors and design are absolutely gorgeous. here are my thoughts:
_________________
pros:
- the jeweled neckline is lovely! it really helps set the dress apart.
- pockets!!! such an elegant dress to have pockets is a huge plus in my book. :)
- the length is ideal for taller folk.
- it swings beautifully on the body and flares out quite a bit on the bottom. if you're tall as i am, this won't be an issue.
- nicely conservative at the top.

cons:
- i",5,1,33,General Petite,Dresses,Dresses
15283,916,62,Beautiful!,"This sweater is beautiful and looks exactly as pictured in terms of fit, length, and color. the fabric is super soft and not at all itchy - feels soft like a boucle type knit. the sleeves are 3/4 length and the weight is maybe a medium-weight (not super warm). i wouldn't see this taking me too far into a northeastern winter, but for right now it's perfect!! fit is tts :)",5,1,13,General,Tops,Fine gauge
11304,829,37,So pretty,"I bought two of these in xs. i am 5'11 and 150lbs. i started with the size small but that was to big, so down to a size xs and that was perfect. the color ivory/white is really nice, is not see through (i wear nude bras) and it goes with everything. i also didn't see any loose strings falling out of it like another reviewer said...quality material. the burnt orange is really nice too, perfect for fall. love the pockets. just make sure you size down one or two. i am usually a size medium to a lar",5,1,0,General,Tops,Blouses
23020,643,46,Way too much fabric,"I wanted to love this jumpsuit. it looks adorable in the product photo. i am 5'5"" about 120lbs and thus was overwhelming on me. i tried everything--- pulling up the tie at the waist to create a higher line, wearing a variety of heel heights----i couldn't seem to make it work. there was just so much fabric on me! it felt like i was wearing pajamas (and not in a cute 'wear your pajamas out' way). i love the idea and the photo appears to have an adorable line and cut. on me, this jumpsuit was just",2,0,0,General,Trend,Trend
7582,868,56,Poor fit,"I ordered this top on line. i wanted to love it, but unfortunately the fit was not for me. i am 5'9 with a long torso. this top was cut very wide and looks like a maternity top.",1,0,0,General,Tops,Knits
19713,877,39,Worth full price,"I went with my instincts and grabbed a size l as opposed to my usual medium.  fits great and flatters the girls while hiding my meaty back!  such a great artistic design, i will love wearing it this weekend.  i am scared to wash it, i may just have to dip it in lingerie powder and drip dry.  for fit reference: 140#, 36dd, i hold my weight in my neck, shoulders, back, upper arms, tummy (i'm not a gorilla.)",5,1,4,General,Tops,Knits
17393,912,75,Lovely and warm,"""does this sweater make my hips look big?"" my wife asked. this sweater was one of my christmas gifts to this fair maiden.
.
""no, love, it does not,"" i said, but i looked, to make sure my reflex was also correct. it's a beautiful sweater for my dear bride, mother of our three children, and no, it does not make her hips look big.

in fact, it draws out all her lovely lines and curves, just so. and she is a modest girl, so she wears a little undershirt so that her cleavage is somewhat...um...suppre",5,1,23,General,Tops,Fine gauge
10308,1033,55,I. love. these. jeans.,"I just love everything about these jeans, and everyone that sees them on me seems to as well! i'm short (5'2"") and was concerned about the length on me because they didn't have the petite in my size- but these seem to be just fine. i wear them with a bit of a heel, so that helps. they fit snugly (but not too tight) in all the right places, i have a bit of a backside so that's a plus for me! because of the higher waist, they also don't ride down.  except for the shorter length, they remind me a l",5,1,2,General,Bottoms,Jeans
17642,918,58,Snail cardigan,"I love quirky and unique sweaters/ cardigans, and this is no exception. it's not obvious in the photo (at least it wasn't for me), but the cardigan does have buttons all the way down, and not just at the top, something i appreciated. those buttons, however, are not easy to un-button. the snails are adorable without being childish. i'm 5'4 130lbs, often between a small and medium when it comes to cardigans. i chose the medium for this one, which fit exactly how i wanted it to (a.k.a. sleeves were",5,1,6,General,Tops,Fine gauge
14510,1099,22,,"I do not think this dress runs large. i think it it is true to size. i am usually a size 10 and a 34dd. definitely curvy and tall at 5'8. the large was perfect for my bust. i ordered a med also, and it looks really narrow in the waist. length is below knees as pictured. i was finding that the zipper under left arm is very catchy. i even checked the med and it is worse. that concerns me, but love the dress so i am keeping the large. length is so hard. i hardly ever find a dress the hits a little",5,1,7,General,Dresses,Dresses
285,1104,36,Love this dress!,"After missing out on last year's similar dress, i am so glad i finally purchased this one! it is beautiful in person. i bought to wear to a wedding, but i am curious if others think it might be too white? i bought the peach color. i will keep this dress no matter what. hope they come out with more next season!",5,1,0,General,Dresses,Dresses
8386,1092,57,Sweet little dress,"I was not so sure i would like this dress as i was afraid it may be too boxy looking. per other reviews i took a chance...i love it!
so sweet with my grey boots and just dressy enough...but still casual and fun.
detail work is very nicely done.",5,1,1,General,Dresses,Dresses
11760,1022,30,Love them,My favorite jeans i have ever purchased! they fit just right. i wear them everywhere.,5,1,0,General,Bottoms,Jeans
17077,1037,38,Great pants!,These pants are great. the pattern is beautiful and the fit is perfect. they pair well with a s front tucked shirt or fitted colwyn neck sweater. another great find from retailer!,5,1,0,General,Bottoms,Jeans
9033,863,36,Great top,"Fun top, 5'4, 135 lbs and i ordered xs. it was too wide and boxy so exchanged for xxs and it fits great. i like the fun slant to the side. not tight on stomach which is great! :) great top.",5,1,2,General Petite,Tops,Knits
8913,862,57,,This shirt runs gigantic and it's not even cute. i.'m done buying retailer online.,1,0,0,General Petite,Tops,Knits
5673,993,33,This skirt is perfection!,"I'm in love with this skirt! i already have so many outfits planned out! i do feel it runs slight large, maybe half a size?? i'm 5'6"", 135 lbs, and usually wear a 6. i ordered a small, and it's fairly loose, but i like that personally. if you want a tighter pencil look, then size down.",5,1,2,General Petite,Bottoms,Skirts
2125,850,27,Love it,"Love it- super cute. can wear it to work with blazer or out at night. i'm 5'3"" and got a size small, a little shorter in the front but that seems to be style, fits great",5,1,0,General Petite,Tops,Blouses
2866,895,39,I just love this!,"Bring back the old retailer timeless pieces! this cardigan is very flattering, the flutter sleeves add a romantic touch to the cardigan. the colors are neutral, and the vine part (black) is like velvety. the fit is super flattering, i originally bought hte xs in the store, but decided to also order the xs petite to compare ( i am 4115 lbs, 5'1.5"" and 30 dd, with 26-27 waist). both fit, but the petite was better fitted on my waist. also, the length would work better on top of dresses. i also tried",5,1,20,General,Tops,Fine gauge
4699,836,60,"Love, love, love it!","Tried this little gem on in the store but they were out of my size. the ladies were so helpful, ordered it, shipped to me directly and i received it amazingly fast - not an easy task when you live off grid in north idaho!
i wore it last night to a st patrick's day party in california and received a ton of compliments. paired it with black leggings and strap or black heels. 
i'm still smiling today, can't wait to wear it again. the fit is flattering and the quality superb.
thanks retailer",5,1,2,General Petite,Tops,Blouses
7270,867,55,Awesome!,"Good quality, cute and great color as pictured. perfect for leggings or tight ankle pants.",5,1,8,General Petite,Tops,Knits
10272,619,36,,"The fabric is beautiful.  didn't wrinkle so much after 8 hours in a suitcase.  as opposed to the other reviewer mine arrived neatly, stripes match nicely.  i am kind of thick waisted and the size 6 was still perfect for me - i am currently 130 lbs, 34-28-35.  love the colors and the fabric, a nice cotton twill, lined, pockets, pretty bow belt.  i am not a fan of the size zipper style but it is not a deal breaker.  glad i have them !!",5,1,6,General,Bottoms,Shorts
18793,1025,39,Love these pants!,Beautiful white denim pants. the fit is perfect. fitted on the top with a nice flare on the bottom. very classy and versatile cut. paige denim runs long for me and these are no exception. will be getting them hemmed but i don't mind because they are perfect!,5,1,0,General,Bottoms,Jeans
317,844,53,Lovely printed blouse,I just purchased this beautiful printed blouse in the pink color and love it! i almost always wear a size small at retailer (34d-27-35) and the fit and length are both perfect on me. if you are smaller chested you can easily go down a size. i absolutely had to have this whe i first saw it at the store and noticed how popular it was as i had to order it due to it selling out like hot cakes there. what i like about it is the texture and the ruffles at the front plus the length of the sleeves stop ri,5,1,4,General Petite,Tops,Blouses
9796,741,46,Beautiful timeless basic,Gorgeous suit! one of the most well made suits i've ever owned. sexy yet provides great coverage. do note the sizing is per australian standards. i had to order a size up.,5,1,1,Initmates,Intimate,Swim
15574,1056,33,,"I bought these last year and loved them, however they came in tall sizes. this year they do not and the inseam is just way too short, even at 33"". im 5'7"" and  they barely graze the floor with no break in the pant leg. i prefer to wear them with boots and they will not be long enough even with a short heal",2,0,0,General,Bottoms,Pants
3660,1030,67,Yikes these run small!,"I'm normally a size 25p. i bought these in a 26 because i wanted a more relaxed fit. i could barely pull them up over my calves. i could get them on and button them, but i felt like a sausage stuffed into a straw. size up 2 sizes at least!",2,0,6,General,Bottoms,Jeans
10655,1083,42,Classic and timeless,I wore this to a wedding yesterday and received several compliments. the dress is well made and very comfortable. i know i will wear it again.,5,1,6,General,Dresses,Dresses
19491,895,41,Detailed + cute,"I love this top! although it is a tad big, i expected this because the moth brand usually does run a tad big. however, i am still able to wear it without any nerves that it's too big.... hope that makes sense! the navy was more lovely with my skin + hair, but the yellow was so pretty too!",5,1,2,General,Tops,Fine gauge
4295,1078,58,Classy cling,I took a chance buying online. i'm thrilled this dress clings at the top and releases where it should (below the bust) without looking like a tent. a very classy dress for work or play. just hope it holds up after a wash as the material is thin (but opaque). love this dress.,5,1,0,General,Dresses,Dresses
725,886,36,Great tee,I bought this a little ago in the denim color. it has become a favorite so much that i bought another in white.,5,1,1,General Petite,Tops,Knits
42,910,23,Soft & lovely,"This poncho is so cute i love the plaid check design, the colors look like sorbet & cream and it will pair well with a turtleneck and jeans or pencil skirt and heels. i love this look for fall and it can roll right into spring. great buy!!",5,1,0,General,Tops,Fine gauge
2524,1078,64,Classic and classy,"I originally bought the white lace version of this dress, but it felt too ""bridey?"" then i snagged all three of the velvet blazers and spotted this black version. i like that it is not all lace, with the pleated chiffon ""center."" the under slip is straight and fits with the outer layer sheer enough to give the appearance of there being a shape under the flow. it is so versatile as i can do it with the velvet blazers and booties or classic lbd with black pumps. well worth the price as this will f",5,1,5,General Petite,Dresses,Dresses
11340,829,59,New favorite,I love this tunic.  it is so comfortable and looks great with leggings and boots.  perfect fall look.,5,1,0,General Petite,Tops,Blouses
23062,1167,40,Great quality - runs narrow,"I love this top! it's well-made (important if you're in chlorine or salt water) and has vibrant colors. the back strap has two clasp options, so not much room for adjustment but i like this fastening method because you don't have a big bow to lay on when laying out.",5,1,0,Initmates,Intimate,Swim
674,1059,30,Great fit,"These fit me really well. i tend to have a problem finding trousers that fit my more muscular legs and my waist. usually, if it fits my legs the waist is too big. the trousers have some stretch for a better fit. the only downside is that i had go them hemmed (bought regular size).",5,1,0,General,Bottoms,Pants
8667,1078,20,The best dress ever.,"This dress is absolute perfection. the quality of the dress is great, the fit is comfortable and it's such a fun summer dress. the slip underneath fits perfectly the outer layer is delicate yet durable.",5,1,1,General Petite,Dresses,Dresses
2568,1054,47,Super cute,"I absolutely love these pants! i was really hesitant to try these on for fear they would look like a diaper. i've always liked the look of these pants but didn't think i had the body type to pull them off being 5'5"" with some curves. i tried them in my local retailer in the solid grey in both a medium and small. i could have gone either way but the medium fit better in the he hips. the draping isn't as exaggerated or bulky as it looks in the pic either so it didn't add weight to my frame. the mate",5,1,7,General,Bottoms,Pants
3984,1094,36,Love it,"Bought this dress in the blue and absolutely love it! it looked big in person, but when i tried it on it fit perfectly. i'm 5 foot 120 lbs and got the petite small. the colors are vibrant and will really stand out. cant wait to wear it!",5,1,0,General Petite,Dresses,Dresses
19479,876,42,Beautiful detail,I purchased this in black. as in the other reviews the lace detail is a little snug in the arms but it did stretch. i did not have a problem with any fraying or quality issues. the shape is very flattering. i've been asked where i bought this several times.,5,1,0,General,Tops,Knits
6800,877,42,Not a tunic,"This fits like a regular top for me. i can take petite on top most of the time. i bought this in a medium regular and it fits like my regular high low tees or tops. i think it's so cute on. it's light weight enough for warmer weather. i'm going to love it this spring/summer and into fall with a jacket or cardigan. another plus is it doesn't gape at the armpit which i get sometimes with regular cuts. it's not so low cut on me either, but i have a 32f (37-38ish inches) bust so that may be why? it",5,1,0,General,Tops,Knits
16145,940,31,Stunning,"This is my new favorite sweater. it is a great mid-weight sweater, that hangs beautifully with an interesting bottom hemline. im so happy with this purchase. im 5-9, 155# and the m is perfect.",5,1,0,General Petite,Tops,Sweaters
9779,933,64,,"Great style and fit. will look great with jeans, skirt or leggings!",5,1,1,General Petite,Tops,Sweaters
5321,867,41,,,5,1,0,General Petite,Tops,Knits
438,1030,63,Really cute!,"These jeans are so cute! they are perfect for petites too! i am fit, look way younger than my age and get so many compliments when i wear these jeans. i'm. i'm 5'2"", 115 libs and they definitely fit tight in a good way. just like the photo pretty much. they are not small like the white mother ankle fray jeans for sale on the site now. those definitely run smaller so these are true to size with a tight fit.",5,1,1,General,Bottoms,Jeans
12922,733,38,Comfy and cute,"This chemise is very pretty in person. when i tried it on, i was surprised to find that it looks more like a sundress than a chemise. the material is kind of thin, but if you wear a nude colored bra underneath it, it won't show. it looked super cute with a denim jacket on. i took my normal size s and it fits perfectly (for reference, i am 5'2"", 34b, 120lbs). i am very happy with this purchase, and i can't wear it as a chemise, a coverup, or a hot day sundress. highly recommended!",5,1,4,General Petite,Intimate,Lounge
3322,422,31,,,5,1,0,Initmates,Intimate,Lounge
6944,860,37,,This is my new favorite shirt. i'm actually wearing it today! i had to order another in white too. grab it while you can!,5,1,0,General,Tops,Knits
15071,1028,31,The best!,"Coh emerson style jeans are the best fit and style. the ""pacifica"" color is a light blue and nice for spring and summer. i love the slim boyfriend. i have thighs and they fit like a skinny without being super tight. there is just enough stretch. no holes either. they are easy to dress up or down and have become my new favorites.",5,1,3,General Petite,Bottoms,Jeans
8886,878,40,,C'mon. the accent is wrong! a simple google search would prevent this.,2,0,10,General,Tops,Knits
8149,860,35,Very flattering!,"I usually take a small in retailer tops. i did have to order this in a medium though because it is slightly more form fitting. the material seems a little thin so i hope it holds up well over time. i love the green color though. i am curvy especially on the bottom and this was very flattering on me. i do think it is too expensive for what it is especially with the material being thin (even at sales price). overall though, i thought it flattering enough to keep.",5,1,0,General,Tops,Knits
23481,1104,34,Great dress for many occasions,I was very happy to snag this dress at such a great price! it's very easy to slip on and has a very flattering cut and color combo.,5,1,0,General Petite,Dresses,Dresses
8960,940,30,Different material,"I was so excited to buy this coat, since i missed out on buying the last one. i snagged it quickly before heading out on a trip because this is the perfect plane jacket (i've borrowed my friends). i immediately noticed that the fabric was lighter and softer than the original, and after a few days noticed a lot of pilling on the coat, and a snag on the seam of the shoulder where the arm connects to the body. it's disappointing considering the price you pay. i would return if it still had tags on.",2,0,0,General,Tops,Sweaters
21801,1121,29,A wrinkled mess,"I love anything orange- when i saw this coat online, i ordered it as i loved all the features. the features of the coat are fun- however the coat came all bunched up in the package. i let it hang for a couple of days but the wrinkles were awful and even steaming and an iron would not take the creases away. i tried the coat on - the buckles were poorly made. i ended up returning this jacket.",1,0,1,General,Jackets,Outerwear
21132,1061,20,Great jumper!,Picked this up at the store in my usual size small. it fit perfectly. i am a 34d and the buttons closed with no gap. the length was just above the ankle and the fit is slim. so comfy. my guess is this is going to sell out because everyone including the sa's wanted to buy one. loved the color too~very versatile.,5,1,2,General,Bottoms,Pants
688,1087,52,Worth it,"I never buy anything at retailer full price, but had to get this when i tried it at my local store, especially since it's back ordered for so long. it's very flattering, and super comfortable. fully lined, not see- through at all. elastic waist that's hidden under the sweater top. will be so easy to throw on and dress up for an evening out, or lounge in after a day at the pool or beach. looking at the model pics, i was concerned the arm pit holes came too low, but on me that is not the case. the t",5,1,84,General,Dresses,Dresses
16714,1059,41,"Fun cropped pants, but size uo","I bought one size up in these fun cropped pants. i am petite but wanted these to fit longer, so i ordered a regular size. they are perfect. there is a nice patterned texture to these pants that is hard to see in the pictures. they are worth the price!",5,1,0,General Petite,Bottoms,Pants
16952,1095,28,Perfect lbd,"This dress is perfect for anyone with an hour glass shape,it is true to size, i am 5'3 and 125b the 2 petite fit perfectly. the fabric has a little give to it so if you have hips and a chest it will stretch a little without feeling tight and dress sinches in the waist creating a beautiful silhouette. it's the structure of this dress that makes it elegant and sexy. this dress is so figure flattering, i could not believe how many complements i've received on it.",5,1,0,General,Dresses,Dresses
17609,1047,36,Love these pants,"I just bought these last week and have had a hard time wearing anything else! they are super comfortable, with great pockets. very flattering and wash up great. wish they made more colors...",5,1,3,General Petite,Bottoms,Pants
1424,1081,36,Perfect for everyone!!!!,"I love this dress!!! it's comfortable, flattering and stylish. looks great with flats or boots - awesome with a chunky scarf and tights.",5,1,0,General Petite,Dresses,Dresses
4500,1038,41,So unique and so comfortable!,"I love these jeans! when i saw them in my retailer store, i instantly fell in love. they fit like a dream and they look so much better in person than online. they're definitely a boyfriend fit, so if you're between sizes, go down a size. i've already gotten tons of compliments!",5,1,1,General,Bottoms,Jeans
404,902,58,Sweet little top,"The color is a very soft peach, and the knit top over the gauze is a very light, summer-weight knit. i can see this being worn casual, or dressed up with a statement necklace and nice skirt / pants.",5,1,3,General,Tops,Fine gauge
14687,927,59,Great with pilazzo pants!,"Nice chunky knit cotton tank with cut-out shoulders. sporty looking. armholes are the right size and bra doesn't show. no holes to see through, even in white. tts. i took my usual medium. falls to about hip bone, approx 20"" from shoulder. not tight, not baggy, but has a nice comfortable drape. i got in white. best to put it on before applying makeup. this goes great with black and white print pilazzo pants! love this top.",5,1,2,General Petite,Tops,Sweaters
6529,1036,79,Love..,"I'm in love with these jeans! they come very long, but it's easy to cut them down where you want them since they are not hemmed. i have a short torso so for me they were high waisted, but still flattering, which surprised me! for reference, i am 5'2, 105#, and i got the size 24.",5,1,0,General,Bottoms,Jeans
16655,417,48,,The color was very different and vibrant. chose to size up for extra room and length,5,1,6,General,Bottoms,Shorts
3595,869,37,Dream of a top,"Every once in a while, i randomly pick something from the sales floor that really knocks it out of the park. print is subtle and pretty, crochet neck really lightens up the look of a long top with a lot of coverage. it's cut perfectly--beautifully drapes without being so flowy it's mistaken for maternity. worth full price! word of warning, i saw one top on the rack with a small amount of crochet that was unraveling, so may need to check before buying. i'm usually a size 6-8, purchased size small",5,1,11,General Petite,Tops,Knits
22919,895,54,Cute cute,Beautiful sweater. i first bought it in black and loved it so much i bought it in burgundy. the burgundy one is longer and slightly bigger than the black one and they are both smalls. nice thing is i can wear the burgundy one with leggings. love the lace on the sleeves and the sweater is a nice weight.,5,1,0,General Petite,Tops,Fine gauge
16280,831,65,If you're short...this is long!,"I'm only 4'11"" and this top comes to the top of my knees. i could wear it as a mini-dress. lol! so, it is definitely a tunic for us shorter gals. now, it can be shortened. the underlayer can be cut and rehemmed shorter. then the over-lay lace has to be very gently snipped around the scallop pattern a few rows up. i'm debating whether i should do it or not. the bottom is simply a snipped off row from the fabric to create the scallop lace trim anyway.

as far as sizing, it's tailored. i didn't f",5,1,1,General Petite,Tops,Blouses
8972,1052,41,Sizing way off,"I love relaxed-fit wide leg pants with some pockets and draw string, so naturally i was super excited to see these. i got them in gray and they felt and looked perfect right out of the bag, material was soft and flowy but not too thin. unfortunately the sizing is completely off unless i got a defective pair, i got my usual size l and they felt like s or smaller, i barely could get them on and i could not zip up. i'd need at least two sizes larger for them to fit at all. very disappointed, will l",2,0,12,General Petite,Bottoms,Pants
9224,912,27,Poor fit,The fit of this sweater did not flatter my body-type. the top half did not fit well; the armpit area was loose fitting and the neckline was awkward.,1,0,0,General,Tops,Fine gauge
13222,1078,25,Gorgeous dress,"I am so glad i returned this dress for a size down. i am 5'10"", and 160 lbs (curvy and muscular build), and the medium was surprisingly much too large on me. i returned it for a small, and oh my, it is perfect. i plan on wearing this to two summer weddings this year, and will then wear it for work. it really is a go-anywhere-do-anything sort of dress.",5,1,0,General,Dresses,Dresses
10371,1056,42,"I ""heart"" this!",I purchased this jumpsuit for christmas parties this year and have received so many compliments. it's a great fit and very comfortable. i especially love the pockets! very flattering.,5,1,4,General,Bottoms,Pants
22583,862,62,,,5,1,0,General,Tops,Knits
19327,1081,59,The it dress,"This dress by dolan is my go to favorite for work. it gives a polished look with a pair of booties.i purchased it in an xs. i'm 5'1 and c-d cup. fit me perfectly. i can't wait to team it up with a sweater for chillier fall days. you will get a ton of compliments with this dress. love, love , love.",5,1,0,General Petite,Dresses,Dresses
10761,864,32,Simple and easy,This shirt is amazing. i bought it in white and found i was wearing it with everything...so i went back to get the gold (which is yellow). the dit runs big so order a size down. love the riffle around the sleeve and the little dot trim. very cute!,5,1,0,General Petite,Tops,Knits
13273,936,39,Beautiful,"I bought this sweater in the navy blue and love it! it's soft and not itchy, and the tie back detailing gives it that extra something special. i'm 5'7 and 38 d, waist line 27/28 inches, and the size m is a perfect fit! wore it yesterday to my son's 3rd birthday party with jeans and received a lot of compliments.",5,1,0,General Petite,Tops,Sweaters
1428,1094,36,Super comfy dress,"I ordered a regular size xs and the length is still fine for me at 5'2"". i love the color and the fabric is super soft and comfortable. i'll get a lot of use out of it this summer and the sale price is a great bargain!",5,1,1,General,Dresses,Dresses
17487,974,38,,This jacket is a great buy at the sale price. drape is wonderful and the weight is nice; lightweight and will transition well from summer to fall. the adjustable ties at the waist make it very flattering on a curvy figure. i purchased the white and am going to purchase the black as well. definitely recommend.,5,1,0,General,Jackets,Jackets
15174,984,28,,,5,1,0,General Petite,Jackets,Jackets
22858,903,56,Flattering and lightweight duster,"I bought this lightweight duster in the cream color. it runs a little large through the shoulders so i sized down from my usual l to a size m. its very flattering on, and made with natural fibers such as cotton and linen. i wear this unbuttoned with a tank top, cropped jeans, and sandals.",5,1,21,General Petite,Tops,Fine gauge
9870,1056,41,Love these!,"I really love this pair of fitted cargos. i'm 5""1, 103 pounds and bought a 25p since that what i take in most jeans at retailer. it is quite fitted like it shows on the model so some may prefer to size down for a comfortable fit. i bought the grey color and is a lovely neutral color. love these and may have to go for another color!",5,1,3,General,Bottoms,Pants
9338,868,38,Disappointing,Purchased this in two colors online. purchased in an xs - i am usually a s or xs. the fit was really large in the xs and the seam on the front of the top was in the wrong place and was really unflattering. returning both.,2,0,1,General Petite,Tops,Knits
9584,1148,60,Another perfect pair!,"I love these jeans! i am always reluctant to change brands, but these are the best! i was pleased from the minute i took them out of the package. the fit is perfect: very skinny, but not too tight! they retain their shape over several wearings, too. the color is a great dark navy. looking forward to a long relationship with these! it's love!",5,1,0,General Petite,Bottoms,Jeans
16011,1056,47,Great color!,Love this color! when i saw this beautiful blue color in the store i had to try them on! so pretty! if you love pilcro chinos--you will be happy with these! same great fit and an awesome color!,5,1,19,General,Bottoms,Pants
3756,1078,35,"Beautiful, just not on me",This was all wrong on me. the puffy sleeves made me look a foot wider. i'm thinking this will look good on tall slim ladies. it is extremely comfortable and the material is very pretty though. tts,5,1,1,General,Dresses,Dresses
12317,875,65,Softness and comfort,"This is a beautiful well designed top. the pattern is laid out to match on each side. the back has a narrow center insert of sheer fabric, for an interesting detail, with wonderful construction. this sheer fabric is also added to the bottom as an edging . this measures only 1 1/4"" wide and lays flat and finished off well. the sleeves have excess fabric for comfort but do not make one's arms look heavy. the unusual neckline shape in the front is well sewn and lays flat nicely. i think this top is",5,1,1,General,Tops,Knits
13984,1094,42,Not as shown,"I was extremely disappointed when this arrived. it's nothing like the red color shown, rather it's a very dull reddish color. as other reviews have suggested, it is very thin and runs large. i have to return.",1,0,0,General,Dresses,Dresses
12103,501,46,Lune embroidered robe,Really striking. even prettier in person. color is beautiful. told my husband this is a half-way-to-christmas present!,5,1,0,Initmates,Intimate,Sleep
5395,985,61,Soft and flattering,"What a great little find. it is so soft, and the color blends with everything. a great way to get a few more weeks out of your summer sleeveless dresses, and ease into fall. great with t shirts and pants as well.the collar is flattering over any neckline. it also looks great as a shirt. it really can be worn all year round. i usually wear a size six on top, as ""my girls"" are large. the medium was a perfect fit. and there was no billowing in the back. worth the price, as it will become a go to ja",5,1,0,General Petite,Jackets,Jackets
16802,1083,61,Returned,"Wanted to love this- i did love the color and thought the style would work for anyone. but i tried it on and immediately took it off with a definite ""not keeping this."" the side zipper- a complaint by many, really made it uncomfortable. also, the detail under the bust would not lay flat and just looked odd. loved the material and definitely the green print. but i knew i would never wear it. just looked blah.",2,0,0,General,Dresses,Dresses
3111,862,39,Solid versatile piece,"On sale this is a great deal. the structure and fit of it are perfect- maybe runs a tad big, but i liked that- it's supposed to be a snug fit, and is, without being too clingy. i chose the berry color and love it- the ribbed style of fabric wasn't as visible in the pic online but i don't mind it in the darker color. can be worn with a bit of flair by unbuttoning the turtleneck or kept classic by not-",5,1,0,General Petite,Tops,Knits
4785,940,47,,Absolutely beautiful!! quality is worth it...i agree with other review and also sized down from large to medium for a more fitted look ....the color is gorgeous..lighter shade of brown...so thrilled material does not contain dreaded wool lol!,5,1,17,General,Tops,Sweaters
18812,862,35,Classy cowlneck,Absolutely love this sweater! it is a tad bit large. i bought it in a medium but because i like the loose fit i will keep it. it is very light and great for the summer. i've only worn it once so far and received many compliments on it. great quality as well!,5,1,0,General Petite,Tops,Knits
19435,873,52,,,5,1,0,General,Tops,Knits
13022,969,83,Beautiful basic for rainy days,"I ordered the sapphire.............it is simply beautiful!
love love love.
superior hunter style and quality which never disappoints!",5,1,0,General Petite,Jackets,Jackets
2645,1059,33,Staple!,"Love these pants. they are so easy to wear and look really polished and put together. i bought all 3 colors but i had to go a size up so that they draped correctly on me. i am usually a 4 but bought a 6.

i also love that they hit above the belly button so they work with longer crop tops.

i do wish they came in more colors.",5,1,0,General,Bottoms,Pants
3762,1091,41,,I love this dress!!! this is perfect for ladies with curves. it does run a little large and i felt i could have worn both the small and the medium. i bought medium because it accentuated my curves without being too revealing. i bought the dark green which is a beautiful color and not see through at all...although i can guess the white might show a little but the white was not available in my store. this will be so perfect for the cold weather.,5,1,12,General,Dresses,Dresses
21634,1077,47,Beautiful shirt dress,"This dress is much better irl than pictured. when i saw it online i thought it looked very frumpy, but i tried it on in store and loved it. it's a perfectly draped shirt dress, and it ties to define the waist. a classic!",5,1,20,General,Dresses,Dresses
9695,1095,35,Beautiful details and quality dress,"I expected this dress to be pretty, but was happily surprised at the level of beautiful detail. it's hard to tell in the pictures, but the dress has a black background with tan embroidery all over, and white embroidered eyelets. the full lining is bright blue and it peeks through the eyelets, with the slit on the back and the inside of the neckline lined in bright orange. the slit on the back has two buttons closing it - a really cute detail. it fit me comfortably (i am 5'7"" and 130 - got the si",5,1,24,General,Dresses,Dresses
10797,315,43,Nice fit -- but colors vary!,"I tried this in the fish print and the pallas stripe. i did not like the fit of the fish print, but the stripe is perfect--so try more than one color if you are interested in this style. also try more than one size of course. i almost always order up in a swimsuit, and this time was no different. the medium fit great, although i am a xs-s according to the size guide. i am a 34b for reference, but i think my rib cage is somewhat wide. i do not like to feel constricted, but i still want the top to",5,1,0,Initmates,Intimate,Swim
22967,895,54,Very classy and subtly chic,"This a a great sweater! it is classic, but has the fun surprise element of the lace bell sleeves. loved it so much i got the black and the sea mist. looks great with jeans or leggings! the only negative is you can call it that is that the sleeves are a tad long for me. compliments everytime i wear!",5,1,1,General,Tops,Fine gauge
11506,941,60,Great sweater,I just got this sweater and it really is a great fall weight. i disagree with other reviewers that it is oversized and that the sleeves are long. i found the sleeves to be just right and it to fit normally. i almost wish i got a medium just so it would be a little baggier and the sleeves would be a little longer. i got the green and am really happy with the color.,5,1,0,General,Tops,Sweaters
21422,895,25,A.d.o.r.a.b.l.e!!!,"Just got both today, skirt and top, and i love how soft the material is. and btw, i learned a valuable lesson from past moth sweater purchases, dry clean; even though the ""how to care for"" tag states hand-washing, d.r.y. clean. the last moth sweater i washed was not in the same shape it was when i first purchased, but i never made that mistake again ;) and it was one of my faves!

i bought this particular top in the large as i wanted the ""boyfriend"" oversized look, and i love the way it drapes o",5,1,0,General Petite,Tops,Fine gauge
3530,872,51,Satisfied and beyond,Beautiful choice...beautiful fit for my daughter's slim body,5,1,2,General,Tops,Knits
7293,862,22,Great flattering top,"This is my third top from this designer, and normally i wear a small, but i tried this on in the store and the medium fit much better on me. i am not partial to the black as the knot design was lost, but the sapphire is wonderful. works great with slacks or more casual clothes. i liked the sleeve length as well. i'm not too busty, but i think that other reviews comments of the knot being see through could be a problem.",5,1,0,General,Tops,Knits
20527,850,36,Perfect top for going out or work,"I bought this top for work and going out.  it is a beautiful top that goes with many items in my closet like my red blazer, grey blazer, red cardigan etc.  it is very flattering.  the arm holes weren't too big.  fit tts.",5,1,0,General Petite,Tops,Blouses
1735,830,46,Lovely material,"At first, i thought this top was going to be stiff. i am pleasantly surprised by how soft and flowy this blouse is. it's lovely cream color with beautiful lace details. i appreciate the lining inside the bodice which means i can potentially go bra-less when it's hot! i'm 5'2'', 135lb and retailer size s usually gives me plenty of room because i have a small upper body. but i feel this top is slight short on me. that might be because i didn't wear it off-the-shoulder but had it hang from the top of",5,1,12,General Petite,Tops,Blouses
425,1083,50,,,5,1,0,General,Dresses,Dresses
9294,1072,28,Better in person!,This dress looked nice online so i ordered it. once it arrived i tried it on and it looked even better. the fit was flattering as well. very versatile piece in an interesting print. glad i caught this piece on sale!,5,1,0,General Petite,Dresses,Dresses
5793,818,61,Weird shape,"The pattern is very adorable. unfortunately the design is flawed. sizing is great at the waist and hip, and the length is spot on, but the top is wide. it's strange because i don't think it would fit someone that was bustier than me either.
will return. i'm considering buying again on sale and having a tailor correct it.",2,0,23,General,Tops,Blouses
21355,1028,36,"Found the ""one"", won't need to buy anything else",The rocket by citizens of humanity are my favorite jeans. perfect high rise and still makes the butt look good. they are incredibly comfortable. no more hiking up your jeans and bending over. love these so much. am very happy that j brand and citizens are making some good high rises now. won't buy anything else.,5,1,4,General,Bottoms,Jeans
15877,996,28,,"Eva franco has done it again by creating another fabulously flattering, unique, and compliment grabbing skirt. it runs true to size and is very easy to move in and wear. this is my 10th skirt of hers and i love them all.",5,1,4,General Petite,Bottoms,Skirts
13830,868,37,So cute,I love the off the shoulder trend but don't like having to wear a strapless bra so this style caught my eye. it is cute and different and people compliment me on it. swingy but flattering and i got the turquoise but i like it so much i just ordered another one in the black and white stripe.,5,1,0,General,Tops,Knits
10244,895,41,Perfect ruffle pullover,"This sweater is perfect for cool days.  the fit is true to size, though a bit longer than in the photos, especially the sleeves (i'm petite).  i actually liked the length so did not order petite.  the sweater is a relatively soft cotton blend.  it is comfortable and the ruffle adds just the right amount of finesse.  the ruffle is stitched on all the way, so it doesn't open in front, which is a plus.  the blue grey is marled and more grey than blue.  the red is beautiful and as pictured.",5,1,0,General,Tops,Fine gauge
12068,1092,39,Laura ingalls eat your heart out,"Retailer is totally killing my wallet because i can't resist these modern-city-meets-prairie-boho dresses. i bow down to the textile designers who created this print, it's stunning. as for reality vs. model shoot, it's pretty much what you see--the colors are spot on, the outer dress is sheer, the bodice is slightly fitted, with a fuller skirt that doesn't poof too much. all poly construction with no stretch whatsoever. i had a bit of a struggle getting the outer dress over my shoulders but once a",5,1,10,General Petite,Dresses,Dresses
11958,1077,51,So flattering!,"I love the way this dress fits and flares in all the right places making it one of the most flattering dresses i've tried in a while. for me, maeve dresses tend to run a bit big, so i sized down to a small (i'm typically an 8-10). the colors are a little deeper/richer in person, which made me very happy. i love the flounce in the skirt - it adds more swing to the dress. the only draw back was the v-neck came down a bit low. easy fix with a cami for work.",5,1,0,General,Dresses,Dresses
15130,940,59,,"Just bought red today to wear to a conference to stay warm over floreat peasant blouse and pilcro serif jeans. love love!! very flattering and plan to wear with skirts, on airplanes for warmth and for travel. very versatile . highly recommend .",5,1,0,General,Tops,Sweaters
6261,836,30,Love it!,"Yes it is boxy, but by design. because it is a shorter length and sheer it isn't an issue for me even as a petite. it has a bit of an ethereal look on as if it's just floating on your body. what doesn't show well in online pictures are beautiful chartreuse, charcoal & white threads running throughout the design. this adds to the classy look of this top.
great to dress up jeans or with a dressy pencil skirt for a night out.",5,1,0,General,Tops,Blouses
1228,850,62,Bought in 2 patterns!,"This shirt is easy, breezy, comfy, and stylish - everything i want as a busy mom. all the patterns are beautiful it i went with the blue motif as well as the floral print because they felt fun and easy to wear with jeans or white pants. this definitely fit a full size large for me. i tried my usual s plus xs thinking the shoulders might be too tight, but the xs was perfect. happy to have this beauty in the rotation!",5,1,1,General Petite,Tops,Blouses
21061,996,32,Lovely,"This skirt manages to be both sophisticated and whimsical. it's well-made, classy, feminine, and timeless. love it!",5,1,1,General Petite,Bottoms,Skirts
8615,279,62,,,5,1,0,General Petite,Intimate,Lounge
6437,1080,36,,,5,1,0,General Petite,Dresses,Dresses
10196,1135,37,Love this skirt,"My skirt arrived this week and its beautiful! i'm so happy i splurged on it. i'm usually a size 6 and the medium fits perfect, although it is quite long (i'm 5'2"" though;). i will probably get it hemmed, but went ahead and wore it anyway and actually found i like it a bit long and its very comfortable. the fabric is very high quality and the color is stunning.",5,1,3,General,Trend,Trend
3240,945,37,Timeless staple in your closet,"I stumbled upon this vest in my local store and i'm so happy i did. i was looking for a classic staple that will be on trend but pass into classic season after season. i wore this with a black 3/4 sleeve top, dark skinny jeans and black booties....perfect look for most seasons in dallas. so happy about this purchase!",5,1,0,General,Tops,Sweaters
4396,1094,51,Hoped this was the dress for summer,I have several maeve dresses that fit really well. this was not the case with this dress. fabric and color are great! fit was off especially in top. worst part was zipper that wouldn't move smoothly. took me a good 15 minutes to get it unzipped. such a bummer!,2,0,3,General,Dresses,Dresses
16084,1146,52,Disappointed,"I have purchased a lot from retailer but lately, some of the items have been disappointing in quality.verses cost, this being one. the picture is nice but the actual blouse is nothing like this. the size was not accurate so buy a size bigger because of the sleeves.",1,0,3,General Petite,Trend,Trend
6925,662,36,Perfect with 1 alteration!,"The pictures of this dress do not do it justice. i bought it, cut the sleeves off to be even with the waist line and belted (with a slim belt ) and it is perfect! it actually becomes a very sexy dress, it is a true wrap with a deep v and the vent in the back, i mean this dress paid dividends at the end of the night (to be very honest)!

wearing this to south beach, it will be perfect with strappy, high heels.",5,1,8,Initmates,Intimate,Lounge
19718,1038,53,Cool and fun!,"I honestly, have to give these jeans 5stars.  i loved them when i saw them in the store and had to have them and when i wore them, i got tons of compliments. they are super comfortable too!  i read some of the other reviews and thought that their comments were a little strange.  these jeans are obviously not classic and they will go of style but, if you run a little outside of the style box you will welcome them in your wardrobe.",5,1,0,General Petite,Bottoms,Jeans
1870,1080,33,Gorgeous!,"I feel like an indian princess in this dress! it isn't very forgiving, make sure you don't mind showing some skin - but there's some subtle rouching right at the spot where most of us wish we could hide at all times. great colors; boyfriend loves it.",5,1,0,General,Dresses,Dresses
4350,1078,42,Love the design!,Finally a dress that is not too short! i'm 5'11 and ordered two sizes. the small was too short and a little snug for my liking. but the medium was a perfect fit.,5,1,1,General,Dresses,Dresses
10921,1092,56,Pretty dress,I love this dress but sadly for me it didn't look good on my body type. i'm a 36 dd and not thin so it made me look like a beached whale. i saw it on two different sales clerks in the stoe and they both looked adorable.,5,1,0,General Petite,Dresses,Dresses
6214,1202,30,Great dress,This dress is very well made. the fabric is thick enough for winter weather and is great for work or a nice party. i do not think the arm openings are too large at all.,5,1,0,General Petite,Dresses,Dresses
6435,964,70,Great quality,The malabar moto vest is made of a beautifully soft fabric and is lined on the inside. the added details - pockets and epaulets - are a plus. the vest has snaps and a zipper. the length is just right and the vest has a flattering shape.,5,1,1,General,Jackets,Jackets
13516,927,31,Looks old even at the store but nice design,"Although this has a nice design and i wanted to love it, it already looked ruined in the store with pulls all over each one i found. the fit is nice but i wouldn't buy it due to the material being too delicate.",2,0,1,General Petite,Tops,Sweaters
14585,850,64,Love the ikat print,"A while back the moss ikat print appealed to me online but sometimes these style tops look maternity on me so i passed up. well abt a month ago i spotted the 'moss' in the store & had to try it! it really is cute & love the print even more in person. the size 4 was fine but the armholes exposed the bra a little & i wondered if it wld be a little too short after washing. well, the size 6 was a little longer & a tad more flowy, & oddly the armholes covered the bra (the 4 didn't). i went w/ the siz",5,1,2,General Petite,Tops,Blouses
5688,1078,23,Not so great,"The dress has a partially sewn-in slip, which really didn't work for me. no matter how much adjusting i did i couldn't get the slip and dress to sit properly.

i ordered a medium, and if it hadn't been for the slip, the fit would have been good. the length was as pictured. for reference i am 5'5 145lbs, 38-30-40, 34ddd.",2,0,3,General,Dresses,Dresses
6914,850,53,Just perfect,"Great for work, great for play. i love this shirt. perfect length for tuck in or not.",5,1,0,General,Tops,Blouses
20207,873,33,Basic top with frills!,"The pattern attracted me to this top in store and when i tried it on, i was pleasantly surprised it has a slight swing shape to it which i love. i'm a 36c/d and normally wear an 8 or 10 and bought this in a large. the front buttons don't peek open and actually lays flat which is unusual for me with button up tops. i'm actually wearing it today with some printed green shorts. the stripes on this top make it easy to mix patterns, too :)",5,1,27,General Petite,Tops,Knits
4582,1110,38,,,5,1,0,General,Dresses,Dresses
3212,906,42,Great color,"Cool color, great feel to this sweater. nice with jeans, skirts, etc. very cozy to wear. i just want to keep grabbing it every morning.",5,1,0,General Petite,Tops,Fine gauge
11800,1054,26,,"I ordered this online, and was pleasantly surprised when i received it. i'm about 5'5 and 140 lbs and the small fit perfectly. it is very flattering, and i can't wait to wear it!",5,1,2,General,Bottoms,Pants
4132,908,38,Perfect,"I love this duster! i got my usual size and it fits exactly as pictured. the color of the fabric is a perfect neutral and will look good with anything. the knit is open and fairly see-through, this avoids the bathrobe look that a long length sweater can have. bought at full price and i'm not sorry because i bet it will be gone before long!",5,1,1,General Petite,Tops,Fine gauge
12935,1078,25,Great dress!,"Nice loose-fitting dress to wear in the summer and to transition into the fall. i had no problem with the slip being too tight. 5'3'', 118lbs, and went with my normal size 2. it was loose through the body but sizing down would have made the dress too tight on my shoulders. it's great with boots or flats!",5,1,1,General Petite,Dresses,Dresses
5271,895,35,Very pretty and comfortable,"I like how styling and comfortable it is, i bought it in both colors. definitely a nice piece for fall/winter in this houston weather.",5,1,0,General,Tops,Fine gauge
20043,872,83,Fantastic &  fun,"I saw this top online and fell in love with the overall casual look.
i ordered all 3 colors, and they just arrived........love love love !!!
they are soft, comfortable and a have a very flattering casual fit.
the understated ruffled details add the special ""something"" that is so retailer.
they are sophisticated yet pretty.
the orange is more vibrant in person and is a beautiful shade.
the plum/purple is a rich, unique and pretty color.
the navy is a perfect ""denim"" color.
a fantastic basic",5,1,0,General Petite,Tops,Knits
2696,817,49,Super gorgeous!,"The quality of this top is quite high. it feels like silk. the print is lovely, showy without being too over the top. i love it and would highly recommend it.",5,1,1,General,Tops,Blouses
8086,936,52,Beautiful & cozy,"I hesitated purchasing this because of the high price, so kept waiting and then the petite sizes ran out so i figured i missed it. then miraculously the petite in the green was available so i went for it. this sweater is yummy and cozy. drapes beautifully. i am 5'1"" , short waisted, and wear size 2 in most clothes. the petite s fits perfectly. with a pair of black leggings and high boots, this is a winner outfit for fall and winter. very comfy. the sweater has a bit of an open-weave, so keep tha",5,1,0,General,Tops,Sweaters
20084,967,32,,"The fabric is incredibly soft and has a good weight to it. this is also pretty warm. it's not a down jacket, but it's as least as warm as a sweatshirt. it fits close to the body in typical bomber jacket fashion. i'm 5'6 155 lbs and went with the large, which fits well. i always find myself wishing bomber jackets were just a tad longer and this is no exception, but i can't really fault the jacket for that, it's true to the style.",5,1,4,General,Jackets,Jackets
17865,278,36,Just what i wanted,"These pants are just what i wanted to work out in- something bright, cheery, and feminine. they're super comfortable and fit perfectly. i'm typically a 2, so i ordered the xs, and they are just right.",5,1,1,Initmates,Intimate,Lounge
12457,1035,36,So cute!,"I really love these jeans! they are so comfortable and are very flattering. i am 5'10 and a size 6. i bought the 28 regular and they fit perfectly. i have high hips, so i appreciate the mid rise in these. the length was perfect too, so i'm glad i did not purchase the tall. the length was the same on me as in the picture. the jeans arrived uncuffed, and they look just as cute without the cuff as they do with. i will definitely wear them with and without a cuff for different looks. i am very happy",5,1,1,General Petite,Bottoms,Jeans
15414,1099,65,,"This dress is an absolute win. i was won over on the hanger by the linen fabric's lightweight nature, and then i tried it on. such a good fit for my high waist, and the tie was super flattering. i love this with booties as i was wearing today, but think it will be adorable with espadrilles as well for a more summery look. it's also the rare three season dress, with its cut and coloring working most of the year.  for sizing, i'd say it's true to size. i got my regular size s with no trouble with",5,1,5,General Petite,Dresses,Dresses
6651,294,39,Comfortable and flattering,"Sleepwear is always hit or miss with me. i am 5' 8"" and curvy, and typically sleep pants hit right above my foot and aren't long enough. or they stretch out after a few wearings and look baggy or unflattering. however, this pair exceeded all my expectations! first, they are just plain pretty. the pattern and colors are lovely. the blue at the ankle is a cute touch. the fabric is soft and slightly drapey - but substantial enough for warmth and not see-through at all. i also like how the waist is",5,1,5,General Petite,Intimate,Lounge
7476,1020,43,Amazing alternative to a denim skirt!,"Oh my god - i love this skirt. i first order the size 4 and immediately called customer service and had them send me a 2. i found it be be both plenty stretchy (great for moving, sitting, etc) but runs on the large size. but the fit is amazing. i love the length - a perfect knee-skimmer for me (5'9""). i love the color (green) and the pockets and button fly are so fun without being too much! i've tried it on with several tops and sweaters in my closet and this skirt is going to be one that i can",5,1,0,General,Bottoms,Skirts
11862,872,34,Super cute!,"An adorable tank...wearing it right now!
fits this curvy girl well, though may consider wearing a tank underneath, as the keyhole does show a bit of cleavage.
if in between sizes, consider sizing down.
perfect print for summer.",5,1,0,General,Tops,Knits
21284,1193,43,Cutest dress!,"As another review said, the model's pose doesn't do this dress justice and i can't believe this is on sale. i picked this up this weekend at my local store. it fits wonderfully, very flattering. the fabric feels good and i'm fairly certain won't wrinkle too easily which is going to make this the perfect dress for packing for a trip. dress it up with boots for dinner, dress it down with sandals for day. this is a steal, get it! (i'm 5'8"", ~145, the size 8 fit perfect)",5,1,2,General,Dresses,Dresses
2168,867,36,Beautiful,Fits great! love soft material. love with skinny jeans brown boots,5,1,0,General Petite,Tops,Knits
6422,895,46,"Pink version is so pretty, xl fit great","I ordered the pink and it is the slightest hint of pink mixed with ivory. it fits true to size. the detailing of the crochet is outstanding. it reminds me of seashells that my daughter & i collected last year when we visited san diego. i wish the teal green one would be in stock in xl. i would grab it up. it's not the softest knit, but it's very comfortable to wear all day. very pretty version of a cardigan.",5,1,0,General Petite,Tops,Fine gauge
15460,503,27,New favorite!,"This bra is everything. looks good and feels good. so happy with this purchase. for reference, i am a c cup and got a medium. i do have a little side boob action happening but i'm still happy with the fit of the medium",5,1,1,Initmates,Intimate,Intimates
298,1104,39,,,5,1,0,General,Dresses,Dresses
1244,979,61,"Soft, warm and stylish!",Fit great - maybe a bit large....i bought a l (typically i go between a large and extra large) and there is room to put a thick sweater on underneath it.  this goes with just about everything!,5,1,0,General,Jackets,Jackets
23254,1035,25,The most perfect straight leg jean ever!,"I am so amazed that i finally found the perfect, straight legged denim! not too skinny nor too tight b/c i have athletic calves. i have been waiting a long time! for reference i took a size 26 and usually wear a 2. it is great and comfortable for someone my age! i love these and they are the best investment.",5,1,17,General,Bottoms,Jeans
947,1140,27,Awesome skirt,"I love this skirt. i was happy with the quality of the fabric and style. i originally ordered a small, but returned and exchanged for a medium, which fits great. (i typically wear a size 6-8 in pants). i look forward to wearing this skirt to work this fall.",5,1,0,General Petite,Trend,Trend
21048,996,69,Lovely!,"This has a wonderful texture and feel to it. the leather dots are supple, and the tulle is soft and flowey. it's long, more like a midi skirt, and the color is more towards taupe than ivory.
with a shimmer, this skirt is very fun to wear.",5,1,2,General Petite,Bottoms,Skirts
15237,862,48,,,5,1,0,General Petite,Tops,Knits
14851,1103,38,My dream dress,"Fits great. structured, but still comfy. figure flattering.",5,1,0,General,Dresses,Dresses
15286,865,35,"Great, comfy top","I loved this top when i first saw it online and it did not disappoint when i received it in the mail. it's very lightweight, perfect for spring, cool summer night, early fall. i really like the design and like that you can tuck it in. there is enough fabric in the front to give it a ""flowy"" look that i appreciate bc i will be giving birth soon and my post baby body will likely need some coverage! great top!",5,1,1,General,Tops,Knits
14955,867,34,"Elegant, comfortable, and classic","-this was actually at my local retailer store. it reminded me of another online exclusive that was a dress and had the same flower shapes but the color was a soft pink; this is exactly like that.
_____________
pros:
- it is so lovely with the pleated front",5,1,4,General Petite,Tops,Knits
14168,1030,46,Great jean love mother,"Love these vintage soft jeans.. they do run small so be sure get a size larger.. i am typically a 27 and i ordered a 28... look amazing with boots, flip flops and slip ons... love mother jeans.. work every time",5,1,1,General,Bottoms,Jeans
12995,1078,62,Charming and delightful!,"This dress is the opitome of summer! day or night, running errands during the day to a casual night out this dress will be that go to favorite. i feel it runs small on the top, i am large busted and i sized up for this reason and it still could be roomier...i wear a size 10 on top and for referance i got the 12. i will keep it as it is not uncomfortable but for a drees that lends to a drape on top i wish they would have made it roomier....imhave never had this issue with mauve as it is one of my",5,1,0,General,Dresses,Dresses
18913,829,25,Loved but... horrible quality,"I loved this shirt when it first arrived and i couldn't wait to wear it. after one day of wear, i went to hang the shirt back up and it was ripping on both sides of the middle back seem. this shirt was not tight on me at all. very disappointed.",2,0,0,General,Tops,Blouses
338,831,63,Very interesting design,"When i received this blouse, ai noticed that there were gold dots all over the blouse and they were very sticky. some of the fabric would stick to these dots. i thought it was because the weather was sticky and humid. however, after hanging on my closet door, the dots are still sticky. i do love the design and fabric so i will try not to let the sticky dots bother me.",5,1,0,General,Tops,Blouses
6347,937,66,Keeper,"Have been looking for a motorcycle style sweater for a while and hit the jackpot with this one. i have a large 34g bust and it's hard to find one without overly large lapels. these are perfect and they stay down, which is hard to find too. perfect length, beautiful color. not too long in the back. it has zipper pockets and the photos don't show the silver grommets on each side at the hem. the body of the sweater has a different knit than the sleeves so it has a bit of that vest over sweater look",5,1,3,General,Tops,Sweaters
562,995,48,,,5,1,0,General,Bottoms,Skirts
12886,984,70,A wonderful garment for chilly days,"What s lovely surprise this jacket/cape/poncho is!  first, it is a substantial piece.  heavier than it appears.  it has an almost faux suede feel to it, with a deliciously lush french terry lining.  it looks and feels very rich.  i bought both colors and was glad i did!  i live on the coast and this will be fantastic over a sweater for morning walks along the shore.  i'm a l/xl and the m/l size is a perfect fit!",5,1,1,General Petite,Jackets,Jackets
13469,253,42,"Delightful, different, gets dirty asap","I love the design and fit and quality. have been looking for a long-line top like this and was willing to pay full price. i have that dreadful little roll right under my bust line and this sucks everything in nicely. smooths it all out. i'm a 38c and everything was contained nicely and fit great in the large top. 

here's my issue - wore it once and the colors ran! i was so excited to wear this i didn't even wash the top (i rinsed and dried the bottom, though). and i'm not a swimmer. just let",2,0,0,Initmates,Intimate,Swim
9718,827,38,,I really wanted to like this top but unfortunately it was short and the sleeves were just too puffy. it did not look flattering and will be going back.,2,0,6,General Petite,Tops,Blouses
515,833,60,Lovely,A beautiful combination of eyelet with a soft fabric which lays beautifully. this does not make you look bigger then you are and i kept tts so the eyelet did not pull. mine fits perfectly. i personally will wear a cami under it as it is a bit sheer for me. it has an almost peacock print to it in colors of brown and tan. the black buttons down the back adds interest and charm. just adore it!,5,1,3,General,Tops,Blouses
7712,825,53,Not flattering on me,Fits like a maternity top. not for my age group or build.,1,0,0,General,Tops,Blouses
7624,820,56,On the fence --- some problems,"The top on the model in the photo is a true ivory, but the top in reality is more beige. well, i'm blonde with fair skin, so i'm not sure this is going to work. it also looks more dressy in the photo than it does in reality -- i think the ivory color on the model and the pleats only down the front make it look more dressy -- but in reality, with it really being beige, having pleats everywhere, and being a crinkly fabric, it looks more casual. i had wanted it to be more dressy to pair with skirts",2,0,4,General,Tops,Blouses
9196,862,73,I live in these tanks!,"I'm a power-walker. i bought this tank in 3 colors and rotate through them. they're great for working out with a nice sports bra underneath. i also wear them with leggings. so cute! love the colors, the fit. yes, they're thin. i don't think they'll last for years and years, but with the sale price they are such a great deal.",5,1,0,General,Tops,Knits
13125,936,33,Versatile sweater coat,"I bought this sweater/coat as a gift for my mother. she absolutely loves.it. it does seem to run a little large, and the sleeves are especially long. the navy and grey color combo is very nice. it seems like it will be very warm too.",5,1,0,General Petite,Tops,Sweaters
22482,1131,24,A coat with a great silhouette and personality,I love this coat. it was a great purchase and i would reccomend it to others. it looks great with layers and is comfortable for 30-50 degree temps. definitely size down when buying.,5,1,0,General Petite,Jackets,Outerwear
2156,872,62,Need them all!,"Ordered this on a whim while taking advantage of a promotion, and now need one in every color! the weight and cut is perfect for fall/winter/summer - not too heavy, but not sheer/tissue thin; fitted enough to look super cute with leggings or skinny jeans. fabric has a nice quality feel to it - i have similar shirts from the past that have held up well in the wash. i'm anticipating the same with this.",5,1,1,General Petite,Tops,Knits
23409,850,35,Perfection,So soft!! such beautiful fabric!! it flows so gracefully and looks lovely with black leggings as pictured. one of my favorite retailer purchases to date...,5,1,0,General,Tops,Blouses
12645,862,32,Great addition to my wardrobe!,"This is a great piece, you can do many things with it. i wore it to work and church :)",5,1,0,General Petite,Tops,Knits
21057,1083,33,Finally on sale!,"I had four weddings this fall and tried this dress on but ended up not purchasing because i already had dresses to wear. but, i told myself i would purchase the dress if it ever went on sale. i don't have an occasion to wear it yet but i can't wait! the dress is so lovely and the details are beautiful. the only thing i'm worried about is the possibility for some of the embroidered parts to pill. it looks very flattering and hugs all my curves beautifully.",5,1,0,General Petite,Dresses,Dresses
6759,831,39,Love it!,I had this in my cart for a while online and ended up finding it in store. the medium fit good and looked great. i can't wait to wear it with a great pair of leggings. i did have to buy some static spray as it was sticking to my leggings i had on that day buying it.,5,1,2,General Petite,Tops,Blouses
13056,933,41,Gorgeous with a great fit,I love this flattering and comfortable jacket- it has a nice stretch and the color is out of this world. i think it will pack a big punch this fall.,5,1,0,General,Tops,Sweaters
11768,1079,39,As unique as expected,"This dress is indeed so lovely in person. i am so glad i ordered 2 sizes (0p and 2p) based on the straighter-looking cut. i am 115 lbs, 5'1.5"", adn 30dd bra size. verdict, the 2p fit better. why, the cehst area is a little snug and hte buttons kept trying to open (and did# i would have ahd to leave it pen and wear a tank under this dress... not an option with such a unique piece.

other things: color: wow, very nice in person, i was afraid that the colr would wash me out, but no, i have very p",5,1,8,General,Dresses,Dresses
17953,984,37,Omg yes!,"Alright ladies...this jacket!! its even better than it appears online. the green anorak fabric has a little stretch to it and is super comfortable. because of the stretch, i was able to do a large instead of my normal xl. but the real show stopper is the fringed sweater. it is gorgeous. it lays beautifully open or closed and is so soft and warm. the design has so much detail to it. there is also this amazing tie in back so you can cinch the waist if you want. this jacket will look amazing with a",5,1,1,General,Jackets,Jackets
3570,433,32,These will be my go to summer shorts!,"When i opened the package i knew i was in love. the colors are vibrant-true to the photo. the fabric is delicious, soft and silky, the perfect weight for a warm summer day. these can be dressed up or down. i am 5'9"" 140lbs. i bought the medium and they fit with plenty of room.

i would highly reccomend these shorts-just gorgeous! come on summer!",5,1,2,General,Bottoms,Shorts
20790,1078,62,Buy it,"I want this in every color! fits tts...so comfortable, flattering, and fabric feels like it will hold up well (fingers crossed). love love love.",5,1,2,General Petite,Dresses,Dresses
11744,1038,53,Very nice,"These embroidered jeans are very nice. they also exist in a lighter wash which i prefer because it shows off the embroidery better. the embroidery is dark navy which is almost not visible in these darker jeans. i guess if you like something very subtle these jeans are for you. i personally would have like a more contrasting color either white or red for the embroidery. these jeans are loose and expand with wear, it is perfectly ok to size down.",5,1,0,General Petite,Bottoms,Jeans
13224,1078,41,Perfect!,"This is a perfectly lovely jersey dress. it's really comfortable, true to size and the cut is flattering. you can wear it to work with heels or to the playground with your kids in sneakers or sandals. i didn't want to take it off. sizing is straightforward on this one: just order your regular size. there's nothing tricky about sizing. the xxsp (my regular size, depicted here), was just above the knee and not quite as long as the product description. great buy. waiting for boston weather to coope",5,1,6,General,Dresses,Dresses
19235,1078,32,Nice summer dress,"I knew the ivory color was online only so i tried the blue one for size and i couldn't believe how nice the blue one is. i ended up buying it. i purchased a size bigger because mine wasn't available but because of lace and side zip, it still doesn't look huge. if i find my size in another store i can always exchange, but i couldn't leave the dress behind.",5,1,4,General,Dresses,Dresses
2946,288,48,Beautiful and comfortable!,"There may be no inner lining, but it is a gorgeous bra! and so comfortable! the straps and well make and sturdy and the detailing is stunning. it is absolutely true to size. 34c fit like a glove. a winner!",5,1,1,Initmates,Intimate,Intimates
23048,1080,34,Goddess dress,"This dress is so beautiful it makes me feel like a goddess, lol. i'm normally a 10/12 or m/l and took a 12. i think the 10 would have worked too. everything from the colors, fit and flow of the dress is wonderful. i didn't have any problem with there being too much fabric as some of the reviews mentioned.",5,1,0,General Petite,Dresses,Dresses
5186,840,39,Very boxy,This shirt has absolutely no shape. look carefully at the model and you we discover she is cleverly positioned to hide the sheer boxy-ness of this shirt. the print is beautiful but it looks like a maternity shirt. i even ordered the xs at 5'7 and 130 lbs but found it too baggy. returned.,1,0,0,General,Tops,Blouses
18469,297,33,Love these!,My new favorite piece of loungewear. super cute and comfortable.,5,1,2,Initmates,Intimate,Legwear
12431,936,48,Cozy and perfect for a southern winter,Love this sweater it's perfect for chilly florida evenings....love the loose boxy shape and it's very cozy not itchy!,5,1,1,General Petite,Tops,Sweaters
2090,1072,39,Love!,"This dress is a vintage 20s drop hem style, not meant to be tight to form.  that said, the bottom is loose so may want to size down.  5'2, 145 lbs= s.  i bought the neutral- navy pattern and it is absolutely gorgeus!  hints of peach and beautiful lace detail.  i literally got compliments all day long- from friends and strangers.  i paired it with a dark denim jacket.  absolute must have for sale price.",5,1,0,General Petite,Dresses,Dresses
11951,829,66,"Beautiful, but too big.","Based on reviews, i got the medium pink size: 8 petite because some said it was tight in the bust area and pulled at the buttons creating a gap. i'm 5'6"" and 32d. i figured the 8 petite would be big enough in the bust area and the petite would be shorter. it was too big and even though it was petite, still too long. wanted to like it, but at full price, decided to return.",5,1,1,General,Tops,Blouses
7643,475,34,So comfy!,"This is an awesome bra! it has a reinforced cup underneath (although not an underwire), which i like. i was a little worried that it'd be huge, as i'm on the smaller side of the natori 36b in other bras, but it fits well and seems like it would accommodate b or c cup ladies. the lace is pretty and it is well made. i want more colors!",5,1,0,Initmates,Intimate,Intimates
5279,1078,56,Gorgeous,"I thought this dress was beautiful, but i felt it was a little young for me. i am 55 and was looking for something to wear to my niece's wedding. if i had been the mother of the bride, i would have kept it, but....",5,1,0,General,Dresses,Dresses
7479,116,56,Doesn't wash well,"I wish i had read the other reviews before purchasing this product. label says that you can wash and dry normally. however, upon washing, the outer layer shrunk and the inner lining did not. the robe will now not lay flat; the fabric pulls at the edges, and results in the inner lining being revealed when the robe is tied shut. extremely disappointed. for a $100 garment, i expected much more. i wish i could return this.",1,0,0,Initmates,Intimate,Sleep
6779,1072,40,Amazing. read my info about sizing before ordering,"Just got this dress in the mail yesterday and i love the style and fabric soooo much!!! the fabric looks kind of shiny in the photos so i wasn't quite sure, however in person it's a perfect blend that can easily be dressed up or down. sadly i cannot fully see how it looks on me because the bust of it is way too small. i normally wear a 0 or 2 in a dress and am a 32c but the inside panel that you cannot see in any of the photos is very fitted to the chest and i cannot even zip the size 2 over my",5,1,5,General,Dresses,Dresses
19137,1121,42,Beautiful but odd sizing,"I agree with other reviewers. it is beautiful but too tight around the chest. i am usually an xsmall and the xsmall was tight in the chest. i bought the small and it was still uncomfortable. sadly i had to return it. i am 5'4"", 134 lbs and a 34c, by no means i am considered big chested so this is highly unusual.",2,0,3,General,Jackets,Outerwear
18073,1038,46,The lace up makes it!,Such a cute jean! got these specifically for the tie up lace ankle (and price)! also love the shade of gray i bought.,5,1,1,General,Bottoms,Jeans
2472,753,51,Comfy but put together.,"Obsessed with this sweatshirt! it's a must have for any loungewear lover. i'm normally a xs but sized up to a s for a more loose, relaxed look. i was afraid it would swallow me, but i love the fit! the knot in the front is a nice detail that makes this comfy top really cute. the fabric is a great texture, great for transitioning from summer to fall and winter to spring. love everything about this sweatshirt and will easily pair with leggings or jeans. worth every penny!!!",5,1,6,Initmates,Intimate,Lounge
4017,1117,74,The outfit-maker,"I love lightweight coat-jackets, of which this is a great example. they effortlessly pull an outfit together and give real personality to simple staples. the unstructured linen, while indeed lined, gives this coat a casual drape for spring/summer. i see it paired with bright red joggers and a white t, with chambray or white linen pants, even as a chic beach cover-up. i un-tacked the cuffs to give the sleeves a simpler look, but it's decidedly day and casual as opposed to evening or work wear. fu",5,1,6,General Petite,Jackets,Outerwear
21624,863,50,,Great staple item. i have it in multiple colors and like them all. easy to add statement necklace to change up the look. wear it under cardi or jacket to make it not look 'tent' like.,5,1,0,General,Tops,Knits
2572,900,57,Tunic love,"This is a very chic tunic sweater. i absolutely love it. fabric is super soft and is a good weight. not too thick or heavy, which for me is a huge plus as i tend to run hot and usually can't wear sweaters. being hot natured, the turtleneck was a problem for me so i had my tailor alter it. it is still beautiful without the high neck. 
the fabric is quite stretchy and i found it to be tts. however, it is not as loose on me through the chest as it is on the model. i am just over 5'4"", and wear an",5,1,0,General,Tops,Fine gauge
64,862,43,Love this top,Loved this top and was really happy to find it on sale!,5,1,0,General,Tops,Knits
8368,1098,25,So beautiful!,"This dress is just absolutely adorable! you can dress it up and wear it to a wedding, or you can dress it down and slip on a pair of sandals and use it as a casual summer dress! this dress does run a tad bit large - i'm usually a size 4 but the size 4 was slightly too big for me. best purchase yet!",5,1,2,General,Dresses,Dresses
16067,1068,29,Love,"Great, lightweight pants for summer!!! size down the length is slightly long and they stretch out throughout the day. i'm 5'8"" normally a 33 in pilcro and took a large in these. so cute",5,1,2,General Petite,Bottoms,Pants
19192,1020,42,Sweet summer patterns,"Love the pattern play on this skirt! i had to size up to a 6 (i usually take a 2 or 4 in skirts) as it was too snug in the hips/waist. going up a size worked well and the hem hit me at the knee (i'm 5' 6""). thought it looked cute with the cloth & stone chambray tank :)",5,1,3,General,Bottoms,Skirts
18568,1049,45,Summer time lovin',"Flattering, flirty, bright, beautiful romper. i wish it come in other colors because i want more!!!!",5,1,1,General,Bottoms,Pants
17741,1110,57,Many compliments about this dress!,"This is a great dress that looks better in reality than it shows on the website. the style is very flattering, fitting snug at the waist with just the right amount of flare. i am 132 pounds, 34dd and i bought a size 8 and it fit great. the material is soft and flowing and the cut was true to size for me. the first time i wore it a woman walked across the restaurant to tell me how much she loved my dress. this one is a keeper.",5,1,1,General,Dresses,Dresses
4091,829,39,Great design and color,"The shirt is a heavier weight than how it looks on the product page which was a nice surprise. it has a boxy shape and was shorter than expected. i'm 5'7"" and the front of the shirt above the hips. the design and color is great. very happy overall.",5,1,1,General,Tops,Blouses
21392,815,47,Love!,"I got this in black and have no issue wearing a solid black bra under it. i felt it ran a little big. i'm a 34dd and usually have to wear a medium due to the ""girls"" but a small fit me and fit well. i didn't find it boxy and it fit me perfectly in the shoulders. i paid full price but i loved it so much i didn't mind. the sale price is amazing!",5,1,0,General Petite,Tops,Blouses
16764,1081,37,,"I love this dress. like another reviewer said, it's the perfect teacher dress. i wore it on the first day of school. it's comfortable and flattering and super cute. i received lots of compliments.",5,1,0,General,Dresses,Dresses
7949,1099,68,,I love this dress! it's so flattering and the length is perfect for me now that above the knee dresses are no longer flattering.,5,1,0,General Petite,Dresses,Dresses
2415,1110,38,Elegant and flattering,"I was expecting not to fit into this because i'm womanly, and generally wear a size 16 in things. but the picture was so gorgeous i had to try. i'm so happy i did. it slipped right on and is flowy yet not overly so. it still has shape. the colors are exactly as it is portrayed on the site. i love having this in my closet!",5,1,46,General,Dresses,Dresses
5165,865,30,,,2,0,0,General,Tops,Knits
12971,1078,33,Great dress for summer,"This dress is gorgeous. i took the advice of a previous reviewer and tried one size down, it fit perfectly. i am usually between a 10 or 8 in retailer dresses depending on the cut, the size 8 in this was great. i am near the small chested side a 36b and there was still plenty of room in the top. the swimmers on the dress are embroidered and i didn't really notice until i saw the inside. beautiful detail. the dress is a lightweight cotton and great for warm weather. its even more flattering to be a",5,1,0,General Petite,Dresses,Dresses
12123,868,32,Gorgeous white summer tank,"I got this in white and was surprised to see that it fits me. i am very petite but with a 32d bust and purchased the xxs. this fit me perfectly! the fabric is soft and kind of silky, the straps were not too long, the hem hit just at my hip line. i am buying the other color!",5,1,0,General,Tops,Knits
6652,863,30,Perfect not-so-basic basic,"This shirt is amazing. it's soft, comfortable. i can't speak yet as to how well it will hold up but i plan on wearing it a lot. the cut is great, the shirt flutters away from under the empire waist line and the nylon patch in the back, creating a flattering shape without clinging anywhere. the sleeves are nice, long, and fitted.

this shirt will work great as a winter/fall basic piece but the texture, color, and contrast detail in the back make it interesting on its own. very versatile.

the col",5,1,3,General Petite,Tops,Knits
7960,1025,58,,"Second to shopping for a swimsuit, i hate shopping for jeans. so difficult to find a pair that are both comfortable and stylish. the good news is that this pair is both. the length hits slightly below my ankle which is the perfect length for me (i'm 5'5). they are a slim fit with a slight bit of stretch. i ordered the size 27 which is my normal size and they fit perfectly. love the wash for a casual look. wish they also came in a darker wash for a dressier look. all in all, i am quite pleased. w",5,1,8,General,Bottoms,Jeans
22880,1091,56,Gorgeous!,"It's stunning in person. delicate beading detail on bodice isn't visible in the photo but really dresses it up. fits lovely but runs small. i am usually a 6 or 8, ordered the 8 and it just fits. fully lined. bought it to attend a wedding and i'm very pleased with it.",5,1,7,General Petite,Dresses,Dresses
12204,1083,40,A perfect wrap dress.,"A great wrap dress with many buttons, the dress stays on better than any other wrap dress i ever owned.",5,1,0,General,Dresses,Dresses
21230,936,28,Favorite new sweater!,"I ordered a bunch of clothing from retailer last week, and this is by far my favorite purchase! the detail is gorgeous, it's very soft, and figure flattering.",5,1,5,General,Tops,Sweaters
5570,861,69,Great t,"I love this t-shirt because it has the combination of elegance and relazation to a ""t"".
it's soft, pretty and covers my wide bottom well.",1,1,0,General,Tops,Knits
4773,1080,36,,Beautiful in every way. you can never go wrong with black and white. very lightweight since it's not a lined dress so it's perfect for our florida heat.,5,1,2,General,Dresses,Dresses
23183,1094,70,,"Love it! as a previous reviewer stated, you can actually wear it reversible.
so happy i purchased it!",5,1,0,General,Dresses,Dresses
8690,1096,41,,I wasn't sure about this dress because some of retailer's cloths can make a women appear older before her time. i have to say that is not the case with this dress. i ordered it with the green and mint patterns in my normal size 2. this dress could not have been more beautiful on. i'm 5'6 115lbs and it fit perfect. the colors really compliment my dark hair and fair skin. i won't even need sunless tanner. i highly recommend this dress and placed the designer on my list to try out again.,5,1,2,General,Dresses,Dresses
13408,927,27,Updated classic,"The fair-isle details are gorgeous and the wool is thick, but not itchy. the neckline is a perfect crew cut style- not too tight, but compliments the neck itself. the stitching has a lot of beautiful neutral colors so you can wear this with jeans, blue or gray cords, etc. so many options!!!",5,1,0,General Petite,Tops,Sweaters
21258,1126,42,Narrow shoulders,"I totally agree with the last reviewer. i'm 5'2"" 115 pounds with somewhat wide shoulders. the x-small fit my torso but was so tight in my shoulders i couldn't move my arms. the small was better but was too big in the torso. the material itself was really nice. too bad the fit was so awkward and unflattering.",2,0,0,General,Jackets,Outerwear
22771,335,35,,"I just got these leggings yesterday and honestly they're amazing. they look just like the picture, feel great on, don't slip in the waist. zero negatives. i can't wait to wear these bad boys out.",5,1,3,General Petite,Intimate,Lounge
8130,833,35,,I love the detailed cutouts on the shirt and the liner is finished with a scalloped edging. perfectly cool for the summer time but also stylish and hip.,5,1,1,General,Tops,Blouses
16919,836,31,Must see detail,"The pictures of this blouse simply don't do it justice. the floral details are gorgeous. i liked it when i ordered it, but loved it on. i am 5'5"", 135lbs, curvy/athletic frame, ordered the size 4 and it fit perfectly.",5,1,1,General,Tops,Blouses
6370,1003,44,Comfy,This skirt is very comfortable and fits tts or even runs a bit large. i was able to dress it up with a great white shirt and statement necklace. great find.,5,1,0,General Petite,Bottoms,Skirts
21718,833,37,Love!!!,"I'll admit, it's been a few months since i've shopped at retailer. i feel like i have to try on just about everything because there doesn't seem to be much consistency between the brands. i'm so glad i wandered in our local store this week! this top is so beautiful in person and well-made. the embroidery is lovely and it's lined, so not too sheer. i'm tall and it was a good length, hitting just above the hip. i think it runs tts or maybe just a tad big. the s fit perfectly across the chest,",5,1,11,General Petite,Tops,Blouses
15847,815,49,Nice details on this fun and flowy flamingo top,I tried this on at the store - the fuzzy trim around the bib is adorable and the overall texture with little puffs woven into the fabric has a nice quality feel to it. the pattern of flamingos is fun and the fabric is soft. it does run on the big and flowy side. i thought it was very cute and comfy but ultimately did not buy it because the price is rather high and the petite length is sold out. i'll snap it up if it goes on sale.,5,1,0,General,Tops,Blouses
22511,867,29,Weird fit,This top is a good concept but the structure of it is not for all body types. i am 5.6 and 135 and wear an xs to a s in retailer tops and i ordered this is a small and it was huge in the chest and tight at my hips...will be returning.,2,0,0,General,Tops,Knits
17999,1056,48,,Great casual weekend pants and super comfy and great color.,5,1,0,General,Bottoms,Pants
12841,975,46,,Beautiful fall/winter piece! so soft and comfy!! was unsure about it when i saw it online but once i saw it in store and got to try it on and feel it i could not put it down! i felt you could definitely size down!,5,1,10,General,Jackets,Jackets
6095,1059,31,Cute and comfortable,This jumpsuit is great dressed up or down. the only issue i had with it is that the straps are very long (but that was an easy fix).,5,1,0,General,Bottoms,Pants
4508,1086,37,Love it!,Love this dress! the material has a softness to it - just love it! can't wait to wear it this summer. fits true to size.,5,1,0,General,Dresses,Dresses
12726,1110,34,Perfect summer work or play dress,"The dress is well-structured and refined enough to wear with a cardigan to work on casual fridays but fun enough to wear on its own to a summer festival. because of the length, i would suggest wearing with heels, as it hits below the knee. i would suggest a size down, especially if you are smaller-busted.",5,1,2,General,Dresses,Dresses
13105,1037,38,Love the fit,Love how this fits. length is great so i didn't need to hem (you wouldn't be able to). flattering on muscular/athletic legs/bottom. i bought in navy and then had to buy it in another color it fit so well.,5,1,0,General,Bottoms,Jeans
6369,832,27,Beautiful blouse,"I love this blouse, it's very unique and gorgeous. this blouse is versatile with short, jean and skirt. love it!!!",5,1,1,General,Tops,Blouses
6434,1084,53,Lovely for fall,Love this dress! it's so soft & not to short like some retailer dresses. great transition piece! i'm a fan of bell sleeves & can't wait to wear this with boots& tights this fall.,5,1,1,General Petite,Dresses,Dresses
5253,862,29,Ahhhhmazing!!,I loved this shirt online but when it came to my house i loved it even more. super comfy and really flattering! i love it!!! runs true to size!,5,1,0,General,Tops,Knits
5740,857,26,So much better in person!!!,"I have four kids and a post baby bump that wants to live on forever, so i'm a huge fan of flowy tops--this one looked cute online, but i wasn't sold on it and passed. then i went to the store the next day and saw it, and the colors were more vibrant, so i thought, why not try it on, though i wasn't that excited about it. i tried it on and it was like the shirt was having her cinderalla moment--totally transformed how it looked on me and in person. i love it! it was one of those instant ""i'm buyi",5,1,0,General,Tops,Knits
10914,863,56,Soft and playful,"I got the sweater in red, (i'd call it more orange). it's a bit of a baggy fit, not tight which i love. i feel like this will be a perfect cover up for cool summer evenings. i got a medium. i go between small and medium and i love the fit. i could have gotten a small, but i liked it looser, the buttons are special too.",5,1,16,General,Tops,Knits
5912,1094,37,"Great shape, poor condition","Love the shape and flow of this dress. but i was sent a dirty stained dress so this is going back.

would not recommend",2,0,1,General,Dresses,Dresses
22442,868,38,Huge,"I love baseball tees and this looked like a more refined version, but it was huge and shapeless.  nice material and fabric but this one is going back.",2,0,0,General,Tops,Knits
2510,839,33,Stiff material,"I found the material a little stiff, im asummig linen is stiff at first. i got an xxs and fit tts in my case (34 b, 5'7, 120 lb).",5,1,3,General,Tops,Blouses
23216,1087,38,No shape,"I wanted to love this dress, however it has no shape to it. it is also somewhat see through, so something needs to be worn under it. i feel like i received a dress that has been stretched out and returned. i'm extremely disappointed. i do not recommend.",2,0,1,General Petite,Dresses,Dresses
7013,862,34,Good light sweater,"I really like this top! excellent over a casual dress!! perfect for spring, summer and fall!",5,1,0,General,Tops,Knits
14979,220,47,Low quality for price,"This suit did nothing for me. the top has zero support. this would work for a younger woman who does not require any support and is smaller chested. also, the top gapped in the center. it just did not fit right. the top is very thin showing everything. a light padding would make a big difference in this suit. also i could not get a good fit. as i tightened the top, the back would ride up. the bottoms are ok. not renatkable",2,0,1,Initmates,Intimate,Swim
18866,830,34,Love!,This top is perfect!! i am small chested and it actually makes me look like i have a chest! plus for me!! it's also great for work and casual.,5,1,1,General,Tops,Blouses
10546,1110,51,A monet painting,"The fabric and cut of the dress is beautiful.  i am writing a review so i can share my experience regarding size. i ordered the dress in size 2, my normal size for this designer. it fit ok but was a little large in the bust area. for reference, i am a 34 a. i i returned it and ordered a size 0, which fits perfectly.",5,1,4,General,Dresses,Dresses
605,1072,59,Lovely but smells like last purchaser's deodorant.,"I am returning the dress because it smells heavily of the last purchaser's deodorant and perfume. it was actually nauseating to put on. i am disappointed with retailer that i was sold this dress, full price, in this condition. otherwise, the dress is lovely. it is true to size. i am 5'5"" 110 lbs and the size 0 was perfect.",5,1,0,General,Dresses,Dresses
6127,862,40,All-around cute top,"Cute style, cute color, cute cut.  and i got it on sale!",5,1,0,General Petite,Tops,Knits
15421,1099,62,No petite needed,"I too was immediately drawn to this dress online and was this close to ordering a petite when i stopped my my local retailer and they had just gotten it in, in regular only. of course i tried it on (in the xs regular) and was thrilled to find it fit perfectly and was so flattering on my hourglass figure. i'm 5'1"" and 115 with a 32 dd chest. no gaping or pulling, the waist and shoulders were where they should be and i found the length, with the hi/lo hem to be just above my knees in front. i think",5,1,3,General Petite,Dresses,Dresses
12470,936,68,,"Purchased this sweater in pink which is a beautiful blend of grey and pink. i purchased my usual size xs and it fits great through the shoulders, sleeves and body. i did try on a s and the body was too boxy. also, i tried a couple of different ones in my xs (along with other colors) and found them to run a little differently so you may want to check this out. the sweater is beautiful and easy to wear. the zipper adds a unique detail which can be unzipped part way to show a tank or just to draw a",5,1,1,General Petite,Tops,Sweaters
21975,1011,69,Sweater midi skirt,"I hesitated to buy this skirt even though it was love at first sight. i was afraid it would be to heavy, and add weight. i'm so happy i ordered this one, it'll be a closet staple for me. i love skirts, and am blessed to live in a mild climate in california. i can wear it all year long. right now i can pair it with a slim turtleneck tucked in, with high heel boots, or heels, later can pair with crisp white button up tide at the waist, and strappy sandals, or a tank top, and sandals. it goes with",5,1,3,General,Bottoms,Skirts
489,831,55,Retailer like it used to be!,"This top reminds me of the special tops i got ""once upon a time""...when retailer adopted a more curatorial approach to their store. this is a beautifully-made top...quite dramatic but comfortable. i've received many compliments each time i've worn it. it has wonderful drapery and movement.",5,1,0,General,Tops,Blouses
11925,860,26,Gorgeous top,This top came in the mail today and did not disappoint. it feels very light and luxurious and the color is just divine. i got the deep red color and it is beautiful. it can be dressed up or dressed down. i ordered my usual small and it fit tts.,5,1,0,General Petite,Tops,Knits
14458,378,26,,"I love it! i was hesitant to spend so much on a suit, but it's well worth the money. i'm 5'3"", 140 lbs, and my stomach is my biggest problem area. i ordered a size 8 and it's a perfect fit and very flattering.",5,1,9,Initmates,Intimate,Swim
4615,963,33,"Good idea, looks so cheap","Love the idea of this top, but it is so thin and the sequins look so cheap. the quality reminds me of something you would buy for $20 at a market abroad. definitely disappointed with the quality for the price. will be retuning.",2,0,1,General,Jackets,Jackets
5988,850,39,,"Super cute with skinny jeans. true to size. i'm size 4, 138 pounds and 34c got a small",5,1,0,General Petite,Tops,Blouses
22464,862,40,Great basic,"I bought the white and olive today. i usually get a size s, but opted for the xs for this shirt. i am longer torsoed than perhaps average, so it came to just below mid-butt, which i like. my shoulders are on the broader side and a bit muscular, but even still the xs was perfect and cute, rather than just comfy. def an undershirt is needed for these, but i run cold, so i nearly always have an undershirt. the fabric is just nice enough that i could wear the shirt with a fun, nice skirt with a high",5,1,2,General Petite,Tops,Knits
8159,819,31,,"Mine was slightly tight across the bust area, but i'm able to leave it open with a light tank underneath. it still looks great!",5,1,1,General,Tops,Blouses
16207,1081,42,Nice dress for work or a date,"Bought this dress based on the other reviews and was glad i did. fabric is very nice and soft. it drapes nicely, hiding my tummy trouble area. very flattering and not too short, i could wear it with a blazer to work and also out on a date night. happy with my purchase.",5,1,0,General Petite,Dresses,Dresses
5329,895,54,Retailer clothes,I love all my retailer clothes! it's my favorite store! i even love the displays!,5,1,0,General,Tops,Fine gauge
19366,1008,38,Center pleat off center,I ordered this skirt because it looked cute and versatile. when it arrived the pleat in front (shown in the center) was far to the right so the overall look was crooked. not sure if it was a quality control issue or if that's the true design but it will have to go back. too bad because i had high hopes!,1,0,0,General Petite,Bottoms,Skirts
7744,824,48,Flannel meets funky,"Love this top! a new take on traditional flannel. yes it is pricey for flannel, yes it is not thick like a traditional flannel shirt but it is feminine, sexy, comfortable....even my husband liked it on me. i ordered a regular small, wish i would've went for a petite x-small, however they are sold out. regardless i am keeping :-) for reference i am 5'3, 110-115 and the small is definitely roomy.",5,1,0,General Petite,Tops,Blouses
1630,833,56,Super cute,I bought this today in a size 2. fits perfect. i am normally a 0 or 2 or xs. the top looks and fits exactly like the picture if you are small chested. because it is not long in the front. i think if you are larger chested the top will stick out too much and be too short in front. it is not super voluminous in front which is a good thing. it does have the volume in the back which gives it a cute shape. it is on the shorter side. very nice material and design as well as details. overall good pick.,5,1,7,General,Tops,Blouses
9262,1072,33,See through!,"I read all the reviews about the fabric being see through, but liked the dress enough to give it a shot. it is soooo see through. this trally could only be worn on a beach. very disappointed.",1,0,2,General Petite,Dresses,Dresses
10992,1083,36,"Classic, sexy dress","This dress is beautiful and i received so many compliments. it's form fitting but comfortable. it is just the right mix of classy and sexy. you can easily dress it up for a formal occasion or keep it simple. i am 5'6"", 150lb with an athletic build and a size 8 fit perfectly. i will be wearing this dress for years to come.",5,1,0,General,Dresses,Dresses
15980,1056,32,Love these,I have these in 3 colors and i always wear a 27 in pilcro. i could probably size down but i like them a little loose. they are great to have in the spring and summer. they are very soft and very comfy.,5,1,0,General Petite,Bottoms,Pants
3430,898,36,Fabulous long-sleeved cardigan,"I ordered in this in the kelly green and loved it so much i wore it the very next day after it came in the mail. the green color is gorgeous and easily complements so many other colors in my wardrobe. the cardigan itself is super comfy and i love the full length long-sleeves! so many cardigans these days come with 3/4 length sleeves, which are fine, but sometimes you want a long sleeve. the fit almost runs on the larger side, but i think that a slightly looser look works well for this cardigan,",5,1,0,General Petite,Tops,Fine gauge
7672,1009,33,Statement piece,Such a cute skirt. it has a touch of whimsy with this tropical flare that makes me feel pretty. it fits well and it is true to size.,5,1,0,General,Bottoms,Skirts
20248,927,41,Perfect for summer evenings,I love love this sweater it's beautiful on and super comfy. my only complaint is that it had a snag and a hole in the back. so i can't say it's good quality.,5,1,0,General,Tops,Sweaters
16985,984,39,,"I don't own any peach outerwear because i didn't think it would complement my skintone. this cozy bomber proved me wrong. wonderful quilting pattern and a vintage dye job that's eye catching. great for layering and the color goes with my autumn and spring wardrobe. this is not a fitted style, it's relaxed and a bit poufy at the sleeves and waist, just like a regular bomber jacket. i chose medium petite and it fits just right. i'm a 36d, 135#, 38-28-35.",5,1,4,General,Jackets,Jackets
3200,933,54,,"The colors are so much brighter than pictured. although the sweater is very comfortable, i did not like the color combination. i will be returning it.",2,0,0,General Petite,Tops,Sweaters
19243,829,48,So much prettier than pictured!,"I agree with the previous review, i too would not have purchased it if i had not tried it in the store (which is 2 hrs from my house!). the colors are much more saturated but not gaudy. the caveat, it is quite short. i am 5'10"", 135 lbs. i purchased a medium as it gave me the length i needed.",5,1,2,General Petite,Tops,Blouses
16775,898,55,Classic,"I recently purchased this tunic and love it! its not to big, hangs just right, arm holes are not to big and the material is very comfortable! looks great with white jeans, shorts, or just jeans. i will get a lot of wear all year round! fits true to size. oh, slimming too!",5,1,6,General,Tops,Fine gauge
551,1078,49,,"I loved this dress when i saw it. however the fit was way off. i am 5'7"" 120 lbs and the small was way too big from the waist down. when the xs arrived i was sure it would be perfect. unfortunately the waist hit way too high, above my rib cage and the dress was too short. it was as if it was a petite size. i was very disappointed as this is such a pretty, easy dress to just throw on for school. unfortunately neither size looked right on me and i had to return both. the material is also not the s",2,1,0,General,Dresses,Dresses
18501,868,29,Shapeless,"I really wanted to like this because the color is beautiful and the knit is obviously good quality. but the shape is impossible to work with. it doesn't just run big, it just hangs there. really disappointing. it'll have to go back.",2,0,1,General,Tops,Knits
11696,1078,65,Great and fun dress,"I bought this to celebrate my birthday! i get a new ""suit"" every year. it was a milestone birthday and this dress did not disappoint.",5,1,0,General,Dresses,Dresses
22139,992,73,Too small,I usually wear a 6 and ordered two other skirts at the same time. the other skirts fit perfectly and this one was more like a size 2. very disappointed for i really liked the idea of it.,2,0,7,General,Bottoms,Skirts
19901,872,33,High hopes that were dashed...,"I was so excited about this top, as the picture of the model it looks beautiful and drapey in just the right way. unfortunately, this top feels like an old grandma's polyester suit, the sides are much shorter than the front & back and the combo of the inner lining and the outer fabric feels awkward with the inner piece being significantly shorter the the outer. it also puffed out a bit at the top of the shoulders in a strange way, due to the layered fabric. 

sadly, going back.",2,0,26,General Petite,Tops,Knits
10637,838,34,,I loved this top even more in person! it is made well and beatiful! the sheer under layer adds a sexyness to the design. the back of the shirt is open. i really like this detail!,5,1,1,General,Tops,Blouses
18985,1085,56,Impressive dress,"I was quite surprised to find the background color of this dress was grey,not the stone/linen that i was expecting. it still works beautifully against the citrus. fits true to size; the 3/4 sleeves are slightly narrow around the forearm but not tight. i'm 5'4, fairly slim, 132 and i'm in the process of exchanging the petite m for a regular medium as it was just a bit too short for me. i'm very short waisted/long legs, so the straight design is perfect for eliminating the issue. i also found no p",5,1,6,General,Dresses,Dresses
5963,873,41,Flattering tank,"I purchased the coral color. i'm usually between an xs and small in this brand, and i felt the top runs a tad small, so the small fit much better. simple and flattering top.",5,1,1,General,Tops,Knits
5034,829,39,So flattering,"I love this top, on me, it looks so flattering, the tie detail is really nice, and i love the white subtle details at the bottom and collar. i actually haven't seen the sleeves unrolled on me, i roll them up. the tie part is a little wrinkled from shipment, but who cares. i ordered the regular 0 as the petite have been sold out a longtime ago, i actually got this shirt a while back and thought i had already written a review... i am wearing it with boyfriend jeans right now (for casual friday and",5,1,1,General,Tops,Blouses
14569,1074,35,Completely amazing!,"I rarely buy anything at full price at retailer. but, after trying this dress on last weekend i had to buy it because i couldn't handle the thought of not having this dress in my life! i'm 5 feet tall and a size 12, so this was definitely a maxi on me. but, there is just enough room at the bottom that i can safely wear it with flats. i'm very pear-shaped and this dress is extremely flattering on me. even my husband agreed that i needed to buy it even though he hates my shopping/clothing add",5,1,17,General,Dresses,Dresses
24,847,55,Versatile,"I love this shirt because when i first saw it, i wasn't sure if it was a shirt or dress. since it is see-through if you wear it like a dress you will need a slip or wear it with leggings. i bought a slip, wore the tie in the back, and rocked it with white wedges. you could also wear it as a vest. be careful with the buttons. i haven't had any fall off yet, but i feel like they will. overall it's great for any occasion and it's fun to wear!",5,1,0,General,Tops,Blouses
6592,933,26,Loved it on the model...,"I want to be the person who lounges like the model...but this was huge and more wool-feeling than the lightweight shawl i was hoping for. i am an 8, got the xs/s it was the right size....i returned it.",2,0,1,General,Tops,Sweaters
21653,1059,39,Flared helps the crop,"I find that petite gals with short (,muscular) legs can have a hard time finding cropped pants that fit right. the flare on these makes the pants oh so flattering. the material is nice and thick and holds you in. the colors and patterns are beautiful fall colors, quite lovely and subtle, there is a nice stretch to the pant, the waist has nice closures, can't wait to weer these! i ordered the 0p and htey fit perfectly. (115 lbs, 26.5 in wiast)",5,1,6,General,Bottoms,Pants
839,1089,36,,It is so simple but elegant and beautiful! i am 5'3 and 120 lb and extra small fits me perfectly,5,1,6,General Petite,Dresses,Dresses
4668,829,58,Adorable,Cute top. fits short but roomy. will get a lot of use in my wardrobe.,5,1,1,General,Tops,Blouses
14679,1004,28,Beautiful fall skirt,I ordered the dark turquoise skirt and it fits perfectly! the materials is a very high quality corduroy and the color is beautiful. i really like the buttons on the front as well. gotta love warm skirts for colder climates!,5,1,0,General Petite,Bottoms,Skirts
22984,1068,44,Fun and a little bit sexy,"I love this piece! like another reviewer i did notice a broken button right out of the package but it was so great in every other way that i'm going to keep it and have that mended and the buttons reinforced.

i'm 5' 7, 140, generally a size 8/medium, small frame on top but baby growing hips ;) -- i found it tts",5,1,4,General Petite,Bottoms,Pants
22386,843,52,Beautiful!!!   runs small,"This top is gorgeous.  i normally wear s to m depending on brand and style.  ordered a s and it was so small i returned and have l on order.  it is cropped.  i am 5'3"" and it hit me as pictured on model.  if you are tall or like longer tops this may not be for you",5,1,0,General,Tops,Blouses
8619,1078,53,Beautiful dress,I saw this dress in the lilac at the store and loved it immediately! the picture on the website does not do it justice.,5,1,65,General Petite,Dresses,Dresses
13744,1078,46,Beautiful dress,"This dress is gorgeous and feels so soft! looks great with booties and flats! can be paired with so much! jackets, scarfs, long necklaces! so glad i bought it! i did down size to a small from my usual medium! and got the regular instead of petite! fit great",5,1,0,General Petite,Dresses,Dresses
10508,833,39,Beautiful tank to wear for years,"I was urged to try this on by my usual stylist as she thought it would look nice with shorts i purchased or jeans or pencil skirt i own (she knows a lot of what i own). it is truly pretty love the embroidered cut outs makes the tank look stylish. the cut is also flattering, though i think i'll have to wear a strapless bra. color is also warm enough to work on pale skin like me or a golden tan. i purchased the 0 regulr, tried on petite but i found it was short and flared too much. i am 115 lbs 30",5,1,11,General Petite,Tops,Blouses
6429,1016,43,Not impressed,"Had high hopes for this seemingly cute skirt to use as a basic in my spring and summer outfits. however, that was not the case. this skirt is not lined and the material is so so. basically, for the price, i was underwhelmed and will return it.",2,0,6,General Petite,Bottoms,Skirts
18005,873,32,Fabulous,"This tee is very comfortable and the colors are amazing! i initially purchased in the marigold yellow as i was instantly drawn to the color in store. it's a beautiful shade that will transition nicely into fall. i've since purchased the green which i liked on even more so than on the rack. overall, a nice quality everyday tee. the pocket and embroidered neck make it something retailer!!",5,1,1,General,Tops,Knits
18948,945,34,"Classic, modern, aesthetically-pleasing piece","I picked this up at my nearest retailer this afternoon after placing my order a few days ago. i purchased the off-white version in size small. i actually tried this on in the dressing room to make sure i was satisfied with the product. when i came out, i asked the retailer customer service rep if she could cut the tag off so that i could wear it out today. she not only helped me out but also commented on how much she liked this sweater while also wondering why she hasn't seen it in store; i informed",5,1,1,General Petite,Tops,Sweaters
11731,850,46,,"Love this! so colorful and cute! will look great with shorts this summer, and will keep me cool in the city in the summer heat. thanks retailer!",5,1,0,General Petite,Tops,Blouses
18242,872,35,,This shirt is very swingy but true to size. when i tried to size down the shoulders were too tight. the green color has great texture.,5,1,0,General,Tops,Knits
14266,879,34,Great unique striped tee,"Love this top and wish they had more colors in xs, but the sale was too good so they were sold out. i'm 5'10"" 140 lbs, an xs fits great. will go with jeans or leggings.",5,1,0,General Petite,Tops,Knits
889,1081,42,Different dresses,"I loved the photo of this dress. upon examination of the dress (and trying it on) after receiving in the mail, the dress shown online is nothing like the dress i received save for the pattern. the dress i received has a side zip as well as a belt and no pleats on the top. the bottom is also cut straight across not as it appears in the photo. turns out it is not as flattering as it should appear.",1,0,4,General,Dresses,Dresses
4063,1056,45,,,5,1,0,General Petite,Bottoms,Pants
17242,850,57,Gorgeous!!,"I paired this beauty with the beacheress necklace and the result was stunning. the colorway in this top just makes my summer tan pop! i am 5'3""/36b/108 lbs and the xs fit perfectly. since it does run short there is no way that i would suggest anyone go with a petite unless they are under 5' and/or very short waisted! the fabric in the top drapes beautifully and i felt super feminine all evening...and got tons of compliments as well!",5,1,3,General,Tops,Blouses
48,910,56,Love the color!,"This sweater is perfect for fall...it's roomy, warm, super comfy and the color really pops.",5,1,0,General,Tops,Fine gauge
11692,1078,82,Unique and comfortable,"I wore this dress yesterday for the first time and got several compliments. its unique and super-pretty in person. it hides flaws well and the material is nice. i must have bigger arms than the model because you can barely tell from the picture what the arm slits look like. i don't mind the way they look, but..the way the piece of fabric there grazed on my arms all day kept making me feel like my bra strap had fallen down. speaking of bra straps, the neckline is wide and i felt like i kept havin",5,1,0,General,Dresses,Dresses
203,895,63,Tunic doesn't look like i am covering up,Nice weight sweater that allows one to wear leggings or ultra skinny jeans without looking like i'm pregnant (not that there's anything wrong with that) very feminine and light weight enough to wear with a cami underneath and a pretty scarf.,5,1,1,General,Tops,Fine gauge
13052,933,49,Perfect fall piece,This is a gorgeous jacket! love the softness and the style is unique and fresh. the color is going to keep me cheered through the winter. this will look great with a scarf and leggings.,5,1,1,General,Tops,Sweaters
21146,1044,32,I really want to love these...,"I see all the amazing reviews and on one hand, i agree with them. but these pants do run huge and they don't fit tailored like on the model. on me, they fit loose around the legs and thighs and they're super wrinkly. you'll have to iron these after every wear and every wash. i'm surprised to see the comment saying they're wrinkle resistant. they aren't. also, the kahki is more grey which i don't love. i got these on sale, but even at $50 i just can't justify keeping them. they're super comfy but",2,0,0,General,Bottoms,Pants
2552,870,35,,Matronly and unflattering. i think this may work on a very tall and slender body type.,2,0,0,General,Tops,Knits
2685,282,49,,"Great shorts. i've been buying these for the past few years. each year, i add to my collection with new colors. i have 8 pairs now! perfect length and can be rolled if needed to show some more leg.",5,1,0,General,Bottoms,Shorts
11344,829,45,Too small,"This shirt is so small. i am not sure who came up with the sizing but you have to go up several sizes to get a comfortable fit. don't waste your time on this shirt. such a shame, it could have been very cute.",1,0,1,General Petite,Tops,Blouses
16079,819,41,Cute but gross polyester,"I know we've gotten to the point that polyester can be acceptable, but sometimes it's still that horrible texture, unbreathable mess. unfortunately, that's what this top is made out of. so it runs big, its billowy, and cute, but i couldn't get it off quick enough because of the feel of the fabric.",2,0,0,General,Tops,Blouses
5040,1095,50,"Short waisted, fits small","I love the look of this dress on model but sadly, fit didn't work out. very short waisted and tight across chest with very ample arm holes. i'm 5'8"", 155, 34c, reliably a size 10. this dress seemed at least 2 sizes off for me. my daughter, usually a size 2, could wear it except for the arm hole size (and the fact that it's 158 dollars and she's 13....going back.) btw, ""novelty print"" means ""ice cream novelty"", little popsicles with bites taken out - cute but more juvenile than i expected.",2,0,11,General Petite,Dresses,Dresses
1128,777,64,Unusual and eyecatching,"These leggings are beautiful! so unusual and colorful, comfortable, and flattering. they fit true-to-size with enough stretch to move with you yet retain their shape. the fabric is a bit lighter-weight than ponte but heavy enough to be completely opaque. i would definitely recommend these beautiful leggings to anyone who doesn't mind attracting a little (envious?) attention.",5,1,1,Initmates,Intimate,Lounge
7148,1092,31,Amazing dress!,"I was hesitant to buy this dress with all the reviews regarding poor fit, particularly in the bust area, but it's so unique that i decided to give it a try anyway by ordering a petite size. i was pleasantly surprised to find that it fits beautifully in my usual size. i did not find the bust to be small at all, and the overall fit was very slimming and flattering. for reference, i am 5'2"" 110lbs 32dd, and the size 2p looks great and is very comfortable.  the 0p might have worked too. the material",5,1,2,General,Dresses,Dresses
22866,895,41,Made me look larger than i am,This sweater did not flatter a sz 12 with 36d chest. it's very well made but not for the curvy girl. this is my very first review and felt compelled to share my thoughts since i heavily rely on others' reviews before i purchase.,1,0,10,General Petite,Tops,Fine gauge
123,836,24,So beautiful! gorgeous orange color!,"After reading the previous reviews, i ordered a size larger. i am so glad i did it! it fits perfectly! i am 5'4""/115/32dd and went with the s regular. so beautiful! i can't wait to wear it!",5,1,0,General,Tops,Blouses
11192,864,37,,,5,1,0,General,Tops,Knits
2247,876,62,,"I definitely would recommend this top. when i put it on i felt it was true to size, and fit me very well. sometimes my retailer tops tend to be a little roomy, but not in this case. the fit was very nice and its embroidery details make it a special look that i can throw on with my jeans and still look put together. i know this will be a top i wear often.",5,1,0,General Petite,Tops,Knits
649,1059,48,Gerat pants,I love these pants. i bought as basic pants to dress up or down and they look good with flats or heels. also i like you can wash instead of dry clean.,5,1,0,General,Bottoms,Pants
7250,1082,57,Really wanted to love this dress,"As soon as i saw this dress online i loved it and ordered it! unfortunately it just didn't work for me, i tried it in a small, medium and large. for reference i'm 5'2"", 145lbs, 36d. the dress is really pretty in person, but i looked like a little girl in it. my daughter who is 4'9"", 100lbs, 34a, also tried it on and she too looked like a little girl in it. the material is beautiful along with the detail at the neckline, however the neckline is not open like in the picture, it's more pushed toget",2,0,6,General Petite,Dresses,Dresses
22928,1091,48,,Love this romantic girlie girl dress. so pretty.,5,1,0,General Petite,Dresses,Dresses
9374,866,50,Simply elegant,I bought this to use over the holidays. it is extremely comfortable and i've received multiple complements. you can dress it up or wear it casual.,5,1,1,General,Tops,Knits
18324,1077,39,Very flattering,"The orange version is very nice, bright but not tacky. the fit is super flattering, and i love the crisscrossed hem. the top part is also flattering on the shoulders (halter), but need a strapless bra. the 0 fit me well, no need for petite on that one, might be too short for me.

(03dd, 26.5 in waist, 115 lbs).

pattern is also gorgeous. recommend...",5,1,4,General Petite,Dresses,Dresses
15918,867,56,,"This is a stunning top but it did not work for me because it looked like a maternity top on me.. i think a person needs to be thin with a small bust to carry this off. this would look good with many things, from ripped denim to leather pants, and is not necessarily just for holidays.",5,1,2,General,Tops,Knits
6709,844,62,I'm wearing the hadley tunic for my birthday!!!!,Love this top! tried on a small in the store as it was the only size the had. the sales person ordered me a medium on line. i am wearing it tomorrow for my birthday! the stretch fabric is very flattering.,5,1,0,General,Tops,Blouses
2366,872,34,"Love the shirt, but arm holes are a bit big","I love the shirt and it runs true to size everywhere but the arm holes. i bought a size small and the length was great, the fit was great, but the arm holes were gappy and big. i had to return it and was bummed because i loved it otherwise.",2,1,8,General Petite,Tops,Knits
4133,1104,44,,"This dress is perfection! great, quality fabric. bright vibrant color. the design and texture allow it to be dressed up or dressed down. i sized up a size because my normal wasn't available and it fits perfectly!",5,1,0,General Petite,Dresses,Dresses
5389,831,34,Nellore blouse for the win!,"This blouse is stunning. i have been wanting it for some time. i finally broke down and purchased it. i am 5' 8"" and about 160lbs. i generally wear size l /size 10. i bought this in a large. i need a medium for sure. i could get away with the large, but it's very flowy. i think the med will be more flattering. i am planning to exchange for a smaller size. i would recommend this blouse for sure. if you want it, buy it. it's often times sold out.",5,1,4,General Petite,Tops,Blouses
17013,867,32,Easy throw on,"This piece is a great, easy throw on that allows you to still look polished. it's heavy weight is a perfect substitute for a coat on those in-between fall weather days when you don't want to lug a jacket around. lining is super soft and makes it so comfortable to wear.",5,1,0,General,Tops,Knits
14476,1008,55,Versatile skirt,"I was originally looking for a denim skirt with a fit and flare shape. i then saw this skirt and decided it was much more versatile than denim. it is a mid weight skirt, lined, good length...just above the knee, and the swingy shape is perfect. i will wear it now with boots and a chunky sweater. when it warms up, flats and a short sleeve sweater will be cute! i ordered a small, but i really should have paid more attention to the other reviews because it does run large! i ordered another one in e",5,1,2,General,Bottoms,Skirts
14993,895,26,Great transitioning top,"It took me a while to finally try this on after seeing it in store for a while, i wasn't sure about the color. then i saw it matched with the brush stroke charlie trousers (which i had just purchased) and loved the combination so much i had to finally try it. i love the fit and feel of this top. i agree with a poster before that the photo does not do this top justice. my only wish is that t was a touch longer.",5,1,0,General Petite,Tops,Fine gauge
16135,1080,39,Fell in love years late,"I fell in love with this dress two years after it sold out so i'm so lucky to have gotten my greedy little hands on this eye catching retro modern number. my mom adores the fit on me as it reminds her of her youth in the 50's and 60's. i originally sized down to a 6, not realizing my bust/wide rib cage would make the fit difficult. wish i could have found an 8 but settled for 10p and will have a tailor finish it. i'm also going to remove the tulle layer since i want to wear as more casual frock.",5,1,0,General,Dresses,Dresses
11323,872,45,Beautiful top!,This top is exactly as pictured and the fit is perfect. the knit is a nice quality and the embroidery is striking. i can't wait to wear it. it will look great with skinny jeans.,5,1,1,General,Tops,Knits
22803,1078,28,"Drab color, weird fit","Couldn't make it work, even belted. ivory color is darker irl--dingy light tan, like dirty vintage. ""drop"" waist is not dropped at all, just a maternity-ish cut that starts boxy-loose high up (below bust), then abruptly flares out at bellybutton level (not low hip) into the skirt. i usually find a-line cuts good at giving illusion of a willowy, curvy waist, but this does not--adds ten pounds. poly fabric heavy/hot; rayon lining awkward and doesn't flow/drape. (5'3'' 127lb 34a, tried xs)",2,0,0,General Petite,Dresses,Dresses
16506,1074,39,,,5,1,0,General,Dresses,Dresses
3826,828,45,Cutest top ever,The color of this top is amazing--much more vibrant than in the photo and the fit is perfect. it is very flirty and pretty and the detailing around the top is gorgeous. it's pricey but i splurged and am glad i did. it looks adorable with a corduroy skirt and boots for the fall.,5,1,1,General,Tops,Blouses
5761,1119,60,Beautiful lightweight leather vest,I love this piece !   i purchased it on sale months ago and when  i wear it i just love it!!  it looks great with every outfit the neutral colors perfect it's very light very hip looking one of my very favorite pieces of clothing  i'm very petite and i believe only the small was available but fits fine  would love more of these genuine leather pieces at purchasable prices   thx retailer!,5,1,0,General Petite,Jackets,Jackets
21903,886,31,,,5,1,0,General Petite,Tops,Knits
5311,1078,48,Stunning dress,"Classic retailer stunning dress! the embroidery is beautiful, with the beads and details. the blush color can be difficult with my pale complexion, but i didn't have trouble with this. i got a ton of compliments. it looks a bit flat on top on the model. i'm not very curvy, and it accentuates my curves nicely. it doesn't hang down quite so much as it looks in the picture, but has a more classic fit and flare shape, very flattering.",5,1,0,General,Dresses,Dresses
12526,1081,42,"Beautiful dress, fits horribly","I purchased this and another eva franco dress during retailer's recent 20% off sale. i was looking for dresses that were work appropriate, but that would also transition well to happy hour or date night. they both seemed to be just what i was looking for. i ordered a 4 regular and a 6 regular, as i am usually in between sizes. the 4 was definitely too small. the 6 fit, technically, but was very ill fitting. not only is the dress itself short, but it is very short-waisted. i am only 5'3"", but it fe",2,0,3,General,Dresses,Dresses
10431,862,50,Beautiful!,Love love love this blouse the cut outs at the top just add to it's elegance,5,1,0,General,Tops,Knits
13583,1080,37,Gorgeous summer dress,"I absolutely love this dress! when i wear it i feel so graceful and pretty. the belt allows you to tie it so that if your weight fluctuates up or down, it still looks great. i think i'm going to be wearing this dress all summer. love, love, love. 

i think my only quibble would be that the lining on the inside fits more snugly than the dress itself, and when i was walking it rode up (it's like a stretchy mesh type material). but i'm carrying a few more pounds than i'd like right now. once i lo",5,1,7,General,Dresses,Dresses
17474,1083,56,Beautiful unique dress,Wore this to my sons wedding. found it last minute when i had changed my mind about another byron lars dress. i felt awesome in it and got many compliments,5,1,1,General Petite,Dresses,Dresses
15750,907,52,Love it!!!,"I love this sweater. hoping to order the other color. the weight of the sweater is perfect, not too heavy. i also really liked how the sweater lays with leggings because it is not bulky. great sleeve length.",5,1,0,General,Tops,Fine gauge
8736,1008,36,"Cute skirt for work, then drinks","This skirt is great for the office, but also stylish enough to wear out to drinks/dinner afterwards. i think it fits a little big - i'm usually s and i ended up with an xs.

i think the tan is a little cuter than the gray in person, so i would recommend this one.",5,1,0,General,Bottoms,Skirts
14357,1025,57,These are not higher waisted pants.,"These pants are more like 9"" not 10"". i was very dissappointed. the color is great and so is the fabric.
if you look more closely at the model the pants don't fit her either!! they are too small! i haven't decided whether or not to take them back because i am losing weight. i am a 31 so far but these pants are like a 30. i need the color because they go perfectly with a top i bought from retailer",2,0,0,General Petite,Bottoms,Jeans
19818,875,32,Staple summer tank!,"I just received this in my normal petite xs and it fits perfectly! it's gorgeous in person, and i know this will be one of my most worn tops this summer.",5,1,12,General,Tops,Knits
17321,1059,61,,Runs a bit small. very slimming. love these. when will they be available in moss again?,5,1,0,General,Bottoms,Pants
16762,401,23,Amazing,"I'm only 5'3"" so i ordered a small but i have a larger rear (size 4-6) end and bust (32dd). the small gave me plenty of room in the top. the bottom area was definitely meant for someone with a smaller butt but i don't feel over exposed or anything. the fabric on the bottom is thick which is really nice. it makes the body seem slim and keeps the white from being see through even when wet. the long sleeve design is also awesome! i have gotten numerous compliments on it. the top has an inner liner",5,1,1,Initmates,Intimate,Swim
22233,717,61,Yes!,"Love these! i am a medium in shorts or 29-30, and the medium fit perfectly.. true to size, very soft, flattering cut and color. love the embroidery. great for travel, very light and can be jazzed up a little with nice sandals, almost like a flirty little short skirt. the fullness and non fitted look is great for a less than perfect tummy.
i am very happy with this purchase.",5,1,0,General,Bottoms,Shorts
20333,372,52,,Very flattering cut. only con is that is seems to snag easily. extremely comfortable and don;t need to wear a cami under it like i originally thought i would.,5,1,0,Initmates,Intimate,Lounge
7742,859,45,,,5,1,0,General,Tops,Knits
15429,1099,47,Better in person!,I was excited to try this dress on in person and so glad i did. it's actually really cute. the material is soft and super comfortable. the dress hits just above the knee and the tie in the front accentuates your waist. i was pleasantly surprised at how cute it really is. i'm excited to wear this to work! worth the price.,5,1,0,General Petite,Dresses,Dresses
4424,1081,42,,"Great dress! needs a tank top underneath, but has a great shop.",5,1,0,General Petite,Dresses,Dresses
5899,1094,26,Simple & beautiful,I tried on this dress in store and was amazed by the quality and simple structure of the dress. bought it with no hesitation.,5,1,0,General Petite,Dresses,Dresses
15579,829,36,,This is a super cute top. the online image does not do it justice. the scalloped edges around the arms give it a flirty and feminine look. i got lots of compliments when i paired it with the shorebird pencil skirt. the material is thick enough to not make it see-through and it's pretty tts.,5,1,1,General,Tops,Blouses
15328,1059,25,Flatteringly cute,"My only wish is that the front waistband were more high-waisted, but other than that, the pants are darling--flattering, vintage yet on-trend and made with high quality fabric and tailoring. i am 5'2"" 125 pounds and i bought a size 4. they are a perfect fit.",5,1,0,General Petite,Bottoms,Pants
15320,895,42,,,5,1,0,General,Tops,Fine gauge
15522,1070,36,,"Very cute and flattering but i'd order at least one size down. i'm usually a 25/26, and just during the time i tried on the 25s in the store, i could tell they'd loosen up enough for a 24. i'll review more once i have them, had to order since they don't typically have 24s in store, so can't comment on quality as of yet.",5,1,0,General Petite,Bottoms,Pants
7738,855,43,This top is just meh,Wasn't crazy about this top. it looked great online but in person it's just a boring and lifeless top.,2,0,1,General,Tops,Knits
9144,1022,50,Different type of jean look,"These are really nice jeans (i am a jean fanatic). some ""patches"" are faded others are dark with still others with stitching across them. very distinctive and nice. they are truly a boyfriend fit...so, if you them big, they are. ag makes very nice jeans both in fit and quality. i buy other brands, but not often...",5,1,1,General,Bottoms,Jeans
23406,1082,68,Disappointed,"I was very excited to find a fun and lightweight white dress for spring/summer. for the past two years i have found two of my favorite white dresses. the material that this dress is made out of did not look high quality at all. the fit looked more like that of an old nightgown. this dress has no shape to it, although probably comfortable, not flattering. i had high hopes for this dress and wish that it looked like it does in the picture, in person.",1,0,0,General,Dresses,Dresses
13731,862,53,Great product!,Extremely well made tank top. great for work or a night out.,5,1,2,General,Tops,Knits
9131,984,27,New favorite,This jacket is perfect!! the denim mixed with the military style is such a good combo. it fits great and is very comfortable. the little ties in the back are a cute addition.,5,1,1,General Petite,Jackets,Jackets
4389,1078,28,Great dress for ladies with smaller curves,"I wanted to like this dress, but it just did not work for a bustier frame. the fabric is quite loose, does not nip in at the waist and is not particularly clingy, so if you are well-endowed, your assets create a bit of a shelf from which the rest of the dress just hangs. as a result, the swing comes from the apex of your chest as opposed to from your hips (as on the model), and the asymmetrical hemline makes the look even more awkward. on smaller curves, this would likely be very flattering, but",2,0,1,General Petite,Dresses,Dresses
5428,877,52,"Fun, soft, light weight","I have featured a picture below. i'm 5 feet 120 lbs. i ordered an xs petite. i'm pretty busty so i don't like a loose fitting top, so ordering a size down did the trick. it's super soft, one of a kind and the edging of the neckline is delicate looking and soft and therefore adds a feminine element. i'm enjoying wearing the top.",5,1,0,General,Tops,Knits
21619,1086,28,"So close, but the cut is not good!","I have these shirts in the blue and green and they were great. i'm 5'4"" c chest and athletic build - the small shirts fit pretty good and i love the fabric so i kept them. i really wanted these dresses to work but the cut was different even between the gray and burgundy. there was tons of room in the chest, but it was tight in the shoulders. i really wanted to love this, but there's just too many cut issues. it is a good length for work though.",2,0,0,General,Dresses,Dresses
709,1137,69,The tee i have always been looking for!,"It is seldom that i write a review about a tee, but after receiving the jessa tee in the mail today, i just felt compelled to do so! the deal is, this tee is pricey for sure, but in my opinion, it is worth it! as another reviewer said, the cotton fabric is hefty; in fact, it could also be called a ""lightweight sweater."" everything about this tee is perfect and classic: the elbow sleeves, the nice neckline, and the semi-boxy, semi-cropped fit. it will go with everything from jeans, to nice slacks",5,1,1,General,Trend,Trend
23399,1110,38,My new go-to spring dress,"I... love... this dress. the fit is incredibly flattering (and i'm currently carrying more weight than my normal size). i selected a 6, which is about a size larger than normal, and it was a perfect fit. i tried on a larger size for measure, and the 6 provided a (perfect) fit and flare. i've worn the dress on three occasions, already, and each time friends remarked on their admiration for the dress, itself and flattering style for me, i have no issues, at all, with the cut, and to me, the bias a",5,1,3,General Petite,Dresses,Dresses
9962,1111,31,Love this dress,"I am 6'2"" and athletically built, and i usually have issues with dresses being long enough for me, but this beauty has the perfect fit and perfect length. it is very flattering. the weight of the dress allows it to move with you. it is form-fitting, but loose at the same time, so your body doesn't look lost in the material. you can dress it up with heels, or wear it with boots or sandals to be a bit more casual.",5,1,0,General,Dresses,Dresses
14073,939,35,Gorgeous sweater,"This was such an impulse buy- i bought it online during a sweater sale- and i am so glad i did! this is definitely one of my favorite recent purchases. it definitely seems more like a coat than a sweater, but it is lightweight. i ordered the red and it is beautiful. it looks great buttoned or left open and i think this could be dressed up or down (though it does have a hood, so that gives it a slightly more casual feel). it fits true to size- and it is definitely shorter in the front than the ba",5,1,0,General Petite,Tops,Sweaters
3473,939,43,Classic retailer,"This is classic retailer at it's best.  quality   style   a little something extra makes this piece something that will likely live in my fall / winter wardrobe for decades to come.  first the quality is superb, soft gray wool with a delicate floral embroidery motif on the front. military buttons down the front with a fit and flare waist on a 3/4 length coat.  versatile enough to wear as a sweater or light coat for early fall. fit is generous enough to easily fit a bulky sweater underneath and lay",5,1,14,General,Tops,Sweaters
15927,1087,36,Great for summer,I got this dress in coral and i absolutely fell in love with it the moment i tried it on. the fabric is very soft and flows nicely. i am 5'3 and i got it in regular but the length is not too long or short. i can probably wear it with my flip flops.,5,1,0,General,Dresses,Dresses
6458,295,35,Just a layering piece for me,"Wow! this sure is close fitting, as in suction cups to your body! yikes, definitely not forgiving for those of us with curves. to me, it seems like the material will wear well. i bought this for a great sales price so i may keep it, not sure. it would work fine as a layering piece but if i gain even 5 lbs, it won't work. i ordered the medium and am usually a small. the large might have worked best but probably still pretty clingy. i do recommend this if you are thin with no problem areas.",2,1,0,Initmates,Intimate,Layering
4631,872,26,Versatile tank!,"This tank is super amazing. very versatile - wore to work with dress pants and flats, and wore out to dinner with jeans and heels. a bit out of my comfort zone since it is a ""swing"" tank, but love the color and cut! perfect for professional life and going out on the town. i did choose a petite in this due to the long armholes (even though i have a long torso for my body size).",5,1,0,General,Tops,Knits
23247,862,29,Feminine and flirty,Beautiful top! you can wear it as a wide boat neck or as its pictured off the shoulder. the bottom is tight with ruching which makes it very flattering. i found the fit true to size. love the neutral light brown color. will look nice with white denim for the summer. excited to dress this unique top up or down.,5,1,1,General,Tops,Knits
22629,1081,49,Cute and colorful,"I tried this on at the store and am coming online to order it in petite. i'm 5'1"" and the length hit me just below the knee in the regular length so i'm hoping it will hit just above the knee in petite. it was very cute, might run a bit large but basically true to size. size down if between sizes. it has a little bit of sparkle beading around the neck which is nice.",5,1,11,General,Dresses,Dresses
10735,865,27,Perfect for fall,"This sweater is a hit. the color is fantastic and the shoulder cutouts add a feminine and unique touch. looks amazing paired with booties, a statement necklace and jeans. definitely affordable too! highly recommend",5,1,1,General,Tops,Knits
17579,824,41,So unflattering,"I'm sure there's someone out there who will look good in this but it certainly wasn't me. admittedly, i'm a less than ideal body type at a curvy 5' tall. still for a taller person this shirt runs short, for a curvy person this does nothing to accentuate a waist, for a short person this pattern is very busy even if the colors are beautiful, for a busty person the gathers around the chest make for a very frumpy look, and even for a short and thin person this shirt runs too big to get a good fit. c",1,0,0,General Petite,Tops,Blouses
6538,1033,40,,Blue jeans that fit like a dream & they were on sale.,5,1,0,General,Bottoms,Jeans
13342,1077,71,Beautiful! but big,"A really beautiful, well made dress. runs extremely big though! i'm not petite by any means and ordered a large but i'm positively swimming in it. an oversized look works for this particular dress, but i think it's supposed to be more fitted so i would recommend sizing down from what you might normally expect for a piece of this style.",5,1,0,General Petite,Dresses,Dresses
9209,862,50,Perfect versatile summer tank,"So comfy and well made, perfect to dress up or down, bought one and coming back for several more. cut a bit low in arms, lace bralette is perfect under.'' bought a small, length and fit similar to model",5,1,6,General,Tops,Knits
7611,868,34,Very versatile,"This top when pulled out of the box didn't look like much, the contrast of the buttons, wrinkly, shapeless... but, when i shook it out, tried it on i fell in love. it's so simple and versatile. prob the best white shirt i purchased this year, i'd say it pretty flowly, but that's the style and i love it. i am 5'8'' 128lbs and purchased a small. i would purchase again, and in other colors if they had them.",5,1,2,General,Tops,Knits
19799,1096,63,Gorgeous dress!,"Just had to review this dress because it is so beautiful. the fabric is light and soft, and is really perfect for this flowy tiered design. the colors are really pretty, not too bright, and it fit perfectly. i would say that it is much more dressy than it appeared in photos. the bodice has some beading, and it was much longer on me than on the model, though still a perfect maxi length. it would be perfect to wear to a wedding or formal affair.",5,1,25,General,Dresses,Dresses
2562,900,49,It's a shame,I wanted to love this tunic sweater. the material is so soft and a perfect weight. the color is pretty. bu the fit absolutely did not work for me. the tunic runs very small. a large usually fits me but i felt like i was wearing a small. the slits are quite high. i was sorry to do it but this one went straight back!,1,0,1,General,Tops,Fine gauge
7265,862,35,Flattering,"I like this top a lot, and have always liked knotted looks around the bust area. i do not have a large chest, and this kind of top always draws attention in all the right places. i was worried the cut would be too low for my comfort level-and it is low but the shirt does not come away from my body in normal movements so i do feel completely comfortable wearing this without a cami underneath. i don't prefer this in black because i think the color detracts from the bunches of fabric created by the",5,1,10,General,Tops,Knits
281,1104,45,,"This dress is gorgeous!!! i love it! i bought it to wear to a july wedding. i got the navy and it is so fresh and crisp in color. the sizing is on spot! i slipped it on and it was comfortable, easy and stylish. i am 5'7"" and typically xs. it falls exactly as portrayed in the online photos. it is lined in the skirt and the top is stretch jersey in the best weight! i am in love!",5,1,7,General,Dresses,Dresses
8548,952,29,So cute i want to wear it everyday!,"I love this sweater! aside from it being absolutely adorable, the quality is great and the sizing is accurate. i have received so many compliments on it so far and honestly, i want to wear it everyday! the sweater is super soft and comfy... and of course, i totally recommend it! thanks retailer!!",5,1,2,General,Tops,Sweaters
80,1072,68,Elegant classic dress,"I am usually a petite 6 but since this dress did not come in petites i tried on 4 and it fit. i'm 5'1"" -112lbs so dress hit rt below knee -will have it hemmed up a bit do not so overwhelming.

this dress looks stunning on! great vibrant color ( i have dark hair) makes this classic elegant dress look contemporary and stylish. when i tried it on in store, salesperson and others who happen to see it on me raved and told me to grab it! i did and am glad.

i plan to wear it this spring for my daughte",5,1,1,General,Dresses,Dresses
17646,714,25,Great slip but runs small,"This sleep is super flattering on but it runs quite small (and short). it has a lot of stretch to the fabric and my normal size felt like i had a large spanx slip on. like i said, great slip but i'd recommend ordering up a size if you want it to look like the model.",5,1,2,Initmates,Intimate,Intimates
16605,1001,46,Go see in the store!,"Online photos do not do this skirt any justice i agree with a previous poster. i normally never buy anything brown, but there are pops of teal and magenta throughout. you can't see the gorgeous shimmer and the interesting layered colors online. in addition, this skirt has a stretch waistband (plus for the holidays!) and is so flattering, not too tight, but shows just enough of your curves, physique. i like that the skirt is longer as well - will look cute with boots. i purchased the size medium",5,1,4,General,Bottoms,Skirts
21658,1008,46,Cute and comfy,"I think i own nearly every maeve skirt retailer has sold over the last five years, and this might be my new favorite. one major improvement over years past is the fit...it really is true to size, rather than running large as has been the case in the past. the material is a substantial, stretchy jersey with a nice texture. the weight of the fabric combined with the jersey slip means it's not sheer at all, and it also a nice smooth fit, skimming over less-than-perfect areas. i also really appreciate",5,1,7,General Petite,Bottoms,Skirts
5695,1020,72,Awesome skirt,I feel really cool wearing this skirt :-) a nice alternative to the jeans that are my standard uniform. loooks great with short boots. i'm wearing it as i write this review--and was wearing it all day. awesome skirt!,5,1,1,General,Bottoms,Skirts
631,838,41,Beautiful top,"Cute top! the bright red crochet shoulders and back add the perfect pop of color to the light blue pinstriped front. it's a little loose and boxy around the bust area but overall i think it's a flattering shape. i got the regular s and don't find it too short. for reference i'm 5'2"", 134 lb, 34b. i often wear petite sizes but due to other reviews mentioning that the top is short i ordered the regular size and am happy with the length and fit.",5,1,2,General,Tops,Blouses
16417,1086,21,,Absolutely amazing! a must staple in every one's closet this season. i purchased the dress in a medium for a more relaxed look/feel. the silhouette is comfortable and makes for the perfect put on,5,1,13,General,Dresses,Dresses
1158,1110,59,,"Runs large in arm holes. have to wear bandeau. love this print and flow of dress. loose but still flattering due to arms and shoulders . love the overall look. midi length for this 5'6.5"" gal. size s worked best -36c-125lbs",5,1,2,General,Dresses,Dresses
13970,757,38,Really disappointed,"Loved how this draped and im super petite 5'1""(32b bust) and this was seriously one of the most ill fitting items i have every owned. i purchased the pxs and it was huge. i hope this has a better fit as the other reviewers seem to have a more positive review. i was just appalled as to how bad the measurements were off. unfortunately the straps are not adjustable so this went below my chest. too sad retailer, please get the fit right!!",1,0,0,Initmates,Intimate,Intimates
5057,875,37,Love,"I have this top with the red stitching and it is one of my most favorite items from retailer ever. i wear it with a tank top underneath so i haven't noticed any itchiness like the other reviewer mentioned. 
i wear it with slightly cropped slim boyfriend jeans and i get so many compliments every time i wear it.
i wish i had it in the blue color too!",5,1,11,General,Tops,Knits
10201,147,36,Sleeping in comfort & beauty,"George venson of vousta has designed a pair of pajama bottoms that are beautifully designed & comfy to lounge & sleep in. they are a light weight flannel that fit true to size & wash extremely well. the design on these pj's are like no other; a white background with red birds. polar bears, deer, all with tree branches running through the length of the pant. they're just delightful. you must try them!",5,1,11,Initmates,Intimate,Sleep
9534,836,33,Flowy perfection!,"I have to admit, seeing these tops online, i wouldn't give them a second glance, but at my local store they were displayed in a gorgeous summery fashion and were so light and airy and flowy (my summer checklist!) i bought both the blue and rust color in an xl. i am a 16/xl/36h and this is one of the few button up shirts that actually fit! i think i might go in and add a snap between the bust line anyway since the buttons are spaced too generously, but there is no pulling. this top does run long,",5,1,7,General Petite,Tops,Blouses
9608,820,25,Perfect in every way,Love the blouse and the best part is the back side ! this brand never ceases to fall short for fit and style. try it on to see,5,1,3,General,Tops,Blouses
13551,611,39,Amazing,I'm 5 9 with a slender build but have always found rompers to not be figure flattering.  however this one was perfect! not too short nor long and looks great! highly recommend!!,5,1,0,General Petite,Bottoms,Pants
22096,1011,32,Looks good online,"Loved this online, but the xs was too big and the material was too bulky.",2,0,0,General,Bottoms,Skirts
8747,903,48,"Comfy, soft","I ordered this in the ""chocolate"" color which is really a pinkish/taupe-brown. but i love the color; it's neutral yet not too pale, just the right hue to go with almost any color and the style works with any outfit, from jean shorts to a dress. i love how soft the knit is. although i worry it might be prone to snag, especially the open-weave sections. i also love that the sleeves are full length, fitted enough to be pushed up on my forearms yet i can pull them down past my wrists when i am chill",5,1,7,General,Tops,Fine gauge
11396,847,33,Boxy,"I try to find something to like about everything i buy, even if it turns out to be a disappointment. for me the neckline of this shirt is absolutely beautiful and super flattering. it was one of the only things that made me want to keep the shirt, but unfortunately it was not enough. this shirt is super boxy and runs large. i would recommend sizing down for those who want to try this. if you have a larger chest it might be worth ordering your regular size so that the buttons won't pull at the ch",2,0,0,General Petite,Tops,Blouses
1605,1078,55,Nice winter dress,"Great dress, fit perfectly warm for the winter, i live in florida it will be great if we get a winter next year. very comfortable and easy to wear.",5,1,0,General Petite,Dresses,Dresses
2352,1047,62,"Very beautiful, but runs large","I ordered these in the neutral and the fabric and construction are everything i hoped they would be. they are a lovely light weight rayon that i think will be very comfortable in hot weather. the printed fabric is really pretty.

sadly, they seem to run on the large size. i wear size 14 pants, but the xl was too baggy in the legs and a little too large in the waist. i am sending them back and getting the smaller size.",5,1,30,General Petite,Bottoms,Pants
1770,867,60,Too low and very big armholes!,"Tried this on at my local retailer, the red color is pretty but not a ""true"" red. the fabric has a nice weight to it not the usual thin stuff that retailer seems to offer these days. two big problems though- the top is very low cut and i could see it ""opening"" up to the world! and the armholes are cut so big and low that you could see the sides of my bra, this is a deal-breaker for me, it can't be fixed.",2,0,1,General,Tops,Knits
19039,905,46,Super cute!,"This is such a cute sweater! i wouldn't really call it a poncho since it has standard sweater sleeves. it has a wide circle hem which is very flattering. i would have loved this even more if it were available in other colors besides white.... red, black, or navy would have been perfect!",5,1,0,General,Tops,Fine gauge
3318,422,38,Lovely lady lounging pants,"Soft, pretty design and perfect length. i'm 5'6"" and the m fit perfectly!'",5,1,0,Initmates,Intimate,Lounge
17591,1110,33,Slip issues are surmountable,"I loved this dress and wanted to use it for work. i read the reviews and saw all the issues with the slip and was nervous, but i tried it anyway and figured i could use another plain black slip i have if the one with the dress didn't fit. i'm really happy i did because it's a gorgeous dress. you just may need to wear a different black slip with it (i did). if you already have one, it's no additional hassle or cost and the dress is really unique. it's the perfect comfortable but stylish dress for",5,1,1,General,Dresses,Dresses
13382,1072,41,Beautifully bohemian,"I just love this dress! it is so pretty and feminine and comfortable. the colors and patterns are perfect for both spring and fall and i know that this is one piece that i will get a lot of use out of. originally, i thought the cut would be a bit boxy but it is not at all. in fact, the fabric is beautiful, soft, and flowy with a lovely bohemian aesthetic. it looks great with tights, tall boots and a big floppy wool hat. any one considering this dress should defiantly try it on, as it is highly u",5,1,1,General,Dresses,Dresses
11330,1096,35,Beautiful dress!!,I fell in love with this dress when i saw it in the catalog and was so bummed to see it on backorder online until may! i went to my local store and they had it in stock so i immediately tried it on. i'm not usually a big fan of maxi dresses but this dress is so pretty and the quality is amazing! the fabric is light and airy but not too delicate and the subtle beading on the top adds an extra special touch. the waist is a little high (it's similar to the picture online) but i'm also 5'10 so it mi,5,1,13,General Petite,Dresses,Dresses
5192,854,51,Perfect!,Bought this top for date night -- something a little special. it's that and also very comfortable. i have broad shoulders and this style accommodates. easy to dress up or down -- perfect!,5,1,1,General,Tops,Knits
10354,1110,65,,"What a fun dress to wear. it feels great, and looks great. i feel good when i wear it. if i was a kid i would wear it everyday, ha ha.",5,1,17,General,Dresses,Dresses
5228,1094,41,Retro-mod yum,This dress is a zillion times cuter in real life. it's very retro-swingy and girlish- it reminds me of something mia farrow would've worn in her rosemary's baby era. i have the black version and i've paired mine with tall black gladiator sandals for a more sultry nighttime look and also flip flops for beachy summer days. i think it's a total steal at the sale price.,5,1,5,General Petite,Dresses,Dresses
10594,879,45,Perfect lightweight sweater for spring!,"I wasn't sure what to expect when i ordered this but when it arrived i was pleasantly surprised that it's by postmark and has an interesting cut. i ordered the xl in the hope that it would be oversized and slouchy. it is that and more! the lightweight, sweater like material is truly perfect for the transition to spring. i look forward to wearing it tomorrow!",5,1,9,General,Tops,Knits
9429,1094,24,This is not the original,"I bought this dress because i saw it in stores when it first came to retailer. it was stunning. the colors were vivid and the beading was intricate. i regretted not purchasing it immediately. 


fast forward to today... the dress i received was not the one that was originally in stores. the fabric was different, there was hardly any beading, and the colors were washed out and dull. 

i read previous reviews saying that the dress was more like the studio pictures than the original promo. but t",1,0,0,General Petite,Dresses,Dresses
23176,1094,60,Love this dress!,"This is such a cute dress! the skirt is very full but does not add visual weight to those of us who already have enough actual weight. i ordered the black/beige print and the fabric is beautiful. it really drapes and hangs nicely. because there is so much fabric, i don't think this dress needs a lining. it seems to wash and hang dry well. i'm 5'4"", about 160 lbs. i like the way the medium fit. the length was slightly above the knee, which was ok with me (i'm nearly 60.) all in all, i can see mys",5,1,0,General,Dresses,Dresses
15642,981,38,Great vest,I bought this yesterday in store - i agree it runs large and sizing down keeps it from swallowing you.  i typically wear a large and went with a medium.  love the grey color - it will make a nice neutral.  am looking forward to wearing this well into fall/winter as i'm in the south where it takes a while to get cold.,5,1,0,General Petite,Jackets,Jackets
11854,1054,60,Love,"These pants are fabulous ! i want more colors !
and i got them on sale !!",5,1,0,General,Bottoms,Pants
22772,1086,41,,A little long but very comfortable. i've worn it to work and to a bridal shower so very versatile.,5,1,0,General Petite,Dresses,Dresses
7731,1075,28,Beautiful,I wore this dress for my small winter wedding and it was perfect! i thought it ran a little large though because i had to return it 2 times to get the right size! once i got the right size it fit perfectly. i loved the champagne color and shine.,5,1,0,General Petite,Dresses,Dresses
15064,1028,44,Great crops,"Had to have these when i saw them online. usually an ag girl, but loved the button fly and boyfriend fit. originally ordered a 28 and returned for a 27. after a couple of wears, wish i bought the 26. a must have!",5,1,2,General Petite,Bottoms,Jeans
5133,1072,31,Anther at it's finest,"What a dress! the print, the feel of the fabric, and the overall fit of this dress, it definitely has the wow factor! i plan on wearing this dress to the kentucky oaks this year. i typically wear a 6 and sometimes a 4 in retailer dresses. i'm 5'6'' 130 lbs 32dd and took a 6 in this. i could probably even try the 8. it fit a bit tight in the bodice for me but i'm not sure if it warranted a size up. it is pricey but i see this being a closet staple and one of my favorite maxi's yet.",5,1,4,General,Dresses,Dresses
18427,876,28,Gorgeous top! perfect for summer!,"Absolutely love this top! i've been on the lookout for a cute cotton top, something that'd be ideal for summertime. this beautiful piece doesn't disappoint. the color pairing - white cotton base and lovely red thread embroidery - looks stunning. not the mention the unique back detailing makes it a must-have. highly recommend.",5,1,1,General,Tops,Knits
13672,1008,33,Very clingy,"This skirt is much more vivid in person, which i like. the fit though was off for me. i ordered my usual size medium. i wear a 6 or 8 in bottoms. the medium was fitted!! you could see every curve. definitely not comfortable with that! i would probably have a better fit with a size up, however, i am not a fan of the gray lining that you can see on the inner back portion of skirt... so i think i will pass on this one.",5,1,0,General,Bottoms,Skirts
9628,872,30,Beautiful but falls apart,"This top is absolutely gorgeous, but i followed the care tag to a t and it completely fell apart in the wash. will be returning.",2,0,6,General,Tops,Knits
19081,850,28,Beautiful blouse!,I found this while shopping at my local retailer and loved it. i was able to size down from my normal 10 to a 6. i got the warm white and it's lovely - couldn't wait to wear it. the detail is so pretty and love the buttons and 3/4 length sleeves - i am thrilled! i couldn't be happier!,5,1,0,General,Tops,Blouses
8691,1096,40,Gorgeous feminine dress,"This dress is to die for. it's exactly as pictured, beautiful quality and extremely flattering. all the lace and lining make it a slightly heavier dress - i can imagine it getting really warm after a while in the summer sun. but it would absolutely be worth the bit of sweat to wear this gorgeous dress.",5,1,3,General,Dresses,Dresses
9322,999,29,,This is a great summer skirt that is good for work or casual wear. the fabric is soft and the colors go with most anything. one downside is it wrinkles easily.,5,1,2,General,Bottoms,Skirts
10198,1076,22,,"This dress looks like it could be cute on but when you put it on its just blah. i saw someone else trying it on in the fitting room and she felt the same. not cute, not flattering, the model photo is deceiving. would not recommend, although it looks airy and comfy.",1,0,0,General,Dresses,Dresses
1902,1066,52,Love these pants!,"These are the most comfortable, happening pants i have ever owned! they are extremely flattering and slimming at the waist. i am a size 4 and bought the 4, and they fit perfectly. they are a bit long, but after washing and drying on low, mine shrunk enough that i can wear them with flats or flip flops, and not just heels. my 2 teenage daughters have complimented me on them saying how ""modern"" they look. i bought them in navy and just ordered the grey yesterday. i might go into my local store and",5,1,1,General Petite,Bottoms,Pants
11848,872,39,Another great top,"Tried this on to see if the size works in regular size, and i love the fir, it si very feminine and flattering. i will have to go back for it. both apttenrs are really nice, and it also comes in balck in my store.

neckline is super flattering.",5,1,3,General Petite,Tops,Knits
12023,831,57,In love with nala!,"I paired this gorgeous top with a black v-neck cardigan, mother lookers and black booties and felt and looked so totally feminine and amazing...i honestly lost count of the compliments that i received!!  beading is sewn on tightly, and the stitching on the embroidery has no loose ends.  i am 5'3""/108 and took the regular size small.  highly recommend!!",5,1,0,General Petite,Tops,Blouses
16519,927,57,Great up-to-date style!,This is a great up-to-date twist on a must-have staple - a black (or grey) cardigan. easy flowing and flattering style and warm enough for fall weather.,5,1,1,General,Tops,Sweaters
22552,861,84,Awesome!,"I saw this t on sale and ordered it. i had second thoughts, thinking it would be just like a lot of ts i already have. well, i got it today and am thrilled. the fabric is so soft, a sumptuous softness that makes me feel good. the fit is the fit we all want in a great t, nice fit, not too baggy, not too tight, and it is so flattering. it doesn't show off my tummy as so many other ts do. i can wear this with jeans or a skirt. so glad i got it!",5,1,0,General,Tops,Knits
18508,936,30,,"This sweater is absolutely gorgeous. the design and structure might make your shoulders look a little bigger, but i absolutely love it. it has a little boxy shape but i feel like it goes with te style. love it! get tons of compliments every time i wear it.",5,1,0,General,Tops,Sweaters
4390,1081,43,Nice and comfortable,"This is a great dress. i purchased the red and gold motif. i like that it is versatile and very comfortable. plus, it has pockets!!! love that! i am fuller in the bottom, so i was concerned with the pockets adding bulk. so far, so good.",5,1,0,General Petite,Dresses,Dresses
13980,1098,61,,"This dress is beautifully made, but it does not flair slightly as in the photo, it stick out like a tent. it might be a good maternity dress. the fabric is somewhat stiff andheavy with a slight texture.",1,0,0,General,Dresses,Dresses
14609,850,40,,Beautiful top!  had trouble with the buttons but i just slipped it over my head to avoid trying to get the buttons loose.  it will look great with dark jeans and mules!,5,1,0,General Petite,Tops,Blouses
14700,1072,49,Luisa swing dress,Love this dress! the color is gorgeous! what you don't see until you see the dress in person is the beautiful detail of the stitched flowers on the dress. i received so many compliments when i wore this dress. the sleeves are sheer and the material light weight. you can wear this dress year round. i love these kind of dresses! retailer knows how to do this right! love this store!,5,1,0,General,Dresses,Dresses
15893,825,43,Super cute,"I bought this tunic is blue. it is now one of my favorite tops to wear with skinny jeans or even leggings. i have always love rayon. this top did not disappoint me. it feels very soft and silky which makes it perfect for warmer days. for reference i am 5""1' 125 lbs, the xs p fits me just like the model...lose and not too long. i love it so much that i am considering another in different color.",5,1,1,General Petite,Tops,Blouses
7207,1099,29,Sleeves are inaccurate,"I originally bought this dress in the store. however, it ended being a size too big. so, i reordered the smaller size online (although it was backordered for a month). when it arrived, i noticed the sleeves were not cinched (like they are in the picture as well as the original dress i had purchased in-store). i thought maybe it had been a fluke so i returned the dress and reordered it again because it is a great dress. the second one just arrived and the sleeves are not cinched as well. this may",2,0,4,General,Dresses,Dresses
10806,907,53,,"This is a soft, light sweater that will take you through fall. i got the raspberry, which seems more like a cinnamon color to me. the design is really cute with the fabric inset in the back. i got three of these in different colors so obviously i really like them for layering and can recommend them! it seems tts. i am 5'5"" and 140 lbs. medium is perfect.",5,1,1,General,Tops,Fine gauge
1,1080,34,,"Love this dress!  it's sooo pretty.  i happened to find it in a store, and i'm glad i did bc i never would have ordered it online bc it's petite.  i bought a petite and am 5'8"".  i love the length on me- hits just a little below the knee.  would definitely be a true midi on someone who is truly petite.",5,1,4,General,Dresses,Dresses
14131,180,47,,Stylish and super comfy. even though it's a relaxed oversize fit it is still very flattering and pretty. i dressed it up with cool jeans and my fave free suede boots. my only complaint is that it is not available in more colors. pretty please make more color variations : ),5,1,0,Initmates,Intimate,Sleep
5632,705,36,Very comfortable with super pretty embroidery!,"Love this romper! very impressed that even though the material is ivory colour, it's not sheer and undergarments won't show through. a forgiving fit for everyone",5,1,3,General,Bottoms,Shorts
5551,861,24,Casual striped v-neck t-shirt,"This t-shirt is very casual, so it is perfect for everyday use. 
touch of textile is comfortable, so i feel relaxed whenever wearing this t-shirt. 
although stripe is a simple design, it does not limit your choise of fashion, so it can go with almost anything. 
just be aware that this t-shirt runs a little larger than the true size.",5,1,0,General,Tops,Knits
12767,876,35,"Too boxy, sizing down - not good!","I read the other review that said the shirt was boxy, i didn't think it would be a terribly big deal. unfortunately, it is. normally i wear a size s, so i sized down o an xs. the shirt fits in the sleeves and neckline, but the shirt is still very box and now super short. unfortunately, this is going back. not a good fit. adorable details but the fit is terrible.",1,0,6,General,Tops,Knits
8884,867,36,"Really, really horrible, try again, retailer!","I had such high hopes for this top! the colors! the peplum! the ruffles! the price point! the fit was terrible, unflattering, and laughable! please try again with this one, retailer. you could have a real winner with a little tweaking!",1,0,0,General,Tops,Knits
4587,829,50,,"The sales girl added this to my room, it's so darling and it came home with me.",5,1,1,General Petite,Tops,Blouses
22047,1089,44,Beautiful little dress!,"Like the other reviewer said, the print is more beautiful in person. i am usually a small in meadow rue, and this fits well in a small. my only issue is that the lining hangs out from the bottom, and hangs out unevenly! hopefully i can exchange it or get it sewed up evenly.",5,1,2,General,Dresses,Dresses
3585,903,50,Cute and simple,"Although seemingly simple, this hooded sweater top is actually versatile. wear with jeans or leggings, even a skirt. wear over a cami, tank or even sleeved top. i do like the delicate nature of this piece and it does appear to be made well enough to be durable. would recommend.",5,1,0,General,Tops,Fine gauge
5672,993,75,"Awesome, fun skirt","This skirt has a unique, fun pattern and a fit that is absolutely perfect. just figure flattering without being too tight or revealing. can't wait to wear it for a holiday dinner.",5,1,1,General Petite,Bottoms,Skirts
20387,975,57,Clown jacket.,"1. this looks so cute on the model, doesn't it? i have no idea where you wear a suit with hot pants, but it looks cute.

2. that said, keep in mind the model is probably 6 feet 10 inches tall. i'm 5 feet 6 inches tall, and this jacket came down to my knees. i'm not kidding. the 3/4 length sleeves were at my wrist, so more like 7/8 sleeves.

3. i'm normally a size 12 in cartonnier jackets, but this only comes s, m or l. the medium is really a size 10, which was too tight across the shoulders and",1,0,17,General Petite,Jackets,Jackets
10505,1080,42,Feminine dress,I love this dress! the colors are so pretty and the fit is very flattering.,5,1,0,General Petite,Dresses,Dresses
2600,975,48,Amazing jacket!,"Don't be put off by the sparkle! this jacket is amazing. lovely detail with the print on print with the sequined patches. i love this retailer in house brand, elevenses. i take a medium in this brand( 8/10) and the medium fits full with room like a bomber style would offer. i had tried a small in my local store and it was not a small -small so if you want a tighter fit then go for a small. but i like thinks to have a more fluid feel. i have a 34 dd chest as reference. i plan to wear this in spring",5,1,3,General,Jackets,Jackets
5262,1033,56,,,5,1,0,General,Bottoms,Jeans
13155,1037,38,Gorgeous and stylish,"These corduroys are perfect! the flare is just enough to be current without seeming overly trendy or costumey. they make my legs look super long and look great with a professional top, or my favorite, with a drapery tshirt half tucked.
they are pretty long. i'm 5'5 with pretty long legs and i could use a 1"" hem, which shouldn't affect the style much. until then i'm wearing them with a 1.5 inch platform and they're perfect. highly recommend! if they still had my size in other colors in stock i wo",5,1,0,General,Bottoms,Jeans
5248,896,41,,Thank goodness they had a special discount because i love this sweater. it is not normal for me to splurge but there was something about this sweater and it didn't disappoint. too cute. a great top to wear to a concert or a relaxed party. i love it.,5,1,0,General,Tops,Fine gauge
7437,1076,51,Beautiful and slimming!,"I was pleasantly surprised by how well this dress skims over the body. definitely needs the belt that comes with the dress to add some shape. the color is gorgeous, great print and very light fabric - perfect for summer.",5,1,3,General,Dresses,Dresses
4387,1081,39,A thousand compliments,"I got this in the floral print before it sold out, and i have never received so many compliments on a dress! it hangs so nicely and is so flattering. the neckline doesn't bother me at all (i know some reviewers mentioned that), but i am a very small busted woman so maybe it has something to do with that? i find it super comfortable, like wearing a nightgown. i am so in love with this dress i just ordered it again in black. it will be a summer staple. i found it runs true to size (i'm 5'3"", 115 p",5,1,1,General Petite,Dresses,Dresses
4480,1095,62,Surprising gem!,"I wasn't expecting much out of this when i was in the store, but liked the colors and thought i'd try it out. grabbed a s and xs (i'm usually a s in everything but maeve is weird sometimes) - the s fit perfectly (tts), and the xs felt tight in the shoulder seam as well as in the armpit. it does have a detachable slip/liner that may be too fitted for some of you are prone to that issue. in the model shot i think the horizontal seam at the swing portion looks higher than it was on me...falling low",5,1,7,General Petite,Dresses,Dresses
23190,1094,27,Cute go to dress,Super easy date or work dress. it's a little small in the bust so i had to size up but otherwise a great fit.,5,1,1,General,Dresses,Dresses
8287,867,55,Feminine and flattering,"Love this blouse. i usually wear a small and had to exchange it for an xs, which fits perfectly. not form fitting but flattering; washes beautifully, too. i highly recommend this blouse.",5,1,3,General Petite,Tops,Knits
13112,1078,49,Love it,I'm not a big fan of rompers but love this one. it is very flattering and comfortable. i love that you can dress it up with some heels and accessorizes or more casual with flats.,5,1,0,General,Dresses,Dresses
6597,895,33,Sophisticated yet simple,"This cardigan can be dressed up with leggings and booties or dressed down with jeans and chucks. i love the fit of the small (5''3"" and small/medium build). would highly recommend for a dinner out or lounging around at home.",5,1,0,General Petite,Tops,Fine gauge
5045,875,32,,"This top is cute, light and summery. ordered a small...is a little short/boxy but otherwise fits true to size. great summer/warm weather top!",5,1,0,General,Tops,Knits
4416,1078,34,,This dress is great! i purchased the navy colorway. it is really soft and the fabric flows nicely. i was lucky enough to snag this on sale so i couldn't beat the price. i like the buttons on the sleeves. it adds just a cute special touch. i'm 5'3 and this hits me right at the knee.,5,1,0,General Petite,Dresses,Dresses
22577,921,52,Huge,"I am 5'4"" 120lbs, got xs. it was huge on me. had to return it. very trendy, great quality, unfortunate design. not worth the money.",2,0,9,General,Tops,Sweaters
19447,834,40,Lovely top,"This top is lovely and flowy! it fits true to size, and the lace detail at the neck is perfect to make this top stand out. i felt like it was a little sheer, but it wasn't problematic enough for me to take away a star :-)",5,1,0,General Petite,Tops,Blouses
17710,240,33,So flattering!,"I've been stalking this suit online for months and i saw it in store yesterday. i never knew what size to order because of the australian sizing. i went with my pants size (8) and it looks great. i carry my weight in my butt and thighs and the boy legs are flattering! i found the size up (10) was loose in the bust for me. go for it, it's the cutest suit ever.",5,1,3,Initmates,Intimate,Swim
13126,1094,26,,"I love this dress. i've received compliments from everyone. it's long enough to feel appropriate for work or teaching in sunday school - and, it's beautiful!",5,1,0,General,Dresses,Dresses
4589,1078,42,,,5,1,0,General Petite,Dresses,Dresses
3567,869,38,Vanity sized,"Lovely top, well made and feels wonderful on. attention petites - i highly suggest you go for petite sizing because the standard xs is ginormous and looked nothing like it does on the model pictured.",5,1,3,General Petite,Tops,Knits
22590,862,37,Fun and unique,"I knew i had to have this as soon as i saw it pop up in the tops section. it's effortless. love the quirky design and the overall fit. it's a tad on the large side, but i'm all about the flow these days. oh, and the poms at the bottom about sent me over the edge. fantastic piece.",5,1,1,General,Tops,Knits
14368,1086,20,Simple and cute dress,I found this in the returned section of the store in a large. i am normally a m but the fit would have been too small in the shoulders. it is very light weight and the color is much lighter in person which means it will go right into spring!,5,1,0,General,Dresses,Dresses
10350,1033,41,,"I love these jeans. at first, i was unsure of what shoes to wear with the length of the crop. i don't wear block high heels ( as pictured) everyday chasing after my boys. but once i figured out which shoes looked cute i was in heaven. the fit is very flattering and it will be a great jean for everyday fun!",5,1,0,General,Bottoms,Jeans
21562,1051,42,"True red, true beauty.","These pants are gorgeous--the fabric has a satiny stretch that simply feels decadent on. i tried on the size 0 and 2 and though they both fit, the size 2 was more flattering (i'm 5' 8"" 120lbs). compared to cartonnier's capris (which i love and wear a size 4 in), the fabric and construction on these is superior. and the color is knockout red.",5,1,0,General,Bottoms,Pants
16473,836,33,Pretty but weird fit,"I initially liked the feel and quality of the top but once it was on it was much shorter and looser than the picture of the model. it flowed out from my chest with one central pleat in the front and my husband said it made me look pregnant. then came the tedious task of taking it off with such a snug fit in the shoulders. i'm regularly a size 2/xs, 32d and 120 lbs and both size 2 and 4 did not work for me.",2,0,0,General,Tops,Blouses
14982,895,53,Never met a turtleneck i didn't like...,"This is no exception to the rule! i love turtlenecks and this one is going to be a favorite. do know that this is not lightweight-even though this is sleeveless it is definitely a substantial knit. the color is a beautiful nutmeg and can be dressed up or down. i purchased a gorgeous neutral beaded necklace to go with it and it is simply stunning! it does 'bell out' a little at the bottom which, in my opinion-is the only design flaw. i normally wear a medium in most retailer tops and the small is a",5,1,0,General Petite,Tops,Fine gauge
16393,1086,27,Love it!,"I saw this dress on the girl working the fitting room at my local store. she had it knotted in the front with some cute cognac sandals. i immediately fell in love! i tried on the xs, my normal size, and it fit like a dream. so comfortable!! it was a little pricey so i held off but couldn't stop thinking about it. i went back the next day, caved & purchased. it's one of my favorite dresses for summer now. i love this brand so i wasn't surprised!",5,1,4,General,Dresses,Dresses
21664,1059,48,Great pants,"Love the color pattern, tiny gold buttons, flattering fit, quality of fabric and make.  i got size 4 petite, which fits perfectly. my husband said they looked really good on me and were keepers! i'm 5'2"", 115#.  highly recommend .",5,1,0,General,Bottoms,Pants
973,1033,47,Finally jeans for curves!,I've been a fan of the pilcro chinos for years but the jeans have not been the right fit for me - usually wind up too big in the waist to accommodate the hips. well the em is aptly named as they are made to fit a girl! ! i usually wear a 29 and the 29 fit comfortably and i could probably even go down a size. thank you retailer - please make more in this style!,5,1,1,General Petite,Bottoms,Jeans
20761,1037,63,Super sexy,Love these pants. they look great with a pair of mid calf boots and a loose t-shirt. i usually wear a size 26 or 27 but went with a 27 on these. they are very flattering and edgy. love them!,5,1,0,General Petite,Bottoms,Jeans
11294,829,33,"Adorable, comfortable tunic","I am petite, 5'2, and i ordered the xxsp, i think it is so adorable on and looks great with skinny/slim pants or leggings. i do not think it runs that large, it is suppose to be loose and flowy and it looks on me exactly how it looks on the model. i got the gray print and it is quite pretty.",5,1,1,General,Tops,Blouses
9860,1078,45,"Cute, comfy romper!","Love this romper! once on, feels comfy like pjs but looks put together. i find bending forward at the waist helps to get it off and on. tiny complaint is that the top snap shows, even when closed. that is minor. the rest is all good.",5,1,0,General,Dresses,Dresses
9291,820,44,Pretty and feminine,"I saw the neutral motif in the ""there's only one left"" hanger in the store and tried it on. it's very pretty, cute and sweet. i wish the bottom flares out a bit more like a baby-doll look, but that's just my preference. i tried on size 2 and it's a bit tight in the chest area (i'm 5'2"", 34b, 26 waist, 36 hips), so i think size 4 would fit very well. despite the pretty flower design, in my personal opinion, i think the price does not justify a pretty basic tank top and fabric.",5,1,13,General,Tops,Blouses
20163,862,37,Runs large...until you wash it,"I bought 3 shirts in gold, black and red. they arrived larger than expected. after the first wash and air dry they shrunk. i would have been thrilled but they shrunk to be shorter while staying too wide. also my black shirt faded a lot with one wash.",2,0,0,General,Tops,Knits
21207,873,54,Comfy and pretty,"I love this top! it is modest enough for work, but fun enough for weekends. soft, comfortable, and lovely pink color. i want it in every color! (it seems to only come in two colors, though.)
soft flowy fabric, is lined with a soft inner fabric as well. super flattering for any body type!",5,1,0,General Petite,Tops,Knits
20397,1059,34,Pretty and unique,"Always get compliments when i wear these pants (my mom has the exact same pants and loves them too). they are great for work and transitioning to go out after. i like my pants tight, but these run a little small.",5,1,0,General,Bottoms,Pants
4769,1080,47,Beautiful dress!,"This dress is so much prettier in person - the pattern is unique, adorable and not over-powering. i'm an xxs petite and i can wear the dress with flats. (5ft) i think this is versatile enough to wear to work, party or a casual wedding. the fit is perfect - hugs at the correct spots. the fabric feels really soft and silky and feels a bit heavy which allows it to drape nicely. overall - i love it.",5,1,2,General,Dresses,Dresses
13373,1072,35,"Great dress, poor stitching","After the second wash, the stitching in the armpits completely fell apart. after sewing it back up, wearing it, and washing it a third time, the stitching in the other armpit completely fell apart as well. not sure if this was just a fluke, but it was very disappointing. now that both armpits are sewn and all other stitches are intact, i must say that this is a great dress. i would have returned the dress to retailer, but i've already washed and worn it, so again...very disappointing. i would say",2,1,2,General,Dresses,Dresses
20971,895,38,,"This cardigan is so much more beautiful in person. i thought it would be very lightweight, but it has a nice weight to it. this will go with absolutely everything and looks lovely on!",5,1,9,General Petite,Tops,Fine gauge
14664,1070,22,Amazing!!,These leggings are perfect!! i normally struggle to find pants that are comfortable and flattering but these are exactly what i've been looking for. they are so versatile - they can be worn for a lazy day in or a night on the town. a new staple in my wardrobe!,5,1,1,General Petite,Bottoms,Pants
18998,820,66,Veille peasant top,"I was able to get this on sale. when it arrived, it was missing half of the rhinestones. i am very surprised that this top would be sent out this way. it also was missing the little bag with extra stones. i'm reaching out and wondering if anyone else has experienced this and is there a store that sells rhinestones like the one on the blouse? any help from anyone would be appreciated. i hate to part with this, but where was quality control?",1,0,0,General,Tops,Blouses
14704,927,54,Disappointing ...,This whole order was disappointing. the main piece i ordered was cancelled and the two remaining items - this sweater included were poorly made. there was a snag/thread hanging out in the middle of the front of the sweater - tried to tuck it in but it wouldn't stay so i'll be returning it.,2,0,2,General Petite,Tops,Sweaters
10732,1066,64,A formal yoga pant,"The other reviews seemed promising and so i ordered these in a 10 petite. i am 5'4"" and the length was still long and would either need to be worn with a heel or altered. the length was not what made me send them back though. the quality is very very nice and the fabric thick, stretchy and well made. however, the body hugging fit and flare make these look exactly like a yoga pant but made from nice material. if i were a bit more confident to wear these outside of the gym then they would be great",2,0,0,General,Bottoms,Pants
17205,831,24,Awful,"I have never written a review before, and i love retailer and shop here often. however, i am so unhappy with this shirt i wanted to share to save someone else money. it is such poor quality, it looks thick and flows in the photo, it is very thin and it itches so bad, i could hardly even stand to try it on when it came in the mail. i will deff be taking it back, and do not recommend it at all.",1,0,5,General,Tops,Blouses
17289,868,32,"Runs large, too much fabric","I thought this top would be a little more form fitting than it is. there is so much extra fabric near the bottom it is almost like a swing style top. the fabric will most definitely snag, as it is not a linen or cotton top material but rather a silky type and also very thin - not very good quality. i got the smallest size possible and it was absolutely huge, everywhere but the neck.",2,0,9,General,Tops,Knits
12,1095,53,Perfect!!!,"More and more i find myself reliant on the reviews written by savvy shoppers before me and for the most past, they are right on in their estimation of the product. in the case of this dress-if it had not been for the reveiws-i doubt i would have even tried this. the dress is beautifully made, lined and reminiscent of the old retailer quality. it is lined in the solid periwinkle-colored fabric that matches the outer fabric print. tts and very form-fitting. falls just above the knee and does not rid",5,1,2,General Petite,Dresses,Dresses
13120,936,47,Perfect sweater for chilly weather,Absolutely love this cardi! it's perfect with nice jeans and boots or my black pants. i am nearly 6' tall and a medium is plenty long in the sleeve and overall length. it adds warmth but it's breathable so it doesn't give you the super hot effect when going inside. they only reason i gave a 4 in quality is that it is loosely stitched so you can get caught on things :) otherwise it is a great addition to my closet!,5,1,0,General Petite,Tops,Sweaters
6339,993,52,Lovelier in person!,"I'd been eyeing this skirt on the website, and was pleasantly surprised to find one hanging on the sale rack in a local store. i couldn't leave it behind. the silver embroidery and the lovely, flowinng weight of the tulle layers make this a beautiful skirt. i'm just over 5"" 4"" and it skims the floor on me with a 2"" heel. can't wait to wear it!",5,1,0,General Petite,Bottoms,Skirts
20865,166,38,Best tee ever,"It drapes perfect and washes well. i own all the colors, they do not disappoint. i'm a medium.",5,1,0,Initmates,Intimate,Layering
19617,479,56,"Super cute, stylish, versatile shorts!","Around 5 years ago, i bought 4 pairs of ""daughters of the liberation"" brand (very similar style) shorts at retailer, and have been repairing any and all frayed fabric in the first two pair, in a lighter material than the second two pair, ever since, in order to preserve my #1 favorite shorts. thank goodness pilcro - another longtime fave brand of pants available at retailer - came through this year with these very similar, but perhaps even nicer, shorts. i bought the yellow striped pai",5,1,4,General,Bottoms,Shorts
18353,1150,47,,"Love this dress, it's comfortable
and it can be worn casualties or formally.",5,1,0,General,Dresses,Dresses
21757,1110,47,Very flattering,This is my new favorite dress. it's a lovely fall mustard shade. the design really accentuates the waistline. i would buy the other colors in a heartbeat. on my petite frame the dress hits just above my knees.,5,1,0,General Petite,Dresses,Dresses
703,1137,49,Simple luxury,"I found this at my local store and ended up buying both colors. the fabric is thicker than a t-shirt. these will go with so many things....jeans to dressy skirts. i normally wear a small but ended up buying the medium (2). the small fit me but was a little too short (for reference i am 5'8""). these will be a staple in my wardrobe all year round. love!",5,1,7,General,Trend,Trend
13442,867,57,Pretty details,Bought the green t shirt.  very pretty subtle floral detail near the shoulders.  love scalloped neck design.  this t is more sheer than the average t so i'll be layering it over a tank.  fit is true to size.,5,1,1,General,Tops,Knits
5662,828,53,Elegant and casual at the same time,"This shirt can look very elegant thanks to the nice duffs and hidden button line. the material is pleasantly substancial and very soft. the only thing i did not like is that the bottom button broke it two pieces the tirst tme i buttoned it. no spare buttons included, but as the buttons are not visible i think i can find a similar one to replace it. not big enough of an issue to return,",5,1,0,General,Tops,Blouses
12635,28,29,Please make in more florals and patterns!,"This suit is perfect in every way! (the leg opening could be a little bigger for the size) i would be a small if the leg openings were a bit bigger.

please please offer another suit before december 2015 so i can buy for our cruise!!!",5,1,0,Initmates,Intimate,Swim
19950,873,46,,,5,1,0,General,Tops,Knits
6104,1059,27,So so comfortable !,This is a super cute jumpsuit that is also super comfortable. the only thing i wish was different on this jumpsuit is that the pants would go all the way to the ground. but it is still super cute and a keeper !,5,1,0,General,Bottoms,Pants
22914,895,66,Beautiful design,"Wore this & got many compliments. true to size, elegant.",5,1,0,General Petite,Tops,Fine gauge
6163,984,52,Soft and versatile,"I purchased a size small. i usually always buy a petite. but this fit me just fine since it is a vest. the length in the back didn't fall too long. it runs true to size. it's soft and i wear it with long dresses, rompers, short dresses, skirts. it's a nice tapered vest. i'm 34d and it's fine.",5,1,0,General Petite,Jackets,Jackets
10626,1060,53,Finally--pants for real women!,"These are the best trousers i have bought in a long time! i'm 5'8 and 145 pounds and the 8 fit with a bit of extra room in the waist--not enough to size down. i love that they are not ""skinny""--so over the skinny fit. i plan to wear these with black heels, white tee, and the vegan black leather jacket i purchased at the same time--oh, and a statement necklace--always a statement necklace. these are a must for every fall wardrobe! more pants like these, please!",5,1,3,General Petite,Bottoms,Pants
9521,895,39,,I bought the lavender one and i'm so glad i did. the sweater looks prettier in person and it's super soft! the back detailing makes this one not your average v-neck sweater. i highly recommend this to anyone!,5,1,6,General,Tops,Fine gauge
4888,826,41,Absolutely beautiful,Got the green one,5,1,0,General Petite,Tops,Blouses
4163,144,52,My go to tights for another season,"I have worn these exclusively for the past couple of years. they fit great (tts), stay put, and wear very well. these are well worth the price.",5,1,1,Initmates,Intimate,Legwear
290,984,36,Perfect,The cut is brilliant-the wash is subtle-the weight of the denim is sturdy but not stuff-and the stretch is just right. love it. the perfect staple. a scarf in the fall and rolled sleeves in the spring.,5,1,2,General Petite,Jackets,Jackets
22077,1084,45,Yes!,"Oh my goodness, i paid full price for this dress because i loved it so much. i styled it with a cream lace poncho , also from retailer, and it is gorgeous. at the sale price, you can't lose.",5,1,0,General,Dresses,Dresses
2048,1092,43,Dream dress,"I'm 5'6 and between 100-105lbs. buying clothes from retailer is always a stuggle because i have a petite frame but i don't fall into the petite height range. i usually order a petite size and just deal with the shorter length, which is hard when you're all limbs. i purchased a 0r and i'm in love with the fit! the top of the dress fits under my arms perfectly! the waist of the dress also hits nicely. usually the waist of regular sized dresses falls below my natural waistline due to my short",5,1,0,General Petite,Dresses,Dresses
3919,460,38,Gto for a summer night out,"This romper is my new go to outfit for a summer night out. the material is light weight, not flimsy. you could dress up or down. the bottoms are the perfect length. i'm a bit short-waisted, 5'7"",125lbs and the small fit.",5,1,0,General,Bottoms,Shorts
6066,828,41,Perfect for fall!,Super soft flannel material. the colors are beautiful and perfect for fall! it's doesn't ride up the shoulders but stays in place off-the-shoulder style. i love it!,5,1,0,General,Tops,Blouses
13915,996,52,,,5,1,0,General,Bottoms,Skirts
7924,866,42,Swingy and cute but too wide,I ordered a size small (usually i am ps) but wanted the extra length. usually i can get away with a regular small but not this time. such a cute style but made me look short & wide. unfortunately it's going back,2,0,0,General Petite,Tops,Knits
5257,1033,50,,,5,1,0,General,Bottoms,Jeans
20484,870,56,Runs small,"I loved this top when i first saw it. i tried on my usual size l, and there is no stretch through the bust, so it totally flattened my chest. a few weeks ago i noticed there were some xl's that must have been returned. i tried them on and they fit perfectly! i suggest sizing up if you have a chest, this is a very flattering top and it looks great paired with scarves as a wrap, skinny jeans and boots.",5,1,1,General,Tops,Knits
10156,820,52,Fall boho,"As other reviewers have said ~ the colors are more muted but good fall colors! quality top with lining and bead detail on hem and sleeves. flowy, loose fit ~ very cute with skinny jeans and booties. i would size down if you are small chested. great boho top.",5,1,1,General Petite,Tops,Blouses
19643,836,34,,"Gorgeous top/tunic. runs true to size. i paired it with jeans, but i love the look of the white pants in the picture. beautiful and flows nicely.",5,1,1,General,Tops,Blouses
12060,1059,41,Perfect!,"I don't have anything but raves here.  this is a perfectly proportioned jumpsuit of high quality fabric in a neutral color (which is like a denim looking blue color with a beige starburst pattern, much, much nicer in person than in the product photo and has a really neat slightly nubby texture that adds interest).  it's easy to get in and out of.  the back of the waistband is elastic and stretches, so the only thing you have to do is tie the back, which is really easy.  the top (as someone menti",5,1,4,General Petite,Bottoms,Pants
397,1035,32,Loving these jeans!,"Great fit! no bagging and sagging and they fit true to size. very cute! for reference, i&#39;m 5&#39;2, 115 lbs and take a 26p. they look just like they do on the model. i highly recommend!",5,1,0,General,Bottoms,Jeans
21507,1022,51,Love these jeans!,"They have some stretch, so if you are between sizes, order down. they are very long, which for me is a good thing!",5,1,1,General,Bottoms,Jeans
12083,1055,74,Love it,Thee are beautiful pants. so soft to the touch. true to color. ca.t wait to wear them in the fall.,5,1,0,General,Bottoms,Pants
21467,861,60,The perfect tee!,"Love the fit, feel and colors of this tee. looks great with white jeans, blue jeans and is so springy. longer in length than most tees which is a plus for me. may run a tad small since i am usually an xs in most tops but i bought a s and love the fit.",5,1,8,General,Tops,Knits
3607,881,47,,"This ia a great casual top...the design flaws mentioned in previous reviews are what gives it a trendier look...the length is perfect but i needed to size down from a large to medium because the fit was a bit loose on the body and arm...would like to add that while it is good quality it's still somewhat overpriced for a t -shirt material top, lace accent..",5,1,0,General,Tops,Knits
10694,1083,25,This dress makes me look 20 years younger,"I disagree with reviewers who said the dress looked cheap, cavernous or stiff. quite the opposite. i wore this to my 32nd anniversary dinner, and two women stopped me to say i was stunning. i am an average medium hourglass. the dress arrived in 2 weeks and was true to size. i wore a nude lace strapless bra underneath. the hem reaches the bottom of my kneecaps. the lace sleeves were not tight on my fleshy arms. the neckline lays flat. the dress zips in back, and the silver hooks in front are most",5,1,2,General,Dresses,Dresses
2783,864,36,Pretty and classic,"This blouse is pretty and drapes wonderfully. i don't think it's too wide at all. it's soft and comfortable. it's stretchy, yet with quality fabric that should keep its shape. definitely a classic piece. the sale price makes the cost more appropriate. the white is a little transparent, but with a tank, it's not a problem. the black is beautiful. i'm having a hard time choosing between them. i love the cut and sleeve details. it wouldn't have looked right with less fabric. it's needed for the sty",5,1,0,General Petite,Tops,Knits
20955,860,40,Gorgeous top!,Wearing this today! it fits true is size & is machine washable. the slits make it unique. don't hesitate to purchase this one.,5,1,0,General,Tops,Knits
8296,862,46,"A good idea, but...","I really love the idea behind this. however, the fit doesn't work for me. i'm usually a s or xs in retailer tops, and i often go with xs for sleeveless tops. this one runs small though - the xs was a bit too small on me based on length and width. the neckline was very high (higher than it looks in the model photo) and the armholes were too big. so i don't think sizing up would improve matters much due to the armhole issue. the other criticism is that the front is not lined.",2,0,2,General,Tops,Knits
3202,862,45,Oops forgot to dry clean,"So i love this top. i got it in black and red. both are amazing and go with about anything. they run a bit large. i sort of forgot to read the label and thought it was just a cotton turtleneck. i threw it in the washer on regular settings and cold water and hung it to dry. i would say it shrunk 10% at most. beyond that, no difference. in fact, it fits better after it shrank since it was a bit big. obviously, if you do not dry clean this, you are going against manufacturer recommendations, but i",5,1,0,General Petite,Tops,Knits
5061,875,32,Lovely,"When i first saw this too online i thought it was beautiful. i was right. when jt came in the mail, i really loved how the embroidery was intricate and detailed. the colors also popped making it a great shirt for spring, summer, or early fall.",5,1,0,General,Tops,Knits
23389,834,47,"Color is off, middle too wide.","I so wanted to love this top. i ordered the ""blue"", which is blue and orange. i thought the orange would be brighter, it is not. it is a dull color. also, i'm usually a medium, this top fits fine on my shoulders/bust 34c, but it was huge around the waist, making me look a lot larger. if this top were a bit smaller around the waist, i would keep it, but it is going back.",2,0,5,General Petite,Tops,Blouses
7757,824,41,Love the twist bottom,"Got this top in the blue/orange plaid. its super cute and i love the style much better than your typical straight button down plans shirt.
i highly recommend it!",5,1,0,General Petite,Tops,Blouses
10543,833,45,"Gorgeous top, with the right bra (or lack thereof)","This top is so pretty, even better in person. it's made really well and i love that it's washable. i did have some initial reservations with the fit. i'm petite and small chested so i typically like to wear a bra to get a bit of extra 'help'. but with the way this top is cut, swingy and slightly bell shaped, i found that wearing a bra, even one with light foam cups (not even pushup), was making the shape of the top look really weird. once i took off the bra, the top actually looked great. i got",5,1,0,General,Tops,Blouses
2695,282,34,Love pilcro!,"First let me say that i've recently fallen in love with the pilcro brand. i love the pilcro hyphen chinos and needed some new shorts for the summer. i have extremely muscular legs and have a hard time finding shorts that look good. i was hesitant to try these on because they said the inseam is 4"" but one other reviewer pointed out that they are a good mid-length if you unroll them, so i just went to try them on at the store, and what do you know? they are exactly that! unrolled, they come about",5,1,0,General,Bottoms,Shorts
1201,1060,53,,,5,1,0,General Petite,Bottoms,Pants
22756,1068,45,Wow,"Love love this! i was hesitant to buy this at first - the reviews made it seem so big and i wasn't sure if it was my kind of outfit. but i wanted to try a jumpsuit and this was the perfect find! the xs was a typical retailer size for me, so the size was good in this, too. the color is fabulous and the fit is great. the rise is slightly short, but not a problem. i can't wait to where it for my next great event. i wish i could buy it in the black, too.",5,1,0,General Petite,Bottoms,Pants
6518,1033,35,Nope!,I ordered these a size up because i'd just had a baby and knew i needed a bigger size. my pre-pre baby size (chubby phase) were size 8/29. these fit like a size 4. way too small. very disappointed!,2,0,0,General,Bottoms,Jeans
448,872,51,Vibrant red color,I got this shirt in red and black. both colors vibrant and material of shirt is nice cotton blend. will get lots of use from both shirts.,5,1,1,General,Tops,Knits
22633,886,47,Cute!,Got this today and highly recommend it! it fits perfectly and is very flattering! i can see wearing this all wear round! perfect date shirt!,5,1,0,General Petite,Tops,Knits
18844,99,44,Sizing is off,"The bra is comfortable and the design is good. however, the sizing is way off. i am a 34c and the small fits well with minimal support. not sure about quality. this one might have to go back :(",2,1,1,Initmates,Intimate,Intimates
623,117,57,,Love love love these leggings and what an amazing price point!!!,5,1,0,Initmates,Intimate,Legwear
18150,1094,41,,"Very pretty dress, the blue is a little lighter than navy but is still really nice. the embroidered flowers are lovely as well. the a-line cut is very flattering on. i can't wait to wear this dress this spring!",5,1,2,General,Dresses,Dresses
514,1081,35,Elegant and well made,This dress caught my eye because i don't have anything like it. i wear between a m & l and preferred the large in this dress because i have a large bust. i usually wear a 10 in slacks and 12 in tops. i love the lace on this dress because it looks very delicate in the picture but it is very heavy and well sewn onto the fabric. it is durable while still looking elegant. i also like that it is in navy and not black. it is also nicely lined. i plan on wearing a colorful scarf with this dress.,5,1,3,General Petite,Dresses,Dresses
4413,1078,41,Great dress for every day,"I purchased this dress in the navy and white stripe. i did purchase the petite since i'm 5'2"" and it worked out great. very nice style, comfy and flattering. looks great with a pair of boots. one of my go to dresses for sure.",5,1,0,General Petite,Dresses,Dresses
6662,907,59,Amazing.,"This cut and fit is so good. i sized up because my body just needs that with pullovers generally, and i was glad i did. it fits just right!",5,1,0,General,Tops,Fine gauge
12663,999,53,Runs small would be a bit of an understatement...,It is a shame when a product such as this is left on the website after so many comments reveal the item to be more defective in production than an opinion of size proportion. i read the reviews so had expected the item to run small so i ordered accordingly...this does not run small-this is not representative of any of the three categories one associates with women's apparel sizing. i am usually a small and the description by previous reviewers described the fit as being perfect for me-very small,1,0,1,General,Bottoms,Skirts
11706,1099,27,Great work dress,Bought this dress to wear to work. love it! great buy,5,1,0,General,Dresses,Dresses
17581,901,55,,Couldn't resist the polka dots! very cute and stylish cardi. since i'm short waisted this cropped style is perfect for me. i tried on the xs and small and while there wasn't a huge difference i went with the small since it had a bit more room. it's pricey so i waited for a sale to purchase!,5,1,2,General,Tops,Fine gauge
4732,381,30,Not for the busty babes!,"Loved the material and the style. unfortunately, my fears came true when i received this swimsuit, and there wasn't enough support despite a review i had read. as a 36d, i thought the halter would be enough support, however, the material is too stretchy to rely on that completely. i am sad i won't be keeping this though. the material is heavenly!!!",2,0,4,Initmates,Intimate,Swim
3856,1081,36,,,5,1,0,General Petite,Dresses,Dresses
9952,1022,39,Great color,"These were fabulous and a great color in person - true to a normal ag fit. i am 5'1"" and the regular size was too long so i am exchanging them for the petite version in the same size. really hoping they fit the same as the regular version!",5,1,1,General,Bottoms,Jeans
3270,1035,37,Love these jeans!!,I have never tried this brand before and was pleasantly surprised at the fit! i especially like the button detail as it makes them a little more dressy and different. i plan to wear with a simple white tank and sandals. i will definitely look for this brand again!,5,1,0,General,Bottoms,Jeans
13919,1047,39,Can't say enough about these pants!,"I was so excited when these pants went on sale! tried them on in-store and ordered online. tried both medium and small and they both work, thanks to the elastic waistline. they do run very long, so if you're super tall these are great, otherwise prepare to wear very tall heels or get them hemmed.",5,1,0,General,Bottoms,Pants
5525,974,37,I loved it!,"Runs a little small, but is very chic!!! you can wear it with jeans and a white t-shirt and you are going to look awesome!!!",5,1,3,General Petite,Jackets,Jackets
12164,1078,35,Big blue sack,"This dress hangs like a sack. it really needs a belt to give it some shape. i tried to style it with one, but then didn't look right either. i did like the slip that came with it. i'll be returning it.",1,0,0,General Petite,Dresses,Dresses
10535,1110,55,Gorgeous and flattering,"I know you've heard it before, but this dress is so much more beautiful in person! i'm petite, usually size 4 but busty, so i tried the 4 and the 6 in the store. the 4 fit perfectly except it was a bit snug at the bust so the the slit pulled open, revealing a bit more cleavage than i wanted. the 6 fit perfectly through the bust, and although it was a bit loose through the body, the cut was still very flattering. i also tried the 6p, which fit but i preferred the longer length of the regular 6.",5,1,0,General,Dresses,Dresses
8980,940,53,,,5,1,0,General,Tops,Sweaters
22827,917,43,Slenderizing sweater,I'm 5'1 and a tad busty and this sweater i found to be most flattering. i saw it i. the store on was drawn to it. i love the shimmer but perhaps that's because the holiday feel is already in the air in nyc. the m fit great in both length pans width. it looked great with my straight black jeans and boots. i felt it made me look thin. thankful i bought it on a discount day! it's a fabulous sweater.,5,1,0,General,Tops,Fine gauge
8042,936,50,Perfect sweater,This sweater is a must have for fall!! super comfy yet stylish fit make it fun to dress up or down. i plan on wearing it with leggings and high boots!,5,1,2,General,Tops,Sweaters
1951,1197,60,Most comfortable fabric i've ever worn,"I originally bought this dress in another color back when retailer was doing the 25% off dresses promotion a few months ago. i had seen it on a store associate at my local store and absolutely loved it, but hemmed and hawed at the original price. it was a splurge even at 25% off, but as soon as i put it on i was in love. this dress is so soft. i wore it to see some old friends, and after every hug i received a comment about how unbelievably soft it was! the material is thick enough to have a decen",5,1,0,General,Dresses,Dresses
14956,828,69,So soft,"Love this henely, the lace-up is cute. the shirt is comfy. so versatile. beach coverup or over jeans",5,1,0,General,Tops,Blouses
14435,1060,44,Tailored and structured,"These pants are a great buy now that it's on sale. even though the weather is warming up, it can be stashed away until next cold season because it is timeless. the fabric is thick but not bulky, the side zip is flattering, and the buttons add a touch of flair, which make the pants look very tailored. size 6 regular fit me well on the waist and hips (i'm 5'2"", 26 waist, 36 hips). i cut off 4 inches of the hem so i can wear it with 3-heels. i prefer the regular size for elevenses pants because the",5,1,1,General Petite,Bottoms,Pants
10438,819,34,Nice light weight top for summer!,"I found this top really flattering on. i originally ordered a 6 and found it a little too big. the 4 fit perfectly, it falls around your belly button area so a little of your stomach will show. it has a flattering scoop neckline and the ruffles give it that extra flare. very light weight for the summer, colors are brighter/better in person.",5,1,0,General,Tops,Blouses
15735,907,57,Beautiful and cozy,"This is a beautiful sweater/tunic/dress. i ordered in the mustard color, and wearing it will brighten my day on a dreary winter morning. it is so hard to find winter clothes in bright colors. the sweater is soft and not itchy. it is a bit longer than i expected...maybe 35"" (i am 5'7""), but that is just fine! it can be worn with leggings or tights. dressed up or dressed down. i couldn't be more pleased.",5,1,1,General,Tops,Fine gauge
11603,862,48,,"Beautiful pink top.  comfortable, love the color and print , style and sleeves.  good quality.  didn't have the issues with the placement of the bees over my breasts that other reviewers did. the bees were at the sides of my breasts. covered my butt for the most part in jeans. flattering cut.  i got an xs (5'2"", 34b, 115#).",5,1,2,General,Tops,Knits
20218,706,47,Easy-fitting dress for casual summer days,"I ordered this dress online and didn't really know what to expect. but to my surprise, it's exactly what i had hoped it would be. the dress is a fantastic fit and has a modern, interesting print. the fabric does seem thin for the price. but i am not returning it. it's a casual summer dress that kicks up my look a notch on weekends. i wear it with beige sandals, and the gray and beige look good together too.",5,1,1,Initmates,Intimate,Lounge
9000,909,32,"Disappointed: runs small, arrived looking worn","I read the existing reviews, before purchasing, and a few mentioned that this sweater ran large. this has been my experience with most tops i have purchased from retailer. i figured by ordering a medium, i would receive a slightly loose to moderately loose fitting sweater. this was not the case! the sweater is short, does not look anything like it does when you view the model from behind (and i assume the model is taller than i...as models are usually tall). for reference, i am 5'6'', medium build",2,0,1,General,Tops,Fine gauge
2193,1052,67,,"I love joggers, best style to come along in awhile. i think these are well made and i like the fabric. i just wish the leg were cut a bit slimmer but that's just a matter of preference. i definitely like them and will keep and wear.",5,1,1,General,Bottoms,Pants
9215,133,38,Soft & great length,The length on these are great. they stretch but so far they don't stretch out. the material is a dark and soft. i am 5'6' and 135lbs. the size 26 fit great.,5,1,0,General,Bottoms,Shorts
15302,1078,38,Great fit & so cute!,"Really really like this dress. expected it to be shorter based on other reviews, but at 5'6 it it was a great length for me. it is true to size and while it was a little bit of a loose fit, it was just enough to hide trouble areas. sometimes i struggle with dresses such as this because they are too big on top and snug in the hip area, but this one was perfect for me. great find!",5,1,0,General,Dresses,Dresses
3454,1056,22,First time purchase of pilcro!,"Earlier this year i bought a pair of pilcro hyphen's as a birthday gift for a family member, and she absolutely loved them! after hearing from her how comfortable and amazing the pants are, i had to get some for myself! i usually only wear denim pants, everything else is skirts, dresses or shorts. so this was a big change in style for me.so far i love them, they are way more comfy than i had expected and made from great material!
i'm 5' 2'' and 120lbs. they 27s fit perfectly. i do not have slim",5,1,0,General Petite,Bottoms,Pants
20979,1070,46,,Really great pair of pants/leggings. considering a second pair. great flattering fit. i ordered the petite as well because i was concerned about the length but the stride on the petite a was to short and the regular was not too long after all.,5,1,0,General,Bottoms,Pants
18626,184,34,Nubby footless tights,"These are amazing quality. i agree, size up to not have such a sheer effect. i would not wear them as just leggings without a long shirt covering the butt.

they are warm. i wore them under some ski stuff. kept me warm.

i also washed them on handwash cycle. seemed to be ok.",5,1,5,,,
15957,1035,30,A+mazing jeans,Ordered these in a size 32 and they fit perfectly!,5,1,0,General Petite,Bottoms,Jeans
13646,1078,44,Too much fabric,"As soon as i saw this dress i ordered it...i didn't want to miss out on it. i loved the look...the colors were so fun and bright...i thought it was going to be my perfect dress for an upcoming trip to hawaii. i am 5'4"" about 118#. i ordered a pxs. when it arrived i loved the feel of the fabric and the colors but was wondering what it would look like on as it was a lot of fabric. i know it is to be flowing but on me it was just awful. part is that the ties on the shoulder are sewn in place so i c",2,0,12,General,Dresses,Dresses
7588,868,33,,"Love this top! i tried it on in the store and instantly loved. i wore it and ordered it in another color. i bought my usual size but decided i'd like to have it slightly smaller for the next one, so i ordered down. it can go either way, it's quite flawy and roomy. cool for summer and supper flattering.",5,1,0,General,Tops,Knits
19575,1078,48,Snug in arms and chest,"I love this dress. colors are great, but a little tight in the chest and arms. i am 5' 8"" and usually wear a size 6. i bought the medium because i like a little looser fit on top. the arm holes are a little large which makes reaching up for things awkward.",5,1,0,General,Dresses,Dresses
13971,862,21,Effortless,"I love this comfy top, and if it couldn't get any better, the pleated back makes it extra special! it is easy to thrown on and still feel put together. i purchased this top in the green and i'm absolutely enthralled by the rich color! i do agree that the quality of the pleats could be slightly better, however i believe it's up to par with the price point. i typically wear an xs/xsp and ultimately decided to go with a small for a more oversized tunic top look, but otherwise i'd go for your normal",5,1,6,General,Tops,Knits
2277,1072,28,Love the floral print,"I love this dress! i would definitely accessorize with a belt. my body type fits best in this style of dress because i don't have a big bust size, if you do i would try it on first. for being shorter, 5'3"", i love the length.",5,1,0,General Petite,Dresses,Dresses
21625,1077,71,Just what i was looking for.,"I ordered both the petite and regular in the olive green motif. the regular fit more as i was hoping so i returned the petite.
i am only 5' 4"" but my legs are long for my height. i wasn't ready to have the side slits ""up to here"" and whereas they are not they are still quite high it is modest enough to be worn any place i might wear the dress. i think i will likely wear a belt with it as shown at least part of the time. i just bought some print fabric sling back shoes which go beautifully with",5,1,3,General,Dresses,Dresses
3951,1081,57,So so cute!,"This dress fits so perfectly.  just the right amount of skin, not too bare, not too short, not too long.  can't wait to wear it.  great quality.",5,1,16,General Petite,Dresses,Dresses
21219,873,46,Love this adorable breezy look.,"This is one of my favorite tops! i have it in two colors. it's almost like a swing look, yet it still feels like it gives me a shape to my body. very easily paired with a skinny jean. i paid full price for th two, but now i'm sure i'll buy the third on sale!",5,1,7,General Petite,Tops,Knits
2214,146,25,Love them!,"Exactly what i was looking for. cozy, not too warm, fits comfortably and roomy without looking baggy. the print is beautiful. will definitely be buying more sleepwear from retailer!",5,1,0,General Petite,Intimate,Lounge
13978,757,26,Dress me up or down!,"Love the color of this shirt! i wear it under a brown leather jacket i purchased, in store!",5,1,1,Initmates,Intimate,Intimates
16709,868,26,Super compfy,"This top is my go-to running errands top on the weekends, its super comfy and not to warm to wear throughout all the seasons. runs true to size and i get a bunch of compliments on the quality!",5,1,0,General,Tops,Knits
4048,257,52,Great jacket,"Soft, lightweight, comfortable. i wore this as soon as i got it and have received many compliments on the style and color. super soft, love the angled zipper and sleeve length is long enough to be comfortable. great cool weather jacket.",5,1,1,Initmates,Intimate,Lounge
15377,1088,24,,I absolutely love this dress! it's great for business casual. it's also such a great color for the transition into fall.,5,1,1,General Petite,Dresses,Dresses
15343,1059,38,Great trousers,Great pants. i'm 5'6 and about 130. the size 2 fit nice at the waist and loose in the thigh. they hit right at the ankle. the colors are nice/ muted. the details are great. overall great pants.,5,1,1,General Petite,Bottoms,Pants
14339,829,38,Perfect fall blouse,I just received this in the mail and must say its one of my favorite purchases in a long time from retailer. the navy polka dot color combo is classic yet fun with the orange. looks great on its own as well as under a cardy. this will be in heavy rotation.,5,1,0,General Petite,Tops,Blouses
13137,1020,52,Nice summer skirt that can be dressed up or down,"I just bought this skirt in the store and i'm happy with it, it can be dressed up or down it is made of washable silk so it doesn't require dry cleaning (but it should be hand washed or on delicate cycle obviously). it fits through the hips without being overly clingy. the waist is a wide stretchy smocking style so there is some give.",5,1,16,General,Bottoms,Skirts
21792,863,23,Love it,"This shirt was better than expected. the fit is fitted but still flows. it's comfortable and the material is great. it goes with anything, ive tucked it into pants and skirts but i've also just worn with leggings. looks great either way! im going to buy more of this shirt.",5,1,0,General Petite,Tops,Knits
13100,933,34,A new favorite,"I absolutely love this. i'm 115, 5'6"" and the xs is roomy because of the style, but it drapes very nicely and it's a perfect fit. with my new loafers and cropped pants, i'm all ready for fall! he slightly felted knit is a nice touch. it's also really soft.",5,1,0,General,Tops,Sweaters
15170,940,37,"Soft,cozy poncho--perfect for fall/winter!","I love this! i bought it in the red color. in person it is a deeper color than it looks online and it has some flecks of lighter yarn in it that just add to it's beauty. it is very soft and cozy. it is warm without being hot. i typically wear a small/sometimes medium at retailer. i bought a medium only because i wanted it to be a little longer so that i could wear it with leggings and feel comfortable. i am 5'8"" though, so if you are shorter than you may not need to size up. it looks great with a",5,1,0,General,Tops,Sweaters
14026,939,51,Superb statement jacket,"One in every fifteen items of retailer clothing fits. this jacket is one. easy to grab and keep chill away. hood snuggles up as cozy collar when not worn up. model in photo must have orangutan arms, sleeves hit at wrist on this wearer with shortish arms.

boiled wool fabric is light, which is great for layering. lovely transition fall to winter transition piece. statement jacket that will live on next season and beyond.

thank you, rosie neira.",5,1,0,General Petite,Tops,Sweaters
19732,842,57,"Great fit, perfect for summer","I bought this cute ruffled tank in ivory to go with a silk wrap skirt i've had. it arrived today and it fits perfect. i am 5'5"", 125 lbs and small busted 34b. i bought size small after reading the reviews and glad i did because it fits perfect. the straps are not too long (a common problem for me), it's a nice length, nipped a bit a bit at the waist with slight flare below. also it does not gap under the arms which is much appreciated. a lot of thought went into this little top. i can wear it to",5,1,1,General Petite,Tops,Blouses
1930,1081,55,Almost.,"It's pretty, floaty, feminine; the photos don't do justice to the prettiness. but the photos also don't show an asymmetrical hem. i understood it runs small so i got two sizes, to be safe, and even my larger size was strangely short-waisted, and i'm short-waisted to start with. maybe i could've lived with that, but both the dresses i received have an uneven hem unlike any i've ever worn or seen before. it's not longer on just the sides; the hem is longer in one spot on the front, and one in the",2,0,3,General Petite,Dresses,Dresses
1504,927,44,,"Tried this on and loved it! chic, lightweight, warm, cute left as is and cuter belted. ended up letting a friend buy it since it was the last one but will be adding to my iso list for sure!",5,1,0,General,Tops,Sweaters
1578,1078,65,,"Absolutely love, love this dress. it is so comfortable and falls perfectly. the material is great and you can dress it up or wear it casually. if it had more colors, i would get it it in any color it came in!!",5,1,2,General Petite,Dresses,Dresses
3127,835,29,Very cute,"I loved this top when i tried it on in the store. i was very close to buying, but i knew my sister would want, so i moved on. it is a great fitting top. i am 5'7, 125lbs, and the small fit perfectly. i do question how well this top will fit petite people.",5,1,1,General Petite,Tops,Blouses
11034,877,28,Love it!,"This is a really unique jacket. the suede-like darker fabric is so soft and brings great character to the jacket. i love the neutral color and the fit is true to size. the only minor complaint i have is that the band at the bottom of the jacket flares out a little, making it wider and a little odd looking. but i have learned to ignore this because all of the other features are so awesome! would recommend.",5,1,1,General,Tops,Knits
428,1089,38,,I'm 5'1 and 110 lbs.  i ordered this in a xsp and i could barely zip it up.  and when i did i couldn't breathe. i tried again and ordered a sp and it's perfect! now i just need somewhere to wear it.,5,1,0,General Petite,Dresses,Dresses
17031,867,38,Great unique piece,"I have been admiring this piece for awhile and finally decided to purchase it, and i am so happy i did! the yellow is the perfect pop of color for fall/winter, but it isn't overwhelming or overpowering. fit is oversized (as is in any poncho style sweater) but it doesn't feel boxy or unflattering. if in between sizes, definitely go down. i like things oversized and i went with the xs/s and it fits great. this will be a go to piece for many years to come!",5,1,0,General,Tops,Knits
19790,307,33,Love the floral pattern,"I love this sports bra. i do various exercises and it works great for all of them from yoga to running. the floral pattern is what really drew me to get this, but the quality of this bra is the best i've ever gotten. i wear a 34b bra and the medium fits perfect!!",5,1,3,Initmates,Intimate,Lounge
15097,872,28,Hideous,So this may be my least favorite thing i have ever bought from retailer. this top had so much extra material it was like wearing a bag or parachute. it looked a million times cuter in the photos.,1,0,0,General,Tops,Knits
6650,836,25,Great too,"I really love this top. it's cute, whimsical, and comfy. i received many compliments on it. it's a really good length and good quality. happy i purchased it, especially during the tag sale.",5,1,0,General,Tops,Blouses
6915,511,34,,"This top may be labeled as a part of a sleep set but i threw a cami under it, styled it with skinny jeans and a top knot and this became a very effortless/chic so cal look. love that pop of hot pink too! i went up a size for a little extra wiggle room across my shoulders. overall this is a great summer top!",5,1,6,Initmates,Intimate,Sleep
22038,860,64,So adorable!,"I ordered my usual size s in the purple print. this peplum top style, colors/pattern will go easily with pretty much anything.. shorts, pants, jeans & skirts. wear for casual or dress it up. for me the fit is tts. armholes provide good coverage & length is fine. the top has a bit of stretch & doesn't feel restrictive. the waist is banded & a little loose which is fine. don't like tight fitting waists on tops. i like that the waist seems a little lower than other peplum tops at retailer. the skirt",5,1,12,General,Tops,Knits
14451,863,54,Comfy and pretty,"This top is a great addition to my summer wardrobe. i love it because it does not cling to my body, and in a hot humid summer, i want things that flow. this is super cute and flattering. the lace in the back is soft, and not too revealing.",5,1,0,General,Tops,Knits
12648,820,39,Really cute,"This tunic has really cute detail. it is hard to see in online photos, but there is dark brownish beading over the embroidery. the fabric is not as soft as i would have liked, but it's still a keeper because of the two patterns, embroidery and beading. also, it is long and does run large, but i think the measurements given in the description are accurate. it is a tunic after all! i ordered an xs petite, and it will be very cute with leggings and boots.",5,1,3,General Petite,Tops,Blouses
3778,1086,47,Not great,Looks much nicer in the photo. i expected a much higher quality fabric. this fabric truly felt cheap. i expected a nicer dress for the price. the fit was unflattering on me. sent it back,2,0,0,General Petite,Dresses,Dresses
14800,1055,39,Adorable menswear look,"I was a little hesitant to buy these given that i am just 5'1"" - i didn't want to look like an extra from the set of ""newsies."" but these are very well made and tailored for a woman's body...the trousers actually accentuate the waist and the cropped leg works well for a petite frame. they are nicely lined and the wool blend is soft and not scratchy. i love them!",5,1,8,General Petite,Bottoms,Pants
5938,1110,54,A keeper!,"Very lovely dress!!! perfect in all ways. although i do find it to run big. i ordered the small, and i usually wear a 4 to 6 in a dress. there is a lot of fabric, but it lays nicely. it's mostly just the arm hole. it's rather large showing the strapless bra. so, deciding if i should size down, if there isn't a huge change in sizing, or keep and have altered.
if anyone has tried in both the xs and sm i will watch for comments overall size differences. i have the black and white, and wish now i wo",5,1,0,General Petite,Dresses,Dresses
22545,1037,51,Excellent quality,"Bought the green in the store. wore them every week for 3 weeks so i bought the bronze color too. i usually wear a 26 in pilcro because they do give a little during the day. i had to go up to the 27 because the thighs were a little too snug for me. there's a zipper at the ankle so getting you foot through isn't a problem. the fabric is sturdy. it almost feels like a brushed cotton (soft to the touch). they zip up the side so are very slimming. i'm 5'4"" 120# for reference.",5,1,2,General,Bottoms,Jeans
9850,1056,26,Fall pants,These pants are perfect for crisp fall weather and comfortable! i wear them with flats to dress down or heels to dress up! recommended for all shapes!,5,1,2,General,Bottoms,Pants
4104,1094,23,So cute!,"The first thing i noticed upon receiving this dress is how soft it is and the fact that it wasn't wrinkled coming out of the packaging bag- an excellent quality! my next surprise was to find that it is fully lined with a very nice soft knit and felt awesome on. i ordered a size small and it fit perfectly- it was fitted through my waist and hips (37 chest, 28.5 waist, 37 hips) and dropped straight from my hips just like i like. i was afraid it would be too sheath like for my figure but it is perf",5,1,0,General Petite,Dresses,Dresses
11379,1022,44,Great jeans,Love another pair of ag stevie's!,5,1,0,General,Bottoms,Jeans
18721,1077,44,,"Tried this on in the red because the pattern is so eye catching and beautiful. i couldn't get it off fast enough. picture this: tight in the best, tight in the hips, extra billowy in the middle. so confused and can't see how this would be flattering on anyone. unless you're planning to repurpose the gorgeous fabric, skip.",1,0,3,General,Dresses,Dresses
7432,948,49,Comfy cozy and cute,A very versatile and cozy top. would look great dressed up or down for a casual comfy fall day. what a fun piece for my wardrobe!,5,1,0,General,Tops,Sweaters
6239,927,35,So cute,"These photos do not do the vest any justice. i randomly saw this in the sale section at my local retailer. tried it on and it was super cute, but i did the whole ""walk away, maybe you'll forget about it"" thing. that did not happen. i ran back to retailer on my lunch break the next day, and thank goodness, there was still one left in my size. it actually drapes in a flattering way, and it looks polished. it's so versatile. i would not have looked for this vest based on these photos, but i'm telling y",5,1,1,General Petite,Tops,Sweaters
10737,1037,59,"My newest ""best"" leggings, stellar!","I wish i had purchased these earlier in the winter season because i could wear them every single day. they are phenomenal, plus i got them during a great sale. the reviews i read said they run small, so i went a full size up and they fit perfectly. (i usually wear a 4, bought a 6.) one of the best winter wardrobe purchases i've ever made. totally versatile and because they're black, they can be dressed up, or down.",5,1,0,General,Bottoms,Jeans
8534,964,62,Amazing!,"Absolutely love this jacket - soft, nice amount of stretch, and the fit is beautiful. i'm 5'7"" with a long torso and was happy with the length on this too (motos are sometimes tricky for me). totally cute and versatile - worth full price!",5,1,0,General Petite,Jackets,Jackets
8929,831,38,,,5,1,0,General,Tops,Blouses
2305,517,37,Great fitted top,I'm so sick of all workout tops being baggy. they look sloppy on my frame. this top is ultra soft and fits great! the black/white one looks more heathered grey in person. i ordered an xs as all tops lately are just huge on me. i should be a small and i will be returning for that proper size.,5,1,0,Initmates,Intimate,Lounge
12530,1059,46,I love this jumpsuit,"I love this jumpsuit.

i would like to first say that, while a gorgeous model, i actually think this piece looks even better on different body shapes! 

sizing 
i love the shape, the style, and the comfort. i tried it on in a dressing room where it turns out another woman was trying it as well. i am 5'5"" and usually wear a 4 or 6 and got the small. she was a bit shorter and pettte and it looked fabulous on her! it is loose all over, and so flow and fabulous. it hits me where it hits the mod",5,1,4,General,Bottoms,Pants
9138,984,31,Everyone needs one!,Absolutely love this jacket!! i convinced my girlfriend to get one too; we could not be more pleased. slightly oversized throughout the body - this is true no matter the size you buy - with great contrasting sleeves and back. the side ribbons can be adjusted to bring in or let out the waist. perfect spring/summer weight. can be worn with a sweater/sweatshirt underneath. it's a feminine takeover of a boyfriend jacket - looks gorgeous over a casual dress or great with jeans/chinos. perfect for mus,5,1,4,General Petite,Jackets,Jackets
19037,871,34,Unique and comfortable!,"I was able to grab two of these in grey and navy during one of their awesome sales. it doesn't look like much on the hanger, but it's lovely on the body.
____________
pros:
- lots of stretch.
- comfortable and roomy without looking frumpy.
- lovely color and texture.
- can size up or down depending on how you want it to look.
- minimizes bust size nicely.
____________
cons:
- if you have curves like me, it won't be as roomy as the model, unless you size up. i actually bought a size down and it b",5,1,0,General Petite,Tops,Knits
8202,1066,54,Perfect pants,"I paid full price for these gladly (the olive ones) and was delighted when i was able to purchase the black on sale. they are midweight, soft, flattering and stylish. they stretch a little (belt needed) but not much. pilcro are my go-to pants and these hit it out of the park. i wish they would come in a lighter weight version for warmer weather !",5,1,0,General,Bottoms,Pants
11321,1094,43,Sexy dress,I just received this dress and i'm glad i read previous reviews and ordered a size up. i normally wear an xs or s and ordered a medium it fits perfectly. the color is beautiful and the dress is unique. can't wait to find a special event to wear it.,5,1,1,General Petite,Dresses,Dresses
7451,907,57,True red cardigan,Wore my new red cardigan for the first time today to work. fit is tts. this is a true red and not neon or orange tinted. it wraps nicely in front and has a nice flair at the hips.. i also like the detail in the knit. i like to push my sleeves up and love the fact that they don't slide down my arms all day. i'll wear this cardigan a lot.,5,1,0,General Petite,Tops,Fine gauge
2363,1047,54,,"Hi, i bought these in both colors. the material is very nice. for me the only part of the pants that stretched was the waistband. sadly i had to return them.",5,1,1,General Petite,Bottoms,Pants
23161,1094,32,,Very comfy! can wear the dress both ways! the front is a deep swoop neck cut. the back is a v-neck cut. i flipped the dress around to the v-neck was more flattering on me due to having a smaller chest. got an size 4.,5,1,0,General,Dresses,Dresses
20602,1112,40,Snow bunny coat!,"This jacket is amazing! i at first bought the medium because that is what i usually wear on top. when it arrived in the mail i put it on asap. it fit but was definitely too form fitting to wear a sweater or long sleeve shirt underneath. so i called the store and asked them to reserve a large and that one fit perfectly! it's loose enough to wear something underneath but not so loose that it looks to big. it is so soft and cozy, and the hood is my favorite part!",5,1,0,General,Jackets,Outerwear
14917,1117,31,"Really lovely, not for me","This coat is wonderful. it's boxy and drapes really nicely. the colors are beautiful and versitile. i love the pockets. the fabric is sturdy, but not heavy. i have nothing but good things to say about this coat. i had to return it, sadly, since it wasn't flattering on my hourglass shape. (i am 5'6"", 34dd-27-42 and the small fit well) if you're confident enough to hide your waste, go for it. your won't regret it.",5,1,0,General,Jackets,Outerwear
3093,895,38,Comfortable & effortless,"This top is the bomb. the red is a perfect balance of washed out but still rich. the thin spaghetti straps and scooped back make it sexy, but it still looks effortless. perfect to pair with light weight, light wash jeans. it's also nice that it's not clingy at all, lends to the casual look. total keep for me.",5,1,0,General,Tops,Fine gauge
3899,1099,32,Fun and easy dress,I saw this in the store in blue and loved it. wore it and received lots of compliments. just bought the second color online as there is free shipping today. great dress for work as the weather is warming up.,5,1,1,General,Dresses,Dresses
22670,881,60,,,5,1,0,General,Tops,Knits
8375,1092,55,Can't wait to wear it!,"I purchased this dress in my normal small size - via online. i exchanged it it for a medium in the store as the shoulders were just a little too tight for me. i plan on wear it with tights/leggings as it's a little to short on my 5'9"" frame. well made and the bodice has so much detail but not over the top.",5,1,0,General,Dresses,Dresses
12578,1060,51,Cute pants,"I've been wanting to try the cropped pleated pants style and i like these. the material is nice & comfortable and the bow adds whimsy. compared to other brands i've tried, these pants fit the best. the waistband goes up higher in the back so there's no gapping (a big plus for me). just one thing, i find cartonnier to run small so i would suggest ordering one size bigger.",5,1,2,General Petite,Bottoms,Pants
7801,867,71,Quite versitile.,"I ordered an extra small. it fits with both a humble tee and a button down with the sleeves rolled up. i've tried it with jeans and also joggers and heels. really a cute and versatile sweater. i got the olive but can see where the black might be more universally useful. this one works perfectly for me, however",5,1,2,General Petite,Tops,Knits
13669,1056,38,Stunning and comfortable,"I needed to get this hemmed about 3-4 inches, but it was well worth it. this is a gorgeous, effortlessly glam outfit. the material is silky soft, with some stretch, and drapes beautifully. i am a 12/14 and got an xl-- i think a large would have been better (this had extra width at the waist, but it worked with the tie belt). i loved wearing this and felt comfortable all night.",5,1,0,General,Bottoms,Pants
9423,1094,24,So disappointed,"Like other reviewers, i saw this dress on the cover of the catalog and knew i had to have it! well, i am very disappointed. the colors aren't as rich as the outdoor photo, although they're brighter than shown in the studio photos. this is just not a flattering dress. i've put it on three times and taken it back off. the neck is too high, the sleeves are too narrow (and i have really skinny arms), and there's no ""swing"" to it. i am 5'4"" and weigh 120 pounds and bought a size small, which is what",1,0,1,General Petite,Dresses,Dresses
16965,927,23,Such a treat,"Birthday gift from my husband, and i have it hanging up where i can see it, the design is like a huge beautiful tapestry. although it looks heavy, the cotton has a nice feel to it. hand-embroidered here and there. i usually wear size s/m and the med. is very comfortable. gorgeous!",5,1,0,General Petite,Tops,Sweaters
12618,820,51,,,5,1,0,General,Tops,Blouses
4497,1086,37,,"This dress is beautiful on, is thin enough to be extremely comfortable. being curvy, it feels a little more narrow than i would prefer, but i kept it anyway because it is so beautiful as well as functional.",5,1,1,General,Dresses,Dresses
14115,1033,59,Great basic skinny jean,"I got these jeans on sale and have been very happy with them. they seem to go with everything - just a really nice basic skinny jean to have. lightweight with a little bit of give. they fit tts for me, and hit about an inch and a half longer on my legs than the model in the picture (i'm 5'6""). i've had them for a couple of months now and keep expecting them to show some wear in the knees bc of how often i wear them. not yet! any marks on them have come off easily in the wash. overall, very happy",5,1,1,General,Bottoms,Jeans
6291,964,46,,This is a wonderful vest! i love the lining!! keeps you nice and warm! i love the muted green color! the pockets are sewn closed but can be cut open at the stitching without ruining the vest!!,5,1,15,General,Jackets,Jackets
18851,156,31,Tights,"The color is great, a nice alternative to all my black tights. good quality.",5,1,0,Initmates,Intimate,Legwear
6057,1110,45,Say yes to this dress,"Unique, sophisticated and versatile summer dress that you will fall in love with. dress it up with heels for a night at the gallery or dress is down with a denim jacket for an easy day look. it needs no accessories. this silk dress is soft and it lays beautifully. you will want to wear it all summer long. fits tts. love it!",5,1,6,General Petite,Dresses,Dresses
13571,1080,37,,"This is not only comfortable but incredibly flattering. being 6'0"" it's also long enough for me.",5,1,5,General,Dresses,Dresses
13406,927,37,,"Love the look of this poncho - which is not as large/billowy as i thought it would be. i tried it on as a whim in the store and fell in love. the colors are more beige than gray, for those of you with pale/blue underdone complexions. it may wash you out. love the orange knit running through to give it a little pop. i'm 5'9""/132 pounds, and the hem was a bit cropped on me. may want to consider a tank top or t-shirt underneath.",5,1,0,General Petite,Tops,Sweaters
21547,864,34,,,5,1,0,General,Tops,Knits
23058,940,44,Great for layering,"I love this sweater. it's sort of like a tunic and sort of like a vest. i am pairing it with leggings and a white long sleeve tee underneath. i'm 5'3"" 109 lbs and the xs fit very well. i love the versatility and design of this.",5,1,2,General,Tops,Sweaters
8384,1092,62,Beautiful!,"I grabbed this immediately when i saw it in the store - the details are beautiful - beading, embroidery, and small opening details on the arms. from a practicality standpoint, it has pockets, it's machine washable, and it can easily be worn as is, with black leggings or tall boots in fall, and then throw an additional chunky ivory cardigan on for winter. for sizing, i am usually a size s and found it to fit loosely, but in comfortable slightlyyyy swingy way. if i had sized down the shoulder seam",5,1,54,General,Dresses,Dresses
11409,967,27,Staple item,"Like everyone else, i ignored this vest in the store. my mom actually gave it to me to try on and practically forced me to buy it. it wasn't until  i got home that i discovered its versatility. i got it in the beginning of june so haven't been able to wear it much, but fall is quickly approaching and i already have at least ten outfits to wear with it. it's classy and can dress up any outfit.",5,1,0,General,Jackets,Jackets
11689,830,41,Lovely,"This top is so pretty! i love the lace details and the embroidery which really makes this top something special. it's true that it is on the shorter side but that seems to be an intentional aspect of the style. i didn't find it to be too short sitting well below my waist line (i'm 5'10""). i usually wear a medium in retailer clothes and this top is no exception it fit perfectly! i know this will be one piece i wear quite often!",5,1,3,General,Tops,Blouses
15655,513,57,,This is what a bathing suit should look and feel like. no crawling up the cheeks :) no spillage out the front. i would say it's true to size or a little on the large size. i'm 5'4 122 and ordered a medium which was great for me. maybe a small would have been ok but i couldn't be happier. good job! color is true to the pic. quality seems nice and sturdy.,5,1,1,Initmates,Intimate,Swim
12312,996,45,Gorgeous,"First mermaid-ish skirt ever that's flattering enough to pull off with a curvy lower body. the material is light-weight sweater knit that hugs in all the right places and its unique cut along the bottom make it very in the moment. the color is a rich, deep, gorgeous brown with subtle highlights that draw from whatever top you pear with it. runs large so size down.",5,1,4,General,Bottoms,Skirts
12671,1110,24,Surprising find,I ordered this dress on a whim in my normal size 8 and if fits perfectly! i felt so pretty when i put it on. i love the volume of the skirt with the tighter top. it was very flattering to me. the linen thickness was nice but not for summer in florida maybe spring. but its lovely!,5,1,0,General,Dresses,Dresses
1891,1081,42,"Beautiful dress, fits poorly","I purchased this and another eva franco dress during retailer's recent 20% off sale. i was looking for dresses that were work appropriate, but that would also transition well to happy hour or date night. they both seemed to be just what i was looking for. i ordered a 4 regular and a 6 regular, as i am usually in between sizes. the 4 was definitely too small. the 6 fit, technically, but was very ill fitting. not only is the dress itself short, but it is very short-waisted. i am only 5'3"", but it fe",2,0,5,General,Dresses,Dresses
21197,820,42,Perfect,"I love this blouse. i debated because of the cost. but this is a top i will wear forever. i have not found any of the issues other reviewers have. fit fine in the arms and the length was perfect and i have a long torso. i wear it with a nude bra and i don't have any problems with its being see through. i wore it to a party the other day and received several compliments. i was also stopped in the store and asked where i got it. it looks expensive and special. i worn it with jean, black jeans and",5,1,4,General,Tops,Blouses
14647,1084,62,,I love this dress. very comfortable. soft? absolutely!,5,1,2,General,Dresses,Dresses
12300,569,64,,"I was so excited about this top, and so disappointed when it arrived today. the lace part is lovely, but the skirt part is a crinoline type fabric that balloons out at the sides. it is gathered at the sides rather than pleated, and there is no way to get it to lay flat. the back center section is pleated. why couldn't they have had the pleats all around? this will be going back with much regret.",1,0,13,General,Trend,Trend
9239,820,62,,"Very feminine! comes with a coordinating cami. i liked it so much that i'm going to order the other color, too!",5,1,1,General,Tops,Blouses
6905,829,45,"This blouse is simply the best, i love it!","Everyone should have this blouse, amazing! simply love it! it does run large, so purchase down 1-2 sizes.",5,1,6,General Petite,Tops,Blouses
2657,52,48,Cant go wrong,"I purchased these in taupe, mint, and coral. they are extremely comfortable and soft. they can be rolled up to 3 different lengths. i stayed in my regular size and the fit is great. i can see why they sell out so quickly. a must for summer season.",5,1,0,General,Bottoms,Shorts
22798,829,39,Cute and nice cut,"This is a nice sleeveless button down, the bee design is really fun, but the colors make this more stylish than i would have thought. i tried it on with a pair of white shorts, with a half tuck, and it looked great. i can also see it paired with trousers or flared jeans. nice addition. i purchased the 0 (or xs?) my usual size, in regular length, and it was fine. the stylist also showed me how to tied it in the front to wear with high waisted pants. i am 115 lbs for reference and 30 dd.",5,1,8,General,Tops,Blouses
286,868,42,,"Like the other reviewer said this top is extremely wide and boxy. it must be pinned in the picture online. it's very frustrating when they do that. thank goodness i didn't pay for shipping! for reference, i'm 5'2 and 135 pounds and bought the xxs, it's going back for sure. i'm trying to lose baby weight, not trying to look pregnant!",2,0,1,General,Tops,Knits
22124,169,61,,,5,1,0,Initmates,Intimate,Legwear
13182,1078,39,"Fun, flirty, summery - love the color","Sadly, i had to keep only a few dresses, not all of them, so that one is in my wish list if my xs petite goes on sale in red and blue, i am pal so that is hte better color for me. i have not seen the green in eprson, but the neutral color is very nice too, if you are not into red.

materila: thin-ish, strecthy, super comfortable, may be cool in a cold area though, brr.

fit: xs petite fit perfectly everywhere, surprisingly, the shoulders are capped sleeves, i dind't exepct having them ""fall'",5,1,2,General,Dresses,Dresses
15014,936,37,Classy,"I bought this jacket in the grey blue color and i absolutely love it. it is warm an sophisticated and versatile. i am 5'4"" and 160 lbs and the medium was good for me.",5,1,0,General,Tops,Sweaters
21704,895,55,Great poncho!,This poncho is so comfortable. fabric soft and not too hot. this goes with so many things. my favorite purchase this fall!,5,1,1,General Petite,Tops,Fine gauge
21022,1070,50,,"These leggings are gorgeous. soft suede feel, perfect fit, great look, especially for dressing up and going out. love them.",5,1,0,General,Bottoms,Pants
714,886,50,,"So comfy and stylish. love the color, i purchased the indigo/blue. nice fit, relaxed fit....not fitted. might have to get another color. it's fun to have a tee with a different design detail (neckline). i'm 5'7 145-150 lbs and ordered the medium. a smaill probably would have worked too, since my shoulders are a bit narrow. but mediumd is fine:)",5,1,0,General Petite,Tops,Knits
3218,909,45,This sweater is everywhere!,"And not in a good way. everywhere i went, i left a little of this sweater behind. within hours of having it on, i was picking balls of fabric off the couch, bed, and the sweater itself looked like it was molting. great style, fabric and fit (although a little on the long side,) but there's no way i can keep it.",2,0,3,General,Tops,Fine gauge
2445,939,35,Cozy fall staple,"I ordered this on a whim, not sure what to expect. i'm petite (5'1, 110) and ordered a small petite. i usually wear xs-s in anthto tops but wanted a little extra room for layering in the cooler months ahead do i opted for the small petite instead of xs. it fits beautifully and is very cozy too. the collar is gorgeous and very soft. i think this is a beautiful and unique piece for any fall wardrobe.",5,1,4,General,Tops,Sweaters
9483,1047,54,Easy breezy pants,"These pants are a must for any girl's summer warm weather wardrobe! i tried them on in the store and loved them. but... i am just over 5' and they were too long in the xs, even with 2.5 inch heels. so i ordered them in an xs petite and they are perfect with my 2.5-3 inch heels. 
i love that they are wide-legged! they look cool and are flattering! i am a teacher and plan on wearing them to work during the warmer months with a nice solid tee and a statement necklace. and of course, heels. i highl",5,1,3,General Petite,Bottoms,Pants
11681,825,32,Pretty top,"I usually wear either an xs or a small and i went with the small because i wanted it flowy and long because i am 5'9. it is a great fit, but it is a little sheer. i will probably have to wear a cami underneath.",5,1,0,General,Tops,Blouses
20056,1122,49,,"Unfortunately, does not look anything like in the picture. looks like an oversized house robe. i expected much more but was disappointed. i am definitely returning it.",1,0,12,General Petite,Jackets,Outerwear
10270,1110,49,Beautiful cut and so comfortable!,"Can easily be worn with boots or sandals - multi season dress. comfortable, flattering cut. slightly roomy, but pretty true to size.",5,1,1,General,Dresses,Dresses
102,822,69,Stunning lace top,This top is absolutely stunning. i purchased the white one. just received and it fits nicely-a little on the big side but i believe it looks better that way. this will look great with everything. it is well constructed and looks very unique. love it!,5,1,2,General,Tops,Blouses
16191,936,31,,"I wish i could wear this sweater every day! it is extremely soft. runs large. 5'9"", 130lbs, bought a large and it was way too big, but i successfully shrunk it in the dryer. sleeves are too bulky. it's not perfection, especially the sleeves. the photo shows the models with the sleeves pushed up. there is no way you could do that. they are almost like bell sleeves, and the material stretches like crazy. wish i had ordered down, but still love it.",5,1,0,General Petite,Tops,Sweaters
21660,75,28,So fun!,"I tried on this romper when it was still full price and loved it, but wasn't sure i wanted to splurge at the time. at the new sale price this romper is definitely worth it for the quality and style. i am 5'2''/103lbs and the xs fits pretty well, but truthfully an xxs would have been better if it existed. the top part of the romper (above the waist) is a bit long--- the waistband hits maybe an inch or 2 below my natural waist, but perhaps this can be tailored. overall very happy with this purchas",5,1,1,General,Bottoms,Shorts
4599,872,40,,,5,1,0,General,Tops,Knits
21203,854,36,Very cute!!,"I love this shirt, bought it at the store. i have a few shirts from this brand so i knew how it would fit. i love the colors in this short, it's very spring and light weight! love it very much!",5,1,3,General Petite,Tops,Knits
5676,1078,39,"Fun, flirty and comfy","I ordered both colors and my usual size (in eptites) and one size smaller... definitely true to size as in not smaller size. 

i am 5'1.5"" and the best size was xs petite. 

i ordered both colors and msut say they are both gorgeous, so can't go wrng there, as long as it goes with your skin tone, for me the red was better, but i did love hte neutral color as well.

comes with a lining #bude color#.
wasit is elasticized, and comfortable, love the sleeves, this is light enough for spring and",5,1,34,General,Dresses,Dresses
5617,155,31,Cozy,Ordered these to wear around the house more as leggings and they did the trick. love the color and the fact that they are warm without being too thick.,5,1,0,Initmates,Intimate,Legwear
18947,820,63,Unique top,"This top is beautifully detailed , it is flattering and i am very happy with my purchase!",5,1,0,General,Tops,Blouses
16467,123,39,Can go either petite or not,"I tried on te regualr size (xs) as that is all they have in my store, and decided to get them anyway, even if a little long on me. why? because htey are so cute rolled up with the yellow color showing!

super comfortable, have not washed htem yet, but hipefully they remain a decent wuality.",5,1,0,Initmates,Intimate,Sleep
11390,967,33,Gorgeous - great piece for work,"Love love love. i tried it on a whim when returning a shipped item. it's gorgeous and incredibly flattering. runs large (it's drapey and would likely look good in your normal size since you can synch the waist, but probably best to size down as it seemed large in the bust size - which isn't an issue i usually run into). 

it's quickly become a great staple for work. definitely pair it with bodycon pants/ leggings/ skinny jeans - and it looks unique and very professional.",5,1,0,General,Jackets,Jackets
8629,1078,47,"Light and airy, i feel like a fairy","I love this dress. it is the kind of dress that i dream about. the feel is young and carefree. typically i love swing dresses on the tall thin models pictured but when i try them on i simply look frumpy. this dress is an exception. i have the lilac version and the fabric color and pattern enhance the boho pixie fairy aesthetic. for reference i am 5'4"" 122 lbs...average build a little busty 34dd. only the 6 was in stock so that is the size i ordered even though i wanted to try the 4. the 6 has en",5,1,2,General Petite,Dresses,Dresses
3693,1025,48,"So cute, so comfortable","I'm 5'8"" about 134, somewhat of a pear, and these jeans in size 28 fit like they were made for me. plus, the fabric is really soft and comfortable and i love the color. ankle opening is more straight than skinny, which is a change from my usual skinny jeans, but i like it.",5,1,0,General Petite,Bottoms,Jeans
3549,1077,39,Caught my eye,"I saw this dress in the new arrivals in red, and it caught my attention, but not enough to order it (the pictures online for other colors didn't look that great). well, i saw the black in the store and decided to try it on as it looked like hte cut would be cute. it fit like a glove and i actually love the pattern. i ordred the peite to compare, and also the red to see in person... we shall see which is the winnrer!",5,1,2,General,Dresses,Dresses
11732,960,69,,Love the fabric. comfortable to wear with jeans or a dress. good for those cool fall mornings.,5,1,4,General,Jackets,Jackets
13249,1078,27,Extremely flattering and comfortable,"Love love love! i'm 5'8"", 122 lbs, 34b, and have an athletic frame (fairly narrow hips) and i bought an xs (in red.) usually i am a s with retailer for dresses (although occasionally a m for slimmer dresses), but i found that the top part of this dress required me to size down to an xs as the low back-design of the dress fit too loosely with the size s--it hung so that it showed my bra straps and the sleeves were a tad baggy under the arms, showing about 2"" of bra underneath. my guess is that if y",5,1,57,General,Dresses,Dresses
2248,984,54,Amazingly comfortable - but different than photo,"This is my first demin jacket ever as all the ones i ever tried were too stiff, and far too boxy and long on me. i need to thank all the reviewers who helped me take the plunge.
.
got the size xs regular which is only slightly snug at bust when buttoned and a tiny bit long in the arm for me (5'2"", currently 33-25-37 with narrow shoulders and torso). very flattering look. if this jacket comes out in a new darker wash version i will definitely also try a petite size s.
.
the one i got in the mail",5,1,0,General,Jackets,Jackets
3174,862,25,Great find,The shirts fits well. it is very soft and stretchy but thick enough that it's not see through. the collar is the best part. i wear small and i'm 5'3.,5,1,2,General Petite,Tops,Knits
14692,863,33,Great tee,"I bought this top on sale in the store and immediately came home and ordered it in another color online. i love the length even in the xs which isn't always the case. i am 5'9"" and a size 2 and the xs fits me perfect even after washing and drying a couple times. looks cute under sweaters and vests. can wear all year round. lightweight and good neckline.",5,1,0,General,Tops,Knits
14861,382,32,Beautiful suit,"I bought a suit similar to this last year, and loved it! this year i bought the pineapple print, and it is beautiful (size 2). it is classy/sexy. i have a long torso, so i like that it covers me better than most one piece swim suits i try on. i highly recommend this product!",5,1,0,Initmates,Intimate,Swim
5586,861,43,What's up with the tag??,"I tried this shirt in the purple motif, it fit true to size, my normal small worked well. all was good on the front turned around to admire the slight detail of the neckline in the back and all i could see with the red thread the designer used to sew their tag in. really? on a white shirt? it annoyed me so much i didn't buy the shirt.",2,0,1,General,Tops,Knits
14944,1117,40,Vintage style,"This coat is a classic! i would wear it every day if it wasn't so distinct. very comfortable, flattering, and stylish.",5,1,0,General,Jackets,Outerwear
8909,854,47,Beautiful detail,I love this blouse with a pair of jeans. the neckline is fairly deep but very flattering and feminine. the detail is beautiful.,5,1,0,General,Tops,Knits
10399,1020,44,Simply sweet skirt,"I was so surprised to find this in the sale. it is beautiful. light and airy while lined. the color is bright and fun. it is so comfortable. i ordered an xs based on reviews (this is my typical size in this type of style) and it fit great. i ordered the regular length even though i am only 5'4"". i am about 120#. will be an easy ""go to"" skirt to throw on for a casual look or can be dressed up. did i mention comfortable?",5,1,0,General,Bottoms,Skirts
18600,309,35,Great strappy back,"I absolutely love this bra-it is the most comfortable, aesthetically pleasing sports bra i have ever owned. i love the straps! they take some patience to get aligned properly once the bra is one, but afterward it looks amazing. the bra itself is soft and the padded inserts actually stay in place without much manipulation so they are aligned properly. when moving, i do not have any areas that rub or get irritated uncomfortably. i absolutely love this bra. it gives me the support i need for a high",5,1,2,Initmates,Intimate,Lounge
6259,872,28,,,5,1,0,General Petite,Tops,Knits
16245,873,55,Recomend if you can get the size right,"I got the size wrong, and the right size was ot available - so sad! i really loved this.",5,1,0,General,Tops,Knits
19487,1076,56,Great dress!,This looks beautiful and fits true-to-size. the material has enough weight so that it hangs well. this is a very form-fitting dress - i wouldn't recommend it to someone uncomfortable with a close fitting style.,5,1,0,General,Dresses,Dresses
6193,850,39,So cute,This top is so cute.  i love it and get tons of compliments on it.,5,1,0,General,Tops,Blouses
19302,1078,56,Comfortable,"Very comfy with cotton and lots of stretch. can be dressed up or down. i wear it with blue denim jacket and also with cream cardi. 5'4"" 135# and the small is perfect.",5,1,0,General Petite,Dresses,Dresses
19476,1078,34,Perfect summer into fall dress,"Love this dress. the fringe makes it so special! it's a little shorter than i anticpated - it hits me right about where it shows on the model and i am 5 2"". i love the length. can't wait to wear this.",5,1,3,General,Dresses,Dresses
22949,1091,62,Great for athletic bodies,"I have an athletic body 5'6"". i have no curves and this dress made me look so feminine and long and lean. on top of it being beautiful , the dress has a very comfortable ""jersey knit type"" lining. so easy to wear and incredibly comfortable sitting and /or dancing.",5,1,0,General,Dresses,Dresses
1230,1028,38,,"This is my first pair of realllly expensive jeans, and they were worth every penny. i love the fit, the distressing, everything about them. they make me feel like i look amazing, which is what good jeans should do! i wear a 31 in pilcro jeans, but based on some reviews went up to a 32 in these and they are perfect. also, i'm 5'6 but the crop length hits at my ankle, which is perfect.",5,1,1,General,Bottoms,Jeans
11890,872,39,Nice colors,"I had a hard time deciding to order red or turquoise, as both colors are really nice in person. the black, of course, is a classic. another reviewer found the top to be small, but i found it to be a little big on me in my usual size. not too bad, but a little bigger than expected.

teh neck part is effortless as there is stiching to help the colw effect stay in place. the fabric is thin though, so may show things (thinking bra ripples, and perhaps some other ripples in front tummmy). keeping it",5,1,4,General,Tops,Knits
11302,829,65,Perfect maternity top!,"Could not wait for this to come and so disappointed.  first of all, it's not a happy orange, it a darker rust.  second, it is huge.  fits in the shoulders and is super comfy and cute but would be a dynamite maternity top.  you could go to term in this blouse!  back it goes.  so sad.",2,0,0,General,Tops,Blouses
5340,1095,21,Beautiful dress,"I am 5'3' and 120 lbs for reference, and pear shaped and this dress in a 4 petite fit like a glove. granted, not a dress i would want to gain weight in, but fit perfectly. usually i am a 2 in retailer dresses but read other reviews and definitely made the right choice. it hits at a very flattering length even for someone as short as i am.",5,1,0,General Petite,Dresses,Dresses
11026,830,66,Strange fit,"For a couple weeks, i debated making this purchase. in fear that my size would no longer be available, i ordered this lovely top. when it arrived, i was immediately disappointed with its colors...unlike the vibrant colors in the photo, the top's colors were dull...more a brown than orange and gray rather than lavender. had the fit been better, i would have kept this item despite of its color. it's cut weird! though it runs slightly large, i felt the top was ill fitted through the upper bust and",2,0,6,General Petite,Tops,Blouses
19030,748,45,,"Adorable! great for yoga or everyday use. can even fit a strapless bra under with no showing(i purchased the black). i'm 5'4"", usually a 6-8 and it fit great.",5,1,1,Initmates,Intimate,Intimates
11831,1098,34,,,5,1,0,General,Dresses,Dresses
984,1094,41,My holiday dress,"This sweater dress is lovely, quirky and comfortable. because i have broader shoulders, the neckline was perfect on me, although i probably will end up wearing a scarf to keep my neck warm! the dress skims in a very flattering way. at first i was dissapointed it wasn't more formfitting, but it drapes very nicely. (i usually wear a size four in dresses and chose the small in this dress which was best i think.) it has a built in slip that is a bit flimsy, so i will probably wear a long silk one th",5,1,9,General,Dresses,Dresses
881,299,37,Cute casual shorts,"I ordered these in both the grey and moss, and i love both. they are very soft, very easy, loose fitting casual shorts. i wear them a bit lower on my waist than pictured, so they hit lower on my leg than on the model, which i prefer in these. i am 5'3, 105 lbs, ordered xs. the dark grey ones feel more versatile, like you could throw on anything with them and go. the moss look cute with white/cream summery tops. they washed well (machine, cold, laid flat to dry), touched up with light steam from",5,1,3,General,Bottoms,Shorts
23372,1110,26,Simply beautiful,"I had been eying this dress online for a while and when it finally came into stores i was so excited! this dress is so gorgeous and very flattering on my body. i love the bottom of it, it is more of a u cut in the front and square in the back. add an ada wrap belt and perfection!",5,1,1,General Petite,Dresses,Dresses
13001,940,40,,,5,1,0,General,Tops,Sweaters
5201,238,47,Beautiful print and design of suit,This swimsuit is so beautiful and fits wonderfully and is very flattering. comfortable fit as well. love it!,5,1,0,Initmates,Intimate,Swim
19730,990,59,,Really cute and comfy and casual skirt. i am looking forward to travelling in this skirt and running around for the summer. i did size down one size. highly recommend. will get lots of wear.,5,1,3,General,Bottoms,Skirts
5336,1058,36,"Weird fit, makes you look like you're on stilts","I was so excited about these pants but they were a total disappointment in person. the fabric is a rough gauzy texture. the bottom has a big hem that weighs down the pants and makes them hang funny like you are walking on stilts or something, they do not hang or move well on the body. also, they are very long but small in the waist and have a high crotch so the fit is pretty off. sadly, these are going back.",1,0,14,General,Bottoms,Pants
6926,871,35,Plan to size way up,"I'm a rather small person--5'2"", about 100 lbs, 32a bust. i typically take a 24p/00p/xxs. knowing how retailer's sizing is a bit all over the place, i ordered this tee in both xxs and xs, planning to return the size that was less preferred. imagine my surprise when i try on one of the tees and i barely can get it on; imagine my further surprise when i realize that the xs is the tee that was so clingy. now i realize that this is supposed to be a body-skimming tee, but even as petite as i am, i coul",2,0,11,General,Tops,Knits
20467,829,38,Very flattering fit,I love this top. the design is beautiful and the fit is flattering. it's so pretty. the top has great movement and pairs well with so many things. the top hits somewhere around my waist but wasn't too short. i highly recommend this top.,5,1,2,General Petite,Tops,Blouses
20744,1078,27,My new favorite summer dress,"This dress is so much more stunning in person than in the photos. it's incredibly flattering, and i like how it pans out at the bottom. it also has pockets! although it has a built-in slip, it is a little see-through, so keep that in mind, otherwise, i can't wear it enough.",5,1,1,General Petite,Dresses,Dresses
15835,1094,24,Beautifil bohemian dress,I am very surprised by the low reviews of this dress. this dress is obviously a very loose fitting style. it is a bit of a man repellar dress.the quality of the fabric is beautiful and the pattern stunning. i find the loose flowy style liberating and comfortable. i love it with otk boots and tights for winter but also planning to wear with sandals in spring. i am 125lbs and purchased the petite small.,5,1,1,General Petite,Dresses,Dresses
12189,1083,39,Pretty and flattering dress,"I really love this dress! it's very flattering and comfortable, and all the buttons keep the wrap in check. i've gotten lots of compliments on it. also, it's got pockets!",5,1,1,General,Dresses,Dresses
15857,815,60,,Very soft color and soft to touch. the material is light and airy and it feels great on. i wear a medium and bought the small. i would definitely buy this in another pattern if they made it as cute as the flamingos.,5,1,1,General,Tops,Blouses
17076,821,31,"Great, versatile piece",A great addition to any wardrobe. can go with nice trousers and dressier shoes for work or jeans and trainers for a casual look. i didn't find it to run small and indeed thought it fit as i'd expect.,5,1,0,General,Tops,Blouses
23095,1051,57,Versitile!,"I was not sure if they would be flattering with the waistband, but i love them. they feel wonderful, yet they are so light. perfect for warm weather. the print takes them from day to night.",5,1,1,General,Bottoms,Pants
21734,872,48,So feminine,"This is so pretty! it was beautiful in white but i bought the blue because the fabric is a little bit see through. i'm 5' 4"" and weigh about 135 and this shirt fit just like on the model in the picture. it was a nice neat loose. not sloppy at all.",5,1,1,General,Tops,Knits
6743,1033,28,Most comfortable jeans ever,"These literally are more comfortable than sweatpants. they are definitely ""relaxed"" and look a little baggier on than in the photo, but still cute and flattering.",5,1,5,General Petite,Bottoms,Jeans
12393,839,63,Very cute top!,The blue is not see though at all and the length is perfect. so many tops now are on the longer side or have the high/low hems. this one is great....love it. kinda want the white one now!,5,1,0,General,Tops,Blouses
18262,595,57,Adorable,"Very soft and comfortable, great for girls who don't usually like shorts because of bigger/muscular thighs. i would say these run large, but not drastically. for reference, i'm usually a size 6 on the bottom and i got a small. the girl at the checkout counter called them pajama shorts but i think these can definitely be worn out of the house.",5,1,1,Initmates,Intimate,Lounge
1279,850,32,Awful fit,Wanted to like this top but it looks terrible and does not lay right. the bust line is not tight enough to contrast the rest of the top being flowy. does not give any shape to the body. do not recommend for anyone with a medium to large chest.,2,0,0,General,Tops,Blouses
2788,868,37,Unique but runs big,"This is a super cute style and i love it with white skinnies. i purchased the gray colorway. i am normally a small in tops but purchased the xs based on other reviews. the xs is still pretty loose on me, but i don't mind too much because i like flowy tops anyway. the color is so pretty and the design is edgy. it will transition to fall well.",5,1,1,General,Tops,Knits
14004,939,67,Fun unique jacket,Purchased for myself and loved the fabric and unique design. it runs very large and the size smaller was not available so it was returned.,5,1,0,General Petite,Tops,Sweaters
3989,907,39,Love - soft and feminine,"I decided to order this on a whim during the promotion on tops, why? because it looked decent and i like the other tops from the same brand. i am so glad i did, it is even better in person.

color: nice ivory with subtle speckle in it. very neutral in color, but also on the warmer side. the fabric is a little sheer, you could definitely see my bright colored bra, but a nude one will do the trick.

the length was a little longer, and the sleeves were a bit long too (doesn't come in peite0, bu",5,1,4,General Petite,Tops,Fine gauge
19879,868,67,,,5,1,0,General,Tops,Knits
16209,940,65,"Ah, rosie neira--the best designer of knits!","This is a beautiful, artistic piece for your wardrobe! seriously, rosie neira is a talented, london-based designer, who will thrill you with her vision. she is expert at making a woman look amazing from every direction; these knits are stunning, the materials and workmanship flawless. the medium fits me as expected (size 8, medium top, 34f). i was drawn to this by the rosie neira label, the flowing front drape and slightly longer back, the gorgeous knit quality and design, and the way it makes m",5,1,30,General Petite,Tops,Sweaters
10008,1110,50,"Love, love, love!","I purchased the mauve dress from an retailer store last weekend during their 20% off sale. i absolutely can not say enough great things about this dress. it fits beautifully... the pattern on the material is so pretty and feminine. once i got home from the store and tried the dress on again, i immediately purchased the black one also. i had to have it in black too! such a great dress to wear to parties, date night, friends outings.. we are going to california in september and will be wearing these",5,1,1,General,Dresses,Dresses
3810,863,80,,This top is perfect. i absolutely love this sweater. it is super cute to wear with shirts for the summer and it will look just as cute with jeans for the fall/winter. the color is very subtle and not too pink. it is super soft and i would 100% recommend this to someone!,5,1,3,General Petite,Tops,Knits
10848,125,34,Beautiful top ruined by styling,"This top is beautiful - even more so in person. however, like a previous reviewer, the fit is very boxy. there is so much excess fabric that poofs out on the sides that you can't see in the photos due to the model's cardigan and arms. if this top had been a bit longer and more fitted, without all the excess fabric at the bottom, it would have been perfect. again, the color, the lace, the fabric and the pleating is all gorgeous. would love it if the designer took this into consideration and came",2,0,0,Initmates,Intimate,Layering
21291,903,25,Work of art,The colors of this top are even better in person. the blue is easy to pair with denim and there is no need to accessorize -- the print does all the talking! it is a bit wide on the bottom and the print material is pretty thin. it definitely looks like something not everyone else has - worth the splurge.,5,1,15,General,Tops,Fine gauge
16659,868,36,Subtly soft,"I purchased this in the light red, and love it!!! this top is so incredibly soft and ridiculously comfortable.  definitely worth buying.  the material is high quality and can easily shift from season to season.  wear alone with shorts and wedges for summer or put it over a long sleeve top,  or even a holding horses jean shirt with a pair of black leggings and boots for fall.  
absolutely love the softness and the consistency of the fabric.",5,1,2,General,Tops,Knits
6108,828,52,Fabric looks cheap,I returned this item. it was soft. very blah fabric. nothing special.,1,0,0,General,Tops,Blouses
2775,827,53,Off or on the shoulder....,"The top is nice, good quality, etc.... but how do you keep the 'off the shoulder' off the shoulder? mine keeps inching up until it's just a boring white top with a strange loose neckline.",2,0,0,General,Tops,Blouses
8266,823,57,Cute top,"I got this top in the pink. the colors and pattern are beautiful - i received so many compliments. it is very comfortable - it is ""swingy"" so i paired it with skinny jeans. 
i usually wear an xs or s - 0 or 2 in retailer tops - i got this in an xs and it fit perfectly.",5,1,5,General,Tops,Blouses
16971,984,57,The perfect jacket.,"I absolutely love this jacket. as a 36 year old woman, i want items that are on trend but don't look juvenile. this jacket hits the nail on the head for me.",5,1,1,General,Jackets,Jackets
13316,1038,23,Great jeans,"Great boyfriend style jeans. run large, though - i had to order a size down.",5,1,0,General Petite,Bottoms,Jeans
2436,939,41,Disapppointing,"Loved the idea of this - unfortunately, it disappointed all around. it's way too short and ran small. the fuzzy collar was also different than pictured in the stock photo and looked a bit tacky and cheap. the pricepoint is also way off the mark for this piece. usually an retailer small (5""7"" 140 lbs 32dd) but ordered a medium (small would not have fit in this piece). do not recommend.",2,0,10,General,Tops,Sweaters
644,1059,35,,"I love the fit of these pants -- they're the perfect slim black pants. however, i wore these pants exactly three times before the seams split the middle of the pant in not just one, but multiple places. disappointed by the workmanship/quality of the product, especially since the pants fit amazingly and don't sag like other slim fitting black pants tend to do. i hope retailer will take this into consideration and improve the quality of future iterations of this product.",2,0,8,General,Bottoms,Pants
3844,1052,31,Very cute but cheaply made,"Saw this online and went in to try on. fit great and is true to size, but i should have known there would be issues as three out of six on the rack had the sewn in tags were all but hanging by a thread. i bought this for my bachelorette weekend in napa and when i put this on i noticed the straps had a few threads coming out and i thought, better get this to the seamstress as soon as i get home to secure the straps. well, literally five minutes into the car ride to the wineries i noticed the seam",2,0,1,General Petite,Bottoms,Pants
19333,1081,29,Versatile and comfortable dress,I loved this dress so much i got it in two colors. the colors match the picture online. it's very soft and will work for summer and fall.,5,1,0,General Petite,Dresses,Dresses
4308,1078,29,,,5,1,0,General,Dresses,Dresses
9794,933,41,Very pretty sweater,"I love this sweater! the sky color is very flattering in person. i love that it looks good open or closed. i bought one for my mom and me. i think it will be very versatile. i think it runs mostly true to size, possibly runs just slightly big.",5,1,0,General Petite,Tops,Sweaters
2509,1081,29,Great basic,This dress fits great. i love that it's fitted at the top but drapery and swingy at the bottom.  it has a thicker t-shirt type fabric.  i will definitely style this with a variety of necklaces or a scarf and cardigan for cooler weather.  it's much cuter in person.  for reference i'm 5'4 105 and got xs.,5,1,2,General Petite,Dresses,Dresses
4704,836,53,This top is the bomb!,I bought this top because i loved the floral print. i had no idea i was getting a top notch quality top. i love the flow of the bottom and the zipper in the back is so classy. it has a lining and the coolest thing about it is the snaps that protect your bra from showing. love love love this top!!,5,1,0,General Petite,Tops,Blouses
18171,1094,44,Black and white is adorable,"I got this version in the black and white and can't wait to wear it. it is very flattering on and will look great for those spring/summer events. the only thing that could have made this dress better would be side pockets like the fall/winter navy dress by the same designer had, but don't let that minor detail hold you back.",5,1,1,General,Dresses,Dresses
14512,1080,47,,"Beautiful and femine dress. it comes with a slip which is a big plus. it fits well and the sleeves are flowy and just at the right length. the only downside is that the bottom is not hem and being lace, it is delicate. you have to take care wearing this.",5,1,2,General,Dresses,Dresses
14050,939,46,Lovely cape,"The red of the cape is a deep garnet. really pretty with the beige lining. it's loose enough that it feels and flows differently than a sweater. the boiled wool isn't itchy but keeps you warm on a fall day. the one snap lets you easily take it on and off. i'm 5'5"" and 125lbs. the xs fit perfectly without being too tight. i've gotten a lot of compliments on it.",5,1,0,General Petite,Tops,Sweaters
277,868,83,Sooooooooo cute!,"Love this top!
it is a full/ swing top, but the slightly shorter length balances out the fullness perfectly.
i have been wearing it with a contrasting fitted cami and get tons of compliments.
love both colors, and having fun wearing them.
and after one washing the fullness is softer and looks like the pic.
runs true to size and in the arms slightly tight, so i went with my usual med and fits perfect.
if you have issues with sleeve size would recommend going up a size, otherwise very true to size",5,1,1,General,Tops,Knits
22231,819,40,,,5,1,0,General,Tops,Blouses
19348,867,58,This tee is flattering and comfortable.,"I love this tee. it has a very flattering fit and the fabric is very soft. it runs small, especially in the arms. i suggest sizing up. the tee looks great on. it is slimming and super comfortable.",5,1,2,General Petite,Tops,Knits
7971,862,57,Best purchase i've made in a long time,"I absolutely love this tunic and was pleasantly surprised when it arrived in the mail. i thought it looked really cute in the photo here, but it's even better in person and is extremely flattering on. so happy.",5,1,4,General,Tops,Knits
17935,1104,47,Very chic,"I found this at my retailer store--the only dress left. i bought this in black in my usual size small (4-6). this dress was so pretty on and fabulous in hot weather. the material is gauzy and so the look is casual. i'm not sure i would wear it in the evening but the fit was great. i am tall, (5' 9"") and the dress is long enough for me. i would say it is the same length as on the model. it is a bit pricey for what it is but i bought it as a birthday gift to myself.",5,1,1,General Petite,Dresses,Dresses
10215,936,49,A signature piece,"Absolutely beautiful jacket...the craftsmanship is amazing, and the colors remind me of a impressionist water color. the jacket runs true to size (i'm 5'7"" and 115 pounds with a 30e bust and the extra small fit perfectly). unlike the other reviewers, i didn't have issue with the bottom not lying flat or the collar bunching up. i wore it with a green leather pencil skirt and suede stilettos, but you can also wear it with skinny jeans as well.i got this very deeply discounted, and although it is i",5,1,1,General,Tops,Sweaters
7569,829,27,Very cute/feminine,"I got the top in green, it is very soft and comfy. it does flare out a little if you wear it untucked but looks really cute tucked into jeans or a skirt.",5,1,0,General,Tops,Blouses
7132,1081,72,Stunning dress,"This dress is gorgeous in person and so comfortable. i wore this to a business meeting and got several compliments on it. i am 5 feet tall and it does run a little long on me, a petite small hits me slightly below the knee. however, the dress is so nice that i am keeping it.",5,1,1,General Petite,Dresses,Dresses
20279,1035,25,Perfect jeans,"I am 5'6"", 130lbs, size 27, short-legged, and these jeans fit perfectly. i've learned that pilcro's serif fit is my go to, and these did not disappoint. not only are they a flattering fit, they are the ideal medium blue denim, and they aren't covered in excessive whiskering, which seems to plague most jeans.",5,1,1,General Petite,Bottoms,Jeans
21099,872,36,Trendy simplicity,This shirt is a great way to rock the off the shoulder trend. you can dress it up or down bi would definitely recommend it.,5,1,0,General,Tops,Knits
11402,834,28,Very nice,"I'm 5'5 and curvy body shape, bought size 6 because i want it to be a bit loose, turns out i could go with size 4 too, beautiful detail, and amazing fabric. this come with a crop tank top to go inside the lace blouse.",5,1,0,General Petite,Tops,Blouses
15986,1056,46,My favorite pants i have ever bought from retailer,"These pants are a life saver. i love to travel with them and have washed them in a hotel sink, rolled in a towel, and hung dry with good results. picro does not usually fit me well, these pants are the exception. i'm 5'6 and if i uncuff them they can be worn as regular length. great for a baseball game!
i will panic if retailer ever changes or discontinues them!!!!",5,1,7,General Petite,Bottoms,Pants
12522,1059,25,Adorable on!!!,This is so cute with a shirt or tee under neath. the look is better with a shirt underneath. very adorable for many occassions. i ordered the petite sizing b/c i like my pants more cropped.,5,1,3,General,Bottoms,Pants
11268,829,33,Tent,"This item is huge. i'm normally a medium, sized down to a small, still massive. couldn't go too much smaller because the buttons would pull at the chest. but the sleeves are very wide, as is the waist. way too much fabric. i had high hopes for this one but it just doesn't work. for reference i love billowy and flowy tops, but this was a tent.",2,0,0,General,Tops,Blouses
2145,872,30,Great every day long-sleeved tee,"I absolutely love this tee! i normally don't buy two of the same thing, but i bought it in both black and mauve during a december sale. i ordered a size small, and it fits tts. it can be worn with leggings or skinny jeans/cords. i love pairing it with skinny jeans and boots best. it's very slimming and so soft.",5,1,0,General Petite,Tops,Knits
9169,862,34,Softer than i imagined,Bought this on a whim and am so glad! this is made of the softest fabric and the loose flowing nature of the tank make it perfect over a bathing suit.,5,1,0,General,Tops,Knits
20400,1095,55,,"This dress is very versatile. it is comfortable and very flattering. the armholes were not too big. you do need to wear a bra that crosses in the back if you do not want the straps to show. i purchased the red/pink color and it is very vibrant and not see through at all. the length is great as it is above the knee by a few inches, it accentuates the best part of the leg. it also can be dressed up with heels and jewelry or more casual with flatter shoes. it is a classic style, not trendy so it wi",5,1,4,General,Dresses,Dresses
21026,829,24,"Flowwy, comfortable, feminine","I love this tank! its something you can dress up with a skirt, or wear over jeans. i like loose fitting tops, although i have a slender frame. this is also so comfortable. i went with a size medium, and it fits perfect.",5,1,0,General,Tops,Blouses
1049,949,52,Love this sweater,This sweater is perfect for transitioning into fall as it is not too heavy. it's flattering and looks great with jeans.,5,1,0,General,Tops,Sweaters
12499,1035,36,Love these!,"Love these jeans, comfortable fit and material is soft.. fit true to size and have a good rise.",5,1,1,General Petite,Bottoms,Jeans
1672,1059,51,Another winner,Can't go wrong with these new charlie's by cartonnier. they fit amazingly. the fabric is a textured cotton but doesn't seem to wrinkle. just shook them out of the bag yesterday. the fabric description says cotton and spandex so they have some give (just a little) but are not going to stretch out after wearing for an hour. paired it with all sorts of different tops. side zip is slimming. lined pockets. substantial fabric. nothing bad to say. if you haven't tried a pair of charlies you should. you,5,1,5,General,Bottoms,Pants
15301,1078,30,Love this dress!,"I'm 5 feet tall, so dresses are hard to find for me. but, the petite sizes fit accurately. i'm very pleased with the dress!!!",5,1,2,General,Dresses,Dresses
14772,860,63,,,1,0,0,General Petite,Tops,Knits
10338,619,33,Comically bad,"These looked really interesting online and with the multicolor stripes i thought it would pair nicely with many tops. 

the fabric is nice and sturdy. the colors are more vibrant than online. 

the design however is terrible. when i put them on i double checked to make sure they weren't on backwards- the back is flat as a board but the front has these poofy pockets. the poor fit with the bright stripes gives a ""1920s circus diaper"" look which is not good. 

they're also really tight compar",2,0,0,General,Bottoms,Shorts
20468,1059,50,Very unflattering!,"Given that i am petite with thighs (take a size 6p or 28p) these were not for me! the run small, are really tight from the thigh up, run longer that a petite should and are fairly thin. on top of that the zipper and hook in the back are really inconvenient. i was looking for something i could wear to work, and these were not the right style for that. plus they seemed cheaply made, like they wouldn't stand the test of time. i imagine if you are tall and skinny like the model, they would look good",2,0,1,General,Bottoms,Pants
2659,859,57,Great top!,"The photo does not do this top justice. if you pull the tie a bit, it shapes the blouse a bit. i have a few work tops from retailer that i treasure -- they look good, wear well, wash easily and drip-dry perfectly. this top fits the bill too. and it goes with navy, black or even wine-colored pants. grab one!",5,1,2,General Petite,Tops,Knits
4767,1080,22,Beautiful classic dress!,"I can't get enough of this dress! this dress is everything. from the flattering fit, to the colors and pattern, to the design, and to the quality.. this dress really has it all. this is worth every penny and in my opinion, a great price for a versatile, high quality dress. the material is that super comfy, stretchy material which is perfect for everyday! it is a no brainer and easy to throw on. also, the neckline is flattering and sexy without showing ""anything""! definitely can wear a normal bra",5,1,0,General,Dresses,Dresses
15900,1076,30,More of a cover up,This  is more of a cover up than something you would wear out .,2,0,1,General,Dresses,Dresses
20791,1022,50,Ag farrah,Usually wear stevie jeans from ag but wanted to try something different. now i love farrah!,5,1,0,General,Bottoms,Jeans
20542,1053,38,Live in these,I could live in these. they are so comfy. i typically wear a 6 and got the medium. they are a little roomy. probably could have gotten a small..but i like them kinda loose and baggy. i will probably purchase another color!,5,1,2,General Petite,Bottoms,Pants
10208,927,46,Really lovely sweater coat,"I love the patterns and the colors! easy to dress up or down.  i ordered a small and just ordered a can to compare them. the cut is great as the sides still meet even though there's no closure. it's a good weight for this weather and winter! i live in sweater coats where i am and this is a great addition.
it's a little itchy, that's the only flaw.",5,1,1,General,Tops,Sweaters
1237,850,37,Cute,"I'm small (4'11, 98 pounds and 34a) so the regular xs looks like a baby doll dress on me.  i just wear the tunic with a tank top underneath (or i can wear the tunic by itself) and leggings plus a pair of boots.  the top part is slightly baggy so if you want tight fitting, is size down to xxs.  i got the yellow flower and white + grey one and plan to get the navy one soon.  the quality is good and you can machine wash it with cold water.  i plan to use a tide sweater garment bag to wash it (i put",5,1,3,General Petite,Tops,Blouses
3085,872,37,Adorable,"Love this top the crossover design is so cute. i ordered by normal xs (5'5"" 110 lbs) and was worried it wouldn't fit right in the chest (34 d) but it does and even though it's cut on the lower side it's made so there is no gap in the shirt when you bend over. has a little elastic in there to keep everything together. perfect length and nice thicker material got the navy and red stripe and with white jeans is so cute!",5,1,0,General,Tops,Knits
1155,1060,58,"Lovely, comfortable and versatile","I tried this jumpsuit on in the store and loved it but decided to wait on purchasing it. after it went on sale i jumped on it because i new i would regret not buying it. 

i am tall but most of my height is from my long legs, not in my torso. i seldom find jumpsuits that fit my frame but his one fits perfectly. the fabric is very ""flowey"" and does not wrinkle. the overall design of this jumpsuit is slightly but not overly baggy. the pattern and pleating make it a perfect item for spring and su",5,1,0,General Petite,Bottoms,Pants
10989,1092,53,,I love this dress. the colors are eye catching. if flows nicely.,5,1,0,General Petite,Dresses,Dresses
9567,1095,36,So disappointed in retailer's descriptions lately...,"And this one proved to be no different. the short end of it; this dress is pretty much super thick, heavy linen with a rope like collar (the supposed embroidery you see), and there is no lining, but completely unnecessary pockets. i'm typically a 2 or 4 depending on the designer (5'7 & a super fit 135 lbs) and knew enough to order an xs in this, however it still fit like a potato sack. even upon taking it out of the plastic bag, i knew it was going back. between the unrealistic pictures and lack",2,0,6,General Petite,Dresses,Dresses
3767,1086,40,,"I loved this purchase. the dress is beautiful. it?s classy, very feminine and rich-looking. the colors and fabric are exactly as shown on a picture. it is tailored and non-stretch, so size has to be right. i am between 6 and 8 and my size m dress fits well. had to spend time shopping for a belt as the dress definitely needs one. gorgeous dress!",5,1,5,General Petite,Dresses,Dresses
3450,1056,28,Love these pants,"Ordered the grey colored capris & they fit great. i am 5'5 110lbs and the size 25 fits me comfortably. i've recently been making a transition into more comfortable, looser style pants instead of skin tight jeans. these are great. still figure flattering, but comfortable and well made. the detail on the button section is lovely also.",5,1,0,General Petite,Bottoms,Pants
12448,823,58,Stunning perfection,"Absolutely stunning. the color, the pattern, the quality. i love everything about this top.",5,1,0,General Petite,Tops,Blouses
21808,1087,21,Super comfy dress,"I love this dress! it's super comfortable and can easily be dressed down with a jean jacket and some sandals, or dressed up with leather and a good pair of heels. the fit is spot on and very slimming, and i like that the length isn't too short as well.",5,1,0,General,Dresses,Dresses
11042,1093,46,Gorgeous dress - but a little heavy for a hot day,"Ordered this online in a petite 4. (i'm 5'3""/130#). fits very nicely but for the amount of fabric this dress has (3 layers total), i think a 2p will be a better choice and not look as full, maybe a little more fitted, which will be more attractive at the top on me.

however, the detailing on the dress is really beautiful and high quality. the dress has quite a bit of weight to it with the top swingy layer, a tulle like layer for shape and then the sheath like slip. the colors are all very dark",5,1,4,General,Dresses,Dresses
921,1066,43,Better than in the photo,"Don't pay attention to the less-than-flattering photo. these jeans are super cute and very flattering. they are actually long, not ankle length as the photo implies. high waisted with a 70s bell bottom vibe. nice light denim for year round wear. they fit like a dream.",5,1,0,General,Bottoms,Pants
21319,1068,31,,I am so glad i ended up with these pants. wasn't ready to pay full price but ordered them immediately on sale & realized they were definitely worth every penny of full price. they are so soft & have so much detail. these pants are just gorgeous. i'm 32 and can't wait to wear these to cabo!! they may run a little large.,5,1,3,General,Bottoms,Pants
21501,1060,39,Love,"I just received this. it is adorable! well made with attention to detail. the cotton is soft and it hugs the body well in the right places. the pattern is actually sewn into the cotton. very cool. it has a sophisticated, elegant and urban vibe to it. this one is a winner.",5,1,4,General,Bottoms,Pants
16443,1050,77,Soft amd comfortable--and very stylish,"I have shirts and dresses from this brand, and they are great. i was happy to finally see a pair of pants! these are just as soft and well made as the other items. i would recommend you try them on. there is only a slight variation from one size to the next, so it will depend on what look you are going for. they are cropped at the calf, but can be ""pulled up"" for a more dressier look. i cannot say enough about the material. it is so soft and comfortable. they do wonders for your behind- i think",5,1,2,General,Bottoms,Pants
13556,1094,29,Great dress,"This dress is gorgeous in person. it is so much softer than it appears the photo and the fabric moves well. what you can't see from the picture is that the bodice sort of overhangs the skirt by an inch or so which is really nice for accentuating a small waist and separates the top from the bottom in a cool way. 

i am 5'6"" 135 lbs and curvy. 36-26-39 for reference. i ordered the 4 and it is loose although still flattering thanks to the forgiving cut. wish i had gotten a 2 but now they are sold",5,1,1,General Petite,Dresses,Dresses
5500,1111,38,Love this dress!,I am simply mad about this dress. i am smaller on top with larger hips. my bust is a mellow b but i could see this working on a or c cups also. this dress is extremely flattering for my body type and the bodice fits like it was made for me. it fits fine without a bra and just perfectly with a semi padded strapless. i got this dress to wear to a summer wedding. the texture and color are beautiful and i will pair with simple jewelry and nude heels. it's a great find and excellent quality. definite,5,1,1,General Petite,Dresses,Dresses
5446,939,31,"Warm, soft and lightweight","I loved this jacket! it's exactly what i was looking for. i set out to find a lightweight sweater or jacket that would keep me warm and also versatile enough to wear with different outfits. this definitely fit the bill! in addition, it's really soft and not at all itchy, which was a concern i had since it was wool and i ordered it online. i have received a bunch of compliments! i definitely recommend it!",5,1,1,General,Tops,Sweaters
2303,1028,52,Wonderful velvet black jeans!,Great pants! i love the style and fit! would highly recommend!,5,1,2,General,Bottoms,Jeans
664,1059,58,Cute slim pants,"I saw these in an email and immediately went to the web to look at them. they fit well and have nice slim look. the bottom of the legs seems to fit a little slimmer on me than in the picture, but they aren't too tight.",5,1,6,General,Bottoms,Pants
15254,1060,36,Love these pants!,These are a great versatile pair of black pants. they look chic without trying too hard and they work well dressed up or down. they do run a bit big as others have said. i generally wear a 16 and thats what i got in these but they're definitely big and bag out by the end of the day.,5,1,1,General,Bottoms,Pants
20652,949,71,So cute and stylish!!,"Was in my local retailer today and just had to try this on! it appeared to be a structured jacket, but it is actually a sweater-jacket! gives a very ""chanel"" vibe and looks so chic. i plan on wearing it with just about everything. i would probably wear it open most times, but i love the closure with the button detail. i am large busted, but petite, 119 lbs., 5'2"", and this was way more flattering on me than most jackets. normally, the sleeves are too long, but these were just right! i am sure i wi",5,1,1,General,Tops,Sweaters
3251,787,35,Soft and cozy,These pants are very soft and comfortable.  great for lounging around the house and for sleeping.,5,1,0,Initmates,Intimate,Sleep
18667,835,46,Love the art deco detail on this versatile top!,Can't wait to wear this out for the holidays! very comfortable and versatile - looks great with the vegan leather moto pilcro pants or any black skinny jeans for a more dressed up look -- i was originally going to pair with dark gray pilcro but the black moto with black heels looked really great in the store dressing room. beading is gorgeous and well done. velvet trim makes it luxe in my opinion. love that you don't need to pile on anything else to look polished -- top speaks volumes in and of,5,1,6,General,Tops,Blouses
22052,850,51,Perfect summer blouse,"Perfect! very pretty and flattering without being too fussy. helps to hide my tummy and very well made. that said i have fairly wide shoulders and a larger ribcage so i had to size up considerably. usually a 4 or a 6 and i needed a 10 to be comfortable. the 8 went on but the fabric has no give so i sized up. i am never a 10 but that's what worked in this blouse. surprisingly it still looked nice and tailored. definately runs on the smaller side.

lovely. worth the full price in my opinion.",5,1,1,General,Tops,Blouses
10466,1078,53,,"Beautiful, feminine, flowy dress. love the brass button detail at neckline and around waist-gives the otherwise delicate dress a pop of ""edge"". had to detach the slip to get it on, but glad it is included with the dress. i purchased the small and fits like a glove (5'8"", 135lbs, 34d). can't wait to wear it!!",5,1,1,General,Dresses,Dresses
7046,1094,25,Great dress,"Very cute, and well made. fits true to size.",5,1,1,General,Dresses,Dresses
21261,936,48,Gorgeous!!!!,"I love this sweater jacket! found it on the sale rack in a medium and fits like a medium would fit from my adored retailer! i am 5,4' inches and 34dd chest and curvy 145 lbs. the knitted detailed collar is a show stopper and what makes this item look like an an old school retailer item. the color is really not orange but more of a vintage rose with hints of rust and soft shades of pink. i love this color and i think it would look beautiful on many skin tones. i paired it with a pink blouse from anth",5,1,1,General,Tops,Sweaters
20890,1110,44,Work of art,"Wow, wow, wow! this is so retailer! the dress is more breathtaking in person, it is a beautiful work of art from top to bottom. the fabric is super soft and flows perfectly. the lining is super soft as well, and it doesn't fall all the way down to the hem so that the burnout detail would show through on the bottom. i don't like spaghetti straps but the straps are very sturdy and high quality, very comfortable. fyi, the color is much richer (a shade darker) in person, like an eggplant color. i orde",5,1,24,General,Dresses,Dresses
17172,1117,51,Perfect accent piece,Love this piece. it is warm and attractive and will set any outfit off from a dress to jeans and a t-shirt. i look forward to wearing it often.,5,1,0,General,Jackets,Outerwear
16115,1083,37,Another byron lars beautiful dress,The dress is a great buy especially since it was on sale. it fits like his other dresses flattering as i don't have a big bust and have a bit of extra skin from pregnancies but with this dress i feel amazing. get a ton of compliments when i wear it!,5,1,0,General,Dresses,Dresses
16719,1096,27,Absolutely stunning--if you get the right size,"This is the most intricate, delicate, beautiful dress i have seen in a long time! the pale blue, coppery brown, and dark purple tones are so complimentary of fair skin, dark hair, and light eyes. unfortunately my normal size was far too snug, especially on my hips, and this is now sold out. the fabric has no give, so i would say with any curves, size up if you can find this beauty. i'm heartbroken to be returning it!",5,1,0,General,Dresses,Dresses
19868,864,57,Love love love ??,"Love this top. tried it on in the store and had to have it. did not find it too sheer and could wear my regular bra with it, as the shoulders fit where the straps are. got tons of compliments on it. would have bought in more colors if offered i loved it that much. the perfect bohemian hippie chic top, if there is such a style!",5,1,0,General,Tops,Knits
16460,935,47,Beautiful camel color,"Love this top! tried it on in store...so glad i did since it runs large and i had to size down to a medium. the color is a beautiful camel and the material is soft...very grateful the fabric content did not contain dreaded wool, lol! therefore leaving it soft and comfortable to wear...the price tag was a bit much considering it is only a sweater vest but with retailer price equals quality so i don't mind spending the extra $!",5,1,1,General,Tops,Sweaters
17207,1077,46,Comfy,"The fabric is very comfortable and soft.
love it - great fit.(tts)
would recommend",5,1,0,General Petite,Dresses,Dresses
736,937,34,Perfect for cool summer evenings,"I found this sweater to fit me just as pictured. i am 5'8'', 128lbs and ordered a small. it hits length wise the same as pictured and is just as flowy with a lot of fabric. super cute with a grey top, white skinnys and brown leather sandals. love it!",5,1,4,General,Tops,Sweaters
12213,301,33,Amazing swimsuit,"I bought this on a whim.  i have a difficult time finding a great fitting suit, especially online!  

this suit is structured so well.  the material will seemingly last way longer than most of my other suits that are priced much higher.  the material i feel holds in my stomach. i have a large bust and it is comfortably supported in this.   

the design is so cute and i love the way the way crisscrossed.  it makes a one piece feel less like a one piece.",5,1,1,Initmates,Intimate,Swim
2164,867,53,Confortable - simple,"This top is so soft and comfortable. i bought it on sale, so would i have paid $60 for it . . . . not sure. fits true to size, what can i say its a simple top, well made and so soft.",5,1,0,General Petite,Tops,Knits
9435,1022,39,Super flattering and comfortable,"I love these pants! they are slimming, can be easily dressed up or down, and they are super soft and comfortable.",5,1,0,General,Bottoms,Jeans
19105,997,53,The skirt has a pretty stained glass look,"Pretty cut out design. it is a great length for work but it is also unique enough to get compliments. the skirt seems true to size but the waist does not have a lot of ""give."" in this regard it may seem a little small.",5,1,0,General Petite,Bottoms,Skirts
9611,862,31,Boxy,"I love the color block concept but this top was way too boxy. the shirt was pretty much square. and the top was super itchy, too. looks so cute online but no-go in person.",1,0,1,General Petite,Tops,Knits
13936,1098,34,Beautiful!,"Love the colors!! i'm 5'2"" and the regular goes down to my ankles like a petite dress would normally. if you get petite, it would be as high as it is on the model. the material is comfortable and i can see this as a pretty versatile piece.",5,1,0,General,Dresses,Dresses
8047,1078,23,Pretty in pink,"I love this dress. i am usually a size 4, but ordered this in size 0 and it fits perfect! great for any season, and can dress up or dress down. the pink is the perfect shade - i feel like i'm elle woods!",5,1,0,General Petite,Dresses,Dresses
2881,829,62,Pretty blouse,I debated between the xs and the small..and ended up with the small because it's 100% cotton i probably couldn't probably gotten the xs one. we will see if it shrinks. i hope it does a little. i do wish the retailer sizing was a little more consistent because sometimes the xs is fine.,5,1,3,General Petite,Tops,Blouses
23010,1125,51,Gorgeous coat,"This coat is simply beautiful. i love the slits on the sides, it makes it unique and sexy. i would suggest that you go up a size so the silhouette is not disturbed by any pulling or tugging. i'm so happy with my purchase!",5,1,0,General Petite,Jackets,Outerwear
8339,1098,42,,,5,1,0,General,Dresses,Dresses
19793,1096,56,Bhanuni is sloppy with its construction,"I had fallen in love with the coral dress that was somewhat like this one and came out a few months ago. but the problem i'm having with this one is the same problem i had with the coral one. they are all flawed in their construction! i had eventually tried 3 size 16s in the coral because each one was flawed. on one, one side hung longer than the other, and on all 3, the top design did not line up with the bottom design. this blue one is the same way! the top design does not line up with the bot",2,0,3,General,Dresses,Dresses
4946,927,42,Pricey but nice,"I like the top without the fake fur collar. when the collar is removed the neckline's shape is really nice. the collar seems cheap. i thought the sweater ran true to size. i'm 5'7"" 115 lbs. a small was a good fit although higher armholes would have made the whole thing fit better through the rib cage. it was loose there, but necessary looseness for layering anything underneath.",5,1,0,General,Tops,Sweaters
18630,975,48,The horror,"This vest looked so cute online but it's a disaster. the quilting is so bulky that the drawstring doesn't work properly and it just hangs. itlooks like something out of a costume closet that could be used for a peasant farmhand or a zombie movie. seriously, it's bad.",1,0,15,General,Jackets,Jackets
12138,865,37,Runs big,Pretty design and good quality but the medium was very balloony at the bottom. fit my chest alright (34c) but flared out way too much at the bottom.,2,0,0,General,Tops,Knits
14268,965,34,Perfect for work,"I ordered this blazer so i could look more put-together for work, but still feel comfortable. it checks both of those boxes, (it's almost like a sweatshirt material with more structure) and has a great cut/style. my only word of caution is that i thought this jacket was white with blue stripes, but the white part is actually a light heathered gray. i think i would have preferred white, but i still like it enough to keep. got my normal size small, which fit great.",5,1,7,General,Jackets,Jackets
3297,984,25,My new favorite jacket,"I would have never purchased this jacket based on the photo displayed here. it looks like something my grandma would wear. in person, however, this jacket is so versatile. the fabric moves with your body,and the ties at the bottom in the back and inside at the waist can be cinched to give it the look you want. i purchased this to wear with the weekend widelegs (which i also adore), and it's absolutely perfect. color goes with everything. i'll wear it with boyfriend jeans in the fall, too. great",5,1,0,General,Jackets,Jackets
17379,869,34,Perfect,"I love how soft, and substantial the fabric is. the fabric has a nice weight and drapes beautifully. the ruffle detail is very flattering. i have broad shoulders and this top looks great.",5,1,3,General,Tops,Knits
22913,1107,58,Great dress!,I wanted to love this dress but sadly returned it.  i think it would be more appropriate for someone younger.  it runs very large but its not clingy so forgiving of anyone with chunkiness (such as myself).  i guess i just thought the blue was a little too unexciting (for me).,5,1,0,General Petite,Dresses,Dresses
3777,861,58,Disappointed purchase,Material is too thin and quality is poor,1,0,1,General,Tops,Knits
14931,867,28,Incredibly flattering,"This top is gorgeous and flattering for spring. the fit is beautiful. one thing - i find that the seam that goes across the stomach does chafe a little bit. however, with a light tank underneath this is no issue at all and the top is well worth it.",5,1,1,General Petite,Tops,Knits
4666,1048,27,Flattering + chic + comfortable,"First of all, this is so much prettier in person. if i were looking online, i would have scrolled right by this beauty. i am usually a medium or small in retailer tops and dresses. in jeans, i am a size 8 or 10 but i always have to get the waist taken in (little waist, big thigh problem). this piece was tricky for me but i ended up with a medium because the legs are so roomy. also, there are little ties on the sides to pull in the waist more if necessary. the scarf can also be tied behind the neck",5,1,0,General Petite,Bottoms,Pants
13394,1072,61,Huge for petite,"When i ordered this online, i should have paid more attention to the picture. the dress comes to the knees of the 5'10"" model. i was swimming in small petite size. i checked the label and wondered whether i received the wrong size. nope, it was ps. either the dress was mislabeled, or this is cut huge. returning. too bad because the shape and color are cute.",1,0,0,General,Dresses,Dresses
916,861,66,Sporty and chic,"This top will be perfect for autumn and even winter down in the southeast. i purchased the ""red"" and hoped that it was more of a rust color-lucked in! the material is very soft and more on the thinner side for layering-which is alway a plus. i have spare tires in my belly area and this does not grab aholed of them,in fact the stripes do the work and disguise! and the lace up nautical feel brings the attention to my money maker! you won't be disappointed",5,1,1,General,Tops,Knits
16931,993,42,Knit skirts are the best,"And this one has a heavenly feel to it. i know it's not 100% cashmere, but it's soft and cozy. i love the understated colors and plan to wear it with a neutral/creme sweater. perfect to take from fall into winter.",5,1,4,General,Bottoms,Skirts
10370,1072,25,,"I'm not normally one to spend $89.99 on a dress from retailer, but when this dress arrived in the mail it was a no-brainer that i would keep it. it hangs beautifully on your body and the fabric is extremely comfortable the tie at the waist is really flattering and the neckline adds a little bit of fun. i imagine it can go from season to season pretty easily: springtime with a cardigan and flats --> summer with wedges --> fall with tights and boots. i love pieces that can serve different purposes a",5,1,1,General,Dresses,Dresses
13657,1078,43,Lovely summer dress,"I fell in love with this dress when i saw it. i love the colors and pattern. i've just been on the fence whether it complements my hippy frame. i'm a size 8/10 right now. i do like it with or without the tie for different effects. one concern is that the website says hand wash and the tag on the seam says dry clean only. i usually don't buy dry clean clothes, but might make an exception for this one.",5,1,1,General,Dresses,Dresses
15546,867,68,Not flattering on me,"This top is very soft and well made. for my short and curvy figure, it is very unflattering. i considered altering it, but there is no way to do it. it gapes in the front and if you have a waist at all, it won't show because this top is boxy and full in that area. if you are tall and slim, it might be perfect, so give it a try.",1,0,1,General Petite,Tops,Knits
12988,942,42,"Lovely, flattering, thick sweater","I love this sweater. i found it in the sale section a few weeks ago but wasn't sure if it would be too bulky. it had a dark smudge on the collar left from someone or something. i thought maybe it had been left behind by others for that reason because the quality was so nice. thankfully, i washed it and the smudge came out. 


i live in houston, tx and don't need to wear wool or cashmere sweaters for warmth. this is mostly cotton. it is well made. the sleeves were longer on me than the model,",5,1,0,General Petite,Tops,Sweaters
8067,1078,32,Perfect postpartum dress!,"I bought this dress for a couple fall weddings to hide my postpartum belly. it was only available in a size 8 -- which is my typical size. i was nervous based on the reviews it would still be too big, but it fits perfectly. i am 5'10"", so i assume my frame can handle the drappiness well!",5,1,0,General Petite,Dresses,Dresses
11536,949,35,The bold and the beautiful,"I love this sweater! it's vivid, soft and high quality. it's a little shorter than i'd normally go for, but it will look great with a mid to high rise jean. it runs true to size and meant to be roomy. the red is very vibrant.",5,1,1,General,Tops,Sweaters
3118,906,35,"Love, love, love",This has quickly become my go-to cardigan! it's light which will make it great for the spring and summer nights. i got it in the rose... and loved it so much i bought the olive too. bought a small- fits perfectly! arm length is great too.,5,1,0,General Petite,Tops,Fine gauge
8089,936,66,Gorgeous sweater,"I saw this sweater online and i fell in love with it! i was hoping to wear it for christmas. it arrived on time and it was such an amazing color. there is a touch of orange to the red color. it has a buttoned collar, and i like wearing it with one button open. it has to be one of the softest, most comfy sweaters i've ever worn. i wore it with skinny jeans and boots. it would be fine with leggings, too. the style and quality is superb, as always. i'm very pleased with this purchase!",5,1,0,General,Tops,Sweaters
18079,834,39,,I love this top and the relaxed fit. can be dressed up or down. i bought the bird print and liked it so much i purchased the umbrella print. now i'm contemplating getting the mixed dot! easy to just throw on with anything and the mix of colors keeps it versatile too!,5,1,0,General,Tops,Blouses
6822,862,46,"Very soft material, color is different in person","I ordered a size xl. it's flowy so it could be running larger but since the fit in the shoulders/neck/sleeves matches the model, i think it's true-to-size for the design. it is so comfortable. i love the softness of the material. the problem for me is the color. on my monitor, it looks like a light ivory or white. but, the embroidered lace bib portion is a darker ivory shade that doesn't work for my complexion so i'll be returning mine. everything is well-made though, especially the vintage-styl",5,1,5,General Petite,Tops,Knits
15695,895,49,Love it!,This is a beautiful light weight sweater. great for the texas weather. the red is a great color for the holidays too.,5,1,0,General Petite,Tops,Fine gauge
3905,1099,38,Ok curvy peeps! ;),So i notice most ladies on retailer love to say how tiny they are. so some of us that are busty and have a hip--this is nice. i actually could've done a medium but the large was the only one and on sale. it's meant to be loose! it's kind to ladies that aren't all size 2 :),5,1,0,General,Dresses,Dresses
17541,1086,38,,"This is my new favorite dress! it's super soft, comfortable, and flattering! i have worn it twice and each time have received multiple compliments. i love, love, love it!",5,1,0,General,Dresses,Dresses
20393,862,30,Length is far too short,"I ordered an xxs and it is extremely short in length. another customer had a similar review, but i still took a chance that it would fit well. the sides of the shirt have slits, and because the shirt is too short, it shows the skin on my hips. the rest of the shirt fit fairly well, but i'll still need to return this top.",2,0,0,General Petite,Tops,Knits
13020,692,39,,"Perfect. easy , effortlessly beautiful design and just my favorite pajama ever. i'm not my ideal weight right now and these make me feel attractive again.love!",5,1,1,Initmates,Intimate,Sleep
12051,1092,53,Sweet and pretty,"I found this to be a very feminine and flattering dress. it is prettier in person. i have the ivory and black print. i agree that it takes a bit of effort to get the slip positioned properly. i might wear a different slip, however i was able to get the slip to stay in place. the print and fabric are a nice quality. i typically wear an xxsp or a 0p. i bought this in the 0 regular because i like my dresses a little bit longer. i think it runs just a little bit small.",5,1,4,General,Dresses,Dresses
9735,1003,52,Cute skirt for next summer,Fits well. true to size. love the kelly green color and found a blouse to match. the see-through part gives it some oomph and a little extra sexiness without being inappropriate for work. only downside is the beige color--kind of a funky bandaid-colored beige. but the blue and the green balance it out.,5,1,0,General,Bottoms,Skirts
17115,828,25,Favorite top!,"This is my favorite top! it is gorgeous, soft, & oh so comfortable. it's not too tight & works with leggings, jeans, or as an over-shirt. love it!",5,1,3,General,Tops,Blouses
16366,872,46,,"I don't usually go for the ""tenty"" cut in a blouse, but this one has such pretty detail and with a little cardy, looks great! love the black and white detail and embroidery.",5,1,4,General,Tops,Knits
15989,1056,57,Only buy if you like baggy!,My husband never has anything negative to say about my clothes until i wore these pants! they are not flattering and kept stretching out until i could pull them off without unzipping them! baggy in the behind and sloppy looking. they are going back asap!,1,0,3,General,Bottoms,Pants
23448,1104,39,Soft and warm,"I like the contrast of the skirt with the bodice, the length of the sleeves, adn the subtle cut out at the neck. the cut is very flattering, adn i am glad the daker color is at the top, hte bottome color would wash me out. i tried on the regular size nad i would not get a peitte in this as the size was the perfect length for me. petite would be too short for my liking. (regular hit just above the knee)",5,1,7,General Petite,Dresses,Dresses
14685,1070,49,Structured leggings,"These are the best leggings i've ever worn. because they are structured and substantial, they are less casual than ordinary leggings. i bought them for a trip to paris, and i wore them many times. they're sleek, stylish, comfortable, and they go with everything!",5,1,0,General Petite,Bottoms,Pants
7584,639,47,,"Luv this top/dress/coverup..runs a lil big...i sized down for a more fitted look to pair it with cropped skinny jeans! fabric is nice, comfortable and light!",5,1,7,General Petite,Intimate,Lounge
13666,1022,55,Not loving the extra stretchy fabric,"Long-time ag jeans fan. lately though, i'm finding the material is much too stretchy. i wanted a good pair of jeans. if i wanted pajama jeans, i would've ordered them. i found the same thing with the steve capris i ordered (same review there).
so back both pairs went. 
it's a shame because the color was as pictured and just what i wanted. if only they had been made out of actual jeans material.",2,0,4,General,Bottoms,Jeans
5435,909,67,Simple yet stunning,This pullover is a great purchase. the color is simply stunning and is very comfortable.,5,1,0,General,Tops,Fine gauge
21667,1059,24,Wonderful pants,"I walked into a local retailer store and saw these pants. talk about love at first sight. they have an amazing look and fit! usually, i have to buy petite-sized pants, but the length fit at my ankle, and i like the look better than what is shown. since it is still summer, i paired the pants with a cute white tank and black flip flops, but can't wait to mix it up with a cute bootie and sweater.",5,1,1,General,Bottoms,Pants
14592,1081,35,Flattering,"I love this dress-i have it in the other color (black and white) but now i see this color scheme and i think i may actually like this one better. i love the wider stripes near the waistline which gives it a slimming appearance. the knotted look gives this dress a beachy feel which gets me in the mood for summertime. i love that the pattern is bold, but the color scheme allows this dress to still stay in the casual category and still be insanely flattering. i love that i could wear this dress eve",5,1,20,General,Dresses,Dresses
21731,1033,48,In love with these,"So many compliments and so comfortable--all i want from a pair of pants. i am 5'8+ and around 135 and a little bit of a pear, and these fit perfectly in size 28l. they felt a little tight at first and then stretched to be ideal. i bought black and really love the softness, the rise, and the way they go with everything. thinking of going back for one in the dark red. this will be a winter staple to dress up or down. 
i just hope they don't wear out too quickly!",5,1,2,General Petite,Bottoms,Jeans
10073,1110,36,Fun and flowy,"I am 5'0"", 109lbs, 32d, and the 0 petite fit tts. the fabric is comfortable and the dress well made. my only complaint would be that the picture of the model and the dress i have in my possession do not have the same coloured slip. my dress arrived with a nude slip. i was a little confused at first but when i tried on the dress i realized it was not a bad thing. the lace actually stands out. all in all, a greal buy. discounts make it worth it too.",5,1,8,General,Dresses,Dresses
14876,833,35,Beautiful top!,"For sizing, i normally wear either xs or s in tops (i'm 5'7"", 130lbs, 34a). i tried on both, and both fit, but the arm holes were a little too tight on the xs. i ended up picking the s because it felt most comfortable. when i tried on the ivory color, i could see my blue bra underneath, and it would require a cami. the black didn't. i love the embroidered design and ruffled neck. i agree the buttons on the back of the neck are a tad difficult to button, but it's not a deterrent.",5,1,0,General,Tops,Blouses
16899,834,28,Amazing!,"I love this tunic, super flattering + long enough (if your no super tall like me) to wear with leggings! it does run a little big, i like tops a little looser on me so i didn't mind that. i ordered a small- if your typically a small and prefer more fitted tops i would suggest sizing down. 

i bought the blue tunic first (the pictures don't do the textile design justice!) i loved it so much i went back online and purchased this tunic in black!!!

thanks retailer for being awesome!",5,1,0,General,Tops,Blouses
19041,326,47,Phenomenal find!,I happened upon a pair of these shorts that someone had returned. they are the perfect length. they are very well made. i have worn them to my son's baseball game and the sec tournament. they are tailored and have an interesting design. they make me look as though i have lost ten pounds. i am thrilled with them.,5,1,2,General,Bottoms,Shorts
15542,482,31,Simple but large,"I normally wear a medium with these types of fabrics but this one was oddly proportioned on me. the skirt was also not very flattering to my hourglass figure, but it at least fit well. the top was baggy and gaped at the armpits as stated by others. i really wanted to like this dress but it made me look 20 pounds heavier even in the places it looked too big on me. i could have tried going with a small but the skirt would have then been too short.",2,0,4,Initmates,Intimate,Lounge
1526,927,47,So versitle,I wear this vest two ways - over a long sleeve shirt when it's warmer and layered over a shirt and cardigan when it's cooler. it's the perfect amount of warmth when i'm running errands and don't want to wear a heavy coat. love it and plan to wear it a lot!,5,1,0,General,Tops,Sweaters
5802,1049,39,"Versatile, comfortable, good-looking pants","Great alternative to yoga pants, these pants are stylish and on-trend but also easy going. dress them up or throw on a hoodie and your look is instantly transformed with very little effort!",5,1,1,General,Bottoms,Pants
19296,862,49,,"I love this t-shirt. i fabric is soft yet has a nice weight to it. it is comfortable, yet sexy.",5,1,4,General Petite,Tops,Knits
6791,895,70,Comfortable style and fit,"This tunic is a lighter weight knit that isn't bulky to wear under coats, etc. it has grey shades running through the natural color which gives the knit more depth. it has a flattering fit. i bought it in the petite size and the length is perfect. i like the way the knit pattern runs two different directions in the front. it adds more interest to the look.",5,1,6,General,Tops,Fine gauge
14167,867,35,,I just bought this today so i can't say whether or not it will wear well but i think it will. i love it bc it's different and super comfy but also stylish. i know that when i wear this other people won't have it on. i think it looks better in person than on this model in picture.,5,1,3,General,Tops,Knits
19900,964,38,Awesome!,"Love marrakech for their jackets! this piece is wonderful! i usually wear an xs or s in this brand in jackets. i went with an xs as the sleeve are a little loose. the body still fits buttoned up- nice and tailored. the stretch keeps in comfy with the tailored fit in the trunk. looks great worn open too. i think the best part is the cut and material. i am 5 '4 and 125 lbs, curvy.",5,1,1,General Petite,Jackets,Jackets
3562,433,47,Beautiful print,"I bought these shorts in my usual size small (4-6) 38"" around hips/butt. they are a little loose in the butt and hips but i like them that way, especially given the drapey fabric they're made out of. the print is gorgeous, especially at the waistband. you need a cropped top or you need to tuck in your shirt to show it off. the red is a true bright red but beautiful. the waistband has a functional drawstring. i suspect they will need careful washing and line drying. i would not put these in a dry",5,1,3,General,Bottoms,Shorts
2690,282,47,Something about these shorts!,I really like the hyphen pilcro chino pants so i figured i would try the shorts and voila' - i love the shorts too! colors are great and you don't have to cuff them if they seem too short - they're versatile and who doesn't love options?????,5,1,0,General,Bottoms,Shorts
13415,927,32,Super frumpy,"This looks so gorgeous on the model on the site, so i ordered it online. it was incredibly frumpy when i tried it on. looks like i took a floor rug, cut a hole in the middle and slipped it over my head. the sweater itself is so pretty, its just too bad it falls so awkwardly on me. i normally wear a small so i ordered the xs/s and the sleeves still fall past my thumbs. its kind of itchy too. will be returning this asap.",2,0,34,General Petite,Tops,Sweaters
10002,1028,42,Perfect high rise,"Citizens of humanity jeans are excellent!!! i prefer high rise & this brand is my favorite. i like the clean lines & plain design. the material is comfortable- substantial with just enough stretch in the material which makes them super comfortable. i'm not constantly pulling these jeans up, they hold their shape really well & wash well too. they run tts.",5,1,4,General,Bottoms,Jeans
1664,1020,56,Fits like a glove,"This skirt is a rare find. slimming, flowing, and best of all, it finally sits on my waist and not on my hips, while hugging the hips in all the right places for the streamlined and sexy look. the fabric is substantial, yet soft, so no weird sticking out sides. the color is delicious very pale-tea-rose, better in person that the picture here, and is fresh for summer. nice length for office. easy to pair with either fitting or loose top/s and jackets. i also got a distressed denim pilcro west to",5,1,5,General,Bottoms,Skirts
16397,1086,48,More versatile than you may think,"I'm 5'10"", approximate size of model pictured, however this dress is at least 3 in shorter on me. the fabric is a bit thin and the v-neck is quite deep...
but i happily wore it on the beaches of puerto rico, added a jean jacket and epice scarf and wore it in paris. last week i wore it  belted ( as i saw a sales associate in antro do) with an open weave sweater and flip-flops on a warm boston day. don't count it out yet, it really is a chameleon piece that you can wear so many ways.",5,1,8,General,Dresses,Dresses
8160,820,32,,,5,1,0,General Petite,Tops,Blouses
12185,895,38,Love it!,This is the cutest cardigan. i purchased it in the red. i wish there were more colors,5,1,5,General,Tops,Fine gauge
1255,1094,35,Amazing retro style,"Perfect party dress - well constructed, bra hidden at arms and on top, what more can you ask for? i felt like betty draper the moment i put it on. i'm normally a 6, but the 4 (while fitted) looked amazing and didn't pull.",5,1,0,General,Dresses,Dresses
22837,1078,48,So ready for fall!,"I received this dress today and can not be happier. i'm 5'6"", 120 lbs, 34c, and the 2 fits perfectly, hitting about 1.5"" above my knees. the print is so pretty and elegant. the colors aren't too vibrant, aren't too muted. the collar and french cuffs give the dress an extra flair. it comes with a little slip because the dress is sheer. i just tried it on with suede booties and it looks adorable! i'm ready for cooler temps to arrive so i can wear it!",5,1,6,General Petite,Dresses,Dresses
17603,616,39,Love this airy top,"This top is light and airy, but substantial enough to wear with shorts away from the beach. its definitely not too sheer to wear without a bathing suit. i was actually pleasantly surprised at the flattering fit. it runs slightly big, but the top is fitted enough that its not shapeless. the colors are beautiful and the embroidery makes it special.",5,1,10,Initmates,Intimate,Lounge
21229,484,21,,These shorts were beautiful!! love the material and the way they fit. the drawstring makes them very adjustable.,5,1,0,Initmates,Intimate,Sleep
14207,865,57,Love love this top!,"This tank/blouse is flowy and i love the design. it was immediately comfortable and seemed true to size. i wore it to a family event with a sweater, black leggings and boots. i'm 5'5,"" 36d and usually wear medium in retailer tops and this fit beautifully from the get go, just love it!",5,1,0,General,Tops,Knits
11183,996,65,Awsome skirt,"This is a very sexy skirt. very slimming...a great basic long skirt to have in your wardrobe. dress it up or down.
the slits are high, so you are exposed like a short shirt.",5,1,4,General Petite,Bottoms,Skirts
22228,918,83,"Beautiful, retailer at it's best!","When i saw this sweater online i ordered literally immediately as i was afraid that is would sell withing an hour!
i am shocked that it is not sold out!
when i received it in the mail it is even prettier in person.
the ""pink"" tulle peplum is actually more of a taupe giving the sweater a more sophisticated look.
the sweater is soft and cozy and the peplum is such a beautiful and elegant touch.
i wore with silver flats and jeans and wow, got so many compliments!
runs spot on true to size and is a",5,1,2,General Petite,Tops,Fine gauge
13067,975,69,Wow! makes me smile!,"I love this jacket. let's be clear though...it's not for warmth just for style but it's perfect for fall in california. i love the detailed work and have already tried this with so many different layers, a light blue tank, off white shirt, tshirt and it looks great with lots of things and truly makes the outfit. love unique pieces like this and i will be wearing it often. i bought my usual size small. sleeves are a bit long for my 5'4 frame but they didn't have in petite and it looks great.",5,1,0,General Petite,Jackets,Jackets
20045,1081,31,Great peasant dress!,"Good dress to wear with heels, flats, tights. versatille!",5,1,0,General Petite,Dresses,Dresses
18057,1008,39,Classic with a twist,"I have been on the hunt for a black pencil skirt. so i decided to give this one a try based on the previous review. i love it! i didn't size up, went with 0p (26.5 in waist, 115lbs, 36 ish inches hips). the waist is fitted. the stylist said when she tried it on, it pooched, but i didn't feel that way on me. i had a simple t-shirt on and it looked so cute. the petite length was also perfectly on point. the lace part hit me above the knee, and the lining a little over that - perfect and flattering",5,1,0,General,Bottoms,Skirts
15376,249,25,Quality jacket,"Like the other reviewer said, there's a nice inner lining, and the material of the jacket is just so nice. looks a little like a blazer when worn, but the heather gray makes it a dress up or down sort of piece.",5,1,0,General Petite,Intimate,Lounge
19760,46,52,It's a no,"Got this in the sky color. returned it because the top is way too sheer for me, if you know what i mean. i wanted a pretty gown i can wear without a robe in front of my kids. no can do. also, for the price, material just felt flimsy & cheap. it does run small ~ the medium was good on me and i'm 5'2"", 114#, 34b",2,0,0,Initmates,Intimate,Intimates
8794,936,33,Cozy,I tried this one on in the store and my typical xs fit perfect. it's not too boxy in the waist like every other sweater this season. also the mock neck is not to wide and is flattering. it sheds which i do not like but not as bad as some. the material is thin but warm i would layer it.,5,1,0,General Petite,Tops,Sweaters
1160,720,40,,"I love this dress. it is so soft and comfortable, perfect for summer!! i wish it came in more colors because i would buy everyone!!",5,1,1,Initmates,Intimate,Lounge
3818,819,55,Great top,"Purchased this top at my local store and it is very flattering! not to boxy, hits at the hip and drapes nice. great for work or with jeans. i purchase the navy faux fur scarf to wear around the neck and wow!",5,1,0,General,Tops,Blouses
4798,940,33,More beautiful in person,"This is the second sweater i've purchased recently that i overlooked online, but fell in love with once i tried it on. it is extremely flattering and the length is perfect. i will be wearing this a lot! i am 5'-7"", 138 lbs. and the medium fit perfectly.",5,1,3,General,Tops,Sweaters
19839,875,34,Cute and comfy top,"I got this top in a petite xs and it fit just as expected (i'm 5'2"", 112lbs). the material wears like a tee, so it's comfortable, but the front details give it a special look. this is going to be on my go-to list all summer.",5,1,4,General,Tops,Knits
3050,907,64,,,5,1,0,General,Tops,Fine gauge
5583,1081,61,Let the sun shine,"Beautiful dress. the color in person in a rich golden sun, not too flashy. a very warm hue, it will compliment every skin tone. it is more fitted than most peasant dresses. not as much flowing material, very flattering. the slight beading on the yoke makes it a standout. very well made, with a nice cotton lining. i am usually a size six in a dress, and the small fit beautifully, even with my large top. it is a stunner, that can be worn with boots or sandals. you will receive a lot of compliments",5,1,0,General,Dresses,Dresses
7775,986,45,"Stunning, but fabric is too thin","The colors on this kimono are amazing and i really loved it, however, i too noticed the 'delicateness' of the material. it is so delicate that parts were starting to fray - including next to the kimono's label. so sad.",1,0,6,General,Jackets,Jackets
11136,862,40,So comfortable!,So easy to put on for a casual day!  washes great!,5,1,6,General,Tops,Knits
13620,868,66,Darling!,"This top is just darling!  the body of the top is lightweight ""sweatshirt"" type material that's dyed to appear well used.  the ruffling along the bottom is color coordinated and beautifully textured.  great to wear with leggings!  the back hangs lower than the front so your rear will be covered.  extremely comfortable, machine washable.  an unexpectedly ""nicer than it looks online"" garment.  i bought the blue version which looks more lavender irl.",5,1,0,General,Tops,Knits
16703,8,57,Retro style,I bought a size 8 a few years back not my regular size but when used it tend to sag. so this time i bought a size 6 my regular size.,5,1,0,Initmates,Intimate,Swim
11054,866,45,Gorgeous and elegant!,"I originally ordered this top in the black and it's been on back order for a month. i decided to go ahead and try the wine and i am so glad that i did!  the fit is flattering with a longer peplum to accommodate my long torso, the fabric is a nice mid weight with a very subtle brocade  pattern. the back of the neck has a classic zipper detail. the bell sleeves are not too long and the color is gorgeous for fall/winter. i highly recommend this top for all body types.",5,1,0,General,Tops,Knits
22518,895,60,,Love this sweater so much i purchased the grey and the pink. so far no issues with the stitching.,5,1,4,General,Tops,Fine gauge
11145,1028,66,Perfect jeans!,"I've been shopping with retailer over 10 years and this is my first review. i almost didn't order after reading negative reviews from petite ladies. i'm 5' 2"" and these jeans are perfection! they look amazing with a 2-3 inch heel. i don't think they are meant to wear with flats since petite people look ridiculous in flats with boot cut or wide leg anyway. love these!",5,1,1,General Petite,Bottoms,Jeans
10809,1110,42,Love at first sight,"Not only was it love at first sight when i saw it online, but i fell even more in love at first touch! everything about this dress is perfection. i got the black motif & the colors are just lovely. the weight & feel of the dress are nice, & the length is great. i added a skinny black belt for more waist definition, but it's cute with or without it. i am more than pleased with this purchase.",5,1,1,General,Dresses,Dresses
16196,1016,34,So long!,I'm so sad this doesn't come in a petite length because the dress is extremely long! the fabric and design is beautiful although i do wish the fabric was a bit more flowly.,5,1,0,General Petite,Bottoms,Skirts
13013,1192,57,"Great fit, beautiful color",Love this chinos.  they fit tts and the blue is vibrant.  bought them in pink too.  for reference i am 5&amp;amp;amp;#39;5&amp;amp;amp;quot; and weigh 122 lbs and bought size 27.  the fit is a bit slouchy much like in the photos.,5,1,0,General,Bottoms,Pants
5652,35,29,So comfortable!,Bought this for a vacation to mexico with my boyfriend. super flattering and soft. big thumbs up!,5,1,1,Initmates,Intimate,Intimates
14010,1110,47,Zipper is weird,"I ordered the dress on-line. this dress looked pretty, the material was soft and comfortable, the length was perfect, but the zipper was totally out of place. it bulged out in a weird way which made it look like the dress was torn. i had to return the dress. i normally don't see a problem at this level in retailer clothes.",2,0,2,General Petite,Dresses,Dresses
21577,864,59,Love love love,"I tried this top on in the store and didn't buy it because i was in a hurry. obsessed about it and it was sold out when i went back. so happy i was able to get it online, it's beautiful. i got a medium and it fits perfectly, enough room that it hangs nicely but not baggy, i'm typically a medium in shirts at retailer. it looks beautiful with high waisted black pants. i wear a cami underneath. i own it in white and tried it on with a black bra only and it looked great, i just didn't feel comfortable",5,1,0,General,Tops,Knits
17815,862,49,Grabbed it in the store!,"I didn't pay much attention to this shirt on the website...when i was in the store yesterday though, i grabbed the green color because it's so pretty! i went back home to see which shirt this was on the website and was surprised. the picture here really doesn't do it justice. it's very soft, has a beautiful and flattering necklace and the flutter sleeves hang nicely rather than puffing out (like snow white...which isn't my goal!). also, because the sleeves drape nicely, you could wear it under s",5,1,12,General Petite,Tops,Knits
14233,867,34,Great top!,"I was looking for a comfortable top that looks put-together and cute for work, and this one fits the bill. i couldn't decide between black or white ? so i got both! if i had to choose, i would stick with the black, because it's more slimming, particularly for those of us with a large bust. it's not as heavy or stiff of a material as it appears in the pic, which i like, but it still has structure. great basic with some flair. i got the small (my normal retailer size), and it fit perfectly.",5,1,1,General,Tops,Knits
15339,895,60,Sporty but delicate,"Great design & execution - this is essentially a striped jersey sleeveless turtleneck, made of a nice, high-quality jersey. with a delicate lightweight soft sweater attached over it. so you get this really pretty look where the jersey underlay means the sweater hangs beautifully, no clinging at all. and the sleeves are just the sheer sweater - so pretty.

i got the lavender - looks exactly like the pic. and it is true to size.",5,1,5,General,Tops,Fine gauge
6333,1024,54,,"Love these pants! the print is very different, a little quirky, but black and light golden brown mixed together so very versatile. i have very thin legs and these are actually tight on me so maybe too slim for some.good length. they actually hit right at the ankle.",5,1,1,General,Bottoms,Jeans
4459,107,54,Great dress!!,"It is hard to believe that this is called a chemise! it is a fabulous dress! this dress caught my eye in the store and i had to try it on. i went with the navy, which is beautiful and has a great pattern. i had to order a petite xs because the regular xs was loose in my shoulder area. i am petite and narrow and 5'1"". the petite xs was perfect for me. it is quite form fitting and does show curves, lumps and bumps so i wore my dress with spanx tights. it was such an easy dress to wear, looked styl",5,1,2,Initmates,Intimate,Sleep
12772,834,41,Versitile classic,"I usually do not like three quarter sleeve shirts and i do not like tie necks of any sorts. this blouse has both and i love it! i loved it in pictures and, against my two dislikes listed above, i gave it a chance. i am glad i did. the shirt is lined in the body which means the white one is not see through...yey, no need for cami underneath! the lining also adds extra warmth as this is a very thin fabric shirt. the sleeves are loose enough so that the 3/4 length does not restrict me. the tie some",5,1,0,General,Tops,Blouses
12188,186,39,"""perfect with jeans""",Great with leggings.perfect with cold weather. hard to find if you have large calves .retailer is only place i could find leg warmers to fit. they are nice and thick and warm. and true to color.,5,1,0,Initmates,Intimate,Legwear
15388,876,36,Cute but...,"This shirt is adorable but it's really just a cotton t-shirt. based on the picture online, i thought it would have more weight, be a more substantial fabric. again, it's adorable but not sure how long it will last.",5,1,1,General,Tops,Knits
2840,1020,39,Love love this skirt!!,This skirt is gorgeous!! drapes beautifully & the color is vibrant! get it!! you'll be so pleased! i sure am!!!,5,1,1,General Petite,Bottoms,Skirts
13538,1094,35,"Simple, cute dress",I really like this dress. it has a very flattering cut and a stretchy forgiving fit so you could go your normal size or up a size and both would fit great. i got the red (orange) and i have worn it once and got 3 compliments in the few hours i was out.  great buy! especially on sale ;),5,1,0,General Petite,Dresses,Dresses
22168,169,38,Comfy and warm,These are fabulous leggings for cold days. i am a teacher who has to do crossing guard duty in the mornings and finally i have something stylish that also keeps me warm! love them and i highly recommend. only con is that they are about 1/2 of an inch shorter than i would like.,5,1,0,Initmates,Intimate,Legwear
13676,873,74,"Gorgeous top, classic retailer","I have purchased many of retailer's henley tees throughout the years. this one is a bit special and just so feminine i had to get it black in my local store. i love the look of the crisp, white, but it was too sheer to wear to work without a cami, and i cannot layer camis in once it gets hot.

anyhow, this shirt is made in my favorite spring/summer tee shirt fabric: 100%s linen. linen gets so soft and drapey over time. the yoke is lace. the arms have a small ruching that is sewn, not buttoned up l",5,1,3,General,Tops,Knits
13080,1094,45,"Beautiful, but runs small","This dress is very well-made, fully-lined, and overall quite beautiful. however, i will have to agree with the other reviewers who say that it runs small. i am typically a solid medium in retailer clothes (5'9"", 36b, 155 lbs., apple shaped, long torso), but the medium in this is skin. tight. not a good look. the large fit much better and i did not find the skirt to be like a pencil (the fit is like the picture) and the length is at the knee. anyway, interesting that there is a such a huge differen",5,1,0,General,Dresses,Dresses
2296,1094,32,Lovely dress,"I am 5'3"" 130lb and i bought this dress in a petite small which fit perfectly. the dress hugs my figure nicely. 
unfortunately, i found that the neckline is cut a bit too low to wear to work, at least for my own comfort level, but i just wear a camisole underneath it for work and without for a date. i was really pleased with the purchase of the dress.",5,1,0,General Petite,Dresses,Dresses
9728,1084,62,Really great!,This is a beautiful dress! not too interested in yellow but needed it for a wedding this summer. i usually wear a large but returned it for a medium - the large armhole was a little too big. super comfortable and easy.,5,1,5,General Petite,Dresses,Dresses
14289,1073,32,,"I tried this dress on in the store and loved it. it's unfortunately out my price range but if i could have afforded it, i would have bought it. i'm about 5'10"" and the length of the size 2 was perfect. sexy back and great color.",5,1,3,General Petite,Dresses,Dresses
19234,865,50,High hopes are dashed!,I wanted to love this top -- looks so comfy and cute. but hangs like a bag. going back!,1,0,3,General Petite,Tops,Knits
12717,1082,60,Bohemian tartan palid,"When i saw this dress the model was standing in an outdoor setting and i fell in love with it but then i noticed the model in an indoors photo the dress looked different. as i studied the difference, it was the way the plaid fell on each dress. the one i liked fell more vertically giving it a slimming effect and the others were horizontal giving it a widening effect so, i went to my local retailer to see. they had the one i liked on a dummy. it is tts and the plaid matched perfectly. the front flo",5,1,6,General Petite,Dresses,Dresses
23271,1094,25,Beautiful!,"What a perfect dress! it was perfect for a black tie optional wedding. i didn't want another ""black dress"" but when i saw this i knew it was something special! i am 5'5 130lbs and 34dd- the size 8 fit my top better but the size 6 length was better but i decided to stay with the size 8",5,1,0,General,Dresses,Dresses
10420,1020,31,Awkward ruching at waist,"This skirt looked absolutely beautiful in store and took my breath away. i immediately headed to the fitting room to try it on, but was disappointed by the awkward ruching. if this skirt has removed that upper portion and kept a normal waistband (thereby also shortening it to knee length), it would have been lovely. it should be noted that this is midi-length, which is awkward on me. i was unable to find a cute way to wear this which is disappointing since it could have been lovely.",2,0,10,General Petite,Bottoms,Skirts
3291,872,80,Huesca,"Love the contrast of fabrics, thick and thin. comfy like a favorite sweatshirt but with style. can be worn both, on a night out or curled up on the sofa watching a movie at home.",5,1,1,General,Tops,Knits
8252,867,39,Fun and unique!,Fun blouse for spring with enough details to make it unique and dressy. very comfortable fit. banded bottom which is loose enough to still be comfortable. dresses up a pair of jeans quite nicely!,5,1,0,General Petite,Tops,Knits
21256,835,53,So cute!,"I bought this in store yesterday in a 2 petite - it definitely looks best if you can get it in your usual size (4 petite just looked too big and changes the look). love the embroidery detail. it was on display with the sleeves rolled up to elbows, and it's really cute that way too.",5,1,6,General,Tops,Blouses
1482,1022,36,,"I ordered these because i loved the wide cut and overall look. but returned them because they fit weird. too tight around the too high waistline (and normally, i like a high waistline). fit ran small. and the overall quality of the fabric wasn't as nice as i was hoping for. pretty disappointed.",1,0,0,General,Bottoms,Jeans
5081,1095,44,Not so vanilla!,"This is a true retailer dress, cute and quirky. kudos for the built-in liner (with scalloped hem, very pretty) and pockets. i like the colorful yet subtle embroidered ice cream sticks on the dress, and the white background makes the colors and details really pop (pun intended!). i echo the previous reviewers that the bust is very small. i usually wear size 4 regular in this brand (i?m 34b, 26 waist, 36 hips. i?m 5?2?, and the bottom hem falls right at the upper knees). but when i tried on size 6,",5,1,3,General Petite,Dresses,Dresses
593,820,52,Pretty tank,Love tanks and this one is sweet and flowy. great with jeans/shorts or slacks with a jacket for the office. beautiful yellow floral with fun straps in the back that you can wear with a bra. front neckline is cut narrow so bra straps show but with nude or plastic straps it's not that big a deal.,5,1,0,General,Tops,Blouses
17918,936,75,Much better in person.,"This is a beautiful sweater. the photo doesn't do it justice. the model is wearing too large a size. i wear a l in moth and definitely looked better in the medium. the price is too high but the 25% savings thanksgiving weekend helps to blunt the pain. the lining is soft but was wrinkled on all the sweaters. the coloring is very flattering and, with care, this should be able to be worn for years. it can be used as a dressy coat sweater or fabulous over casual clothes. i wasn' particularly impress",5,1,20,General Petite,Tops,Sweaters
8442,1046,35,Reminds me of my mamaw,"I got these in the mail today and to me, they look exactly like the pants my mamaw used to wear in the 80s. they were super comfy but not cute at all on me. they do run large like other reviews say. i am usually an 8/10 or med and these in the small were the right choice. going back because they just look horrible on me though",2,0,0,General,Bottoms,Pants
9467,854,59,Adorable,"Very flattering and looks much better on than on the mannequin in store. i an in between small/medium and went with medium which was looser in back and did not show any lumps or bumps. great with jeans, pencil skirts and capris .",5,1,2,General Petite,Tops,Knits
10560,1110,24,,So much prettier in person! beautiful colors matched together! so light and relaxing! love at first sight!,5,1,5,General,Dresses,Dresses
2451,861,49,Comfort and style,"I love this tee, it is comfortable and soft with the nice detail of buttons at the shoulders, a good v-neck, and subtle stripes. however it runs quite long! i thought i ordered the petite but i received a regular length tee and it was down to my thighs. so order a petite unless you are quite tall or like a tee to fall that low over your hip area.",5,1,0,General,Tops,Knits
14001,828,34,Beautiful but extremely see thru,"The design is gorgeous, the fit is great and the fabric drapes beautifully and is very comfortable. however, it's extremely see thru.",2,0,20,General,Tops,Blouses
6201,1081,69,Beautiful & sooo comfortable,"The fabric is so soft and completely lined; the straps are adjustable.
this is the best summer dress ever!!! so comfortable and easy to just throw on. goes with a multitude of colors for your sandals and bags. i love this dress!
i'm 5' 7"", 137 lbs., and ordered a size medium, with plenty of room around the bust; no worry about arm holes being too big because you adjust the straps to suit your body. i love the below the knee length. i like comfy but you could easily size down.
nice embroidery",5,1,0,General Petite,Dresses,Dresses
17948,936,37,"Vibrant colors, beautiful","This coat is really beautiful, and pictures don't do it justice. it runs very large. i'm normally an xl or l in sweaters, but because of the balloony shape, i actually took a medium - even then it looks like i'm being enveloped, so i prefer to wear it unsnapped.",5,1,2,General Petite,Tops,Sweaters
2689,881,34,Very soft and pretty,"I am 5'1'' and most normal size retailer tops are too big on the armpits and neckline for me.
i don't usually go for peplum, but i was drawn to this top bc it was very soft. when i tried it on, everything fit just perfect and length was also right for me. i like slight stretch of this fabric which hugs body nicely. i would say you should get a size that fits nicely on chest area.",5,1,1,General,Tops,Knits
4715,836,38,Triangles aren't my shape,"So, i want to start off by saying, the quality of this shirt really was great. as was the pattern, unfortunately if you're going off the picture know that they definitely pinned in the sides on the model. this shirt has a full on triangle shape and flares significantly towards the bottom, it's not a straight fit as the picture would suggest. i'm sure this works for some women but if you're muscular with an already v-shape to your body (meaning your shoulders are significantly sized and you have",2,0,0,General Petite,Tops,Blouses
13843,857,46,Cute and versatile!,"I tried the red version at store, it fit really good and i loved it. then i found the blue version online and liked even more. it can be worn for business and casual.",5,1,0,General Petite,Tops,Knits
19857,1080,48,"Very special, but zipper could be better","I picked this dress up in a size 8 - fits tts. i have a 34dd chest; 145 lbs. and 5 ft. 4 inches in height. i have an hourglass figure and the size 10 was too big and the 8 fit just right. the skirt is lined and the upper bodice part is not, it says on the tag hand wash which is a plus because dry cleaning is not a plus. hits me just about 2 inches above the knee. the thick lace detailing is very special and price point with the dress promo made me feel this would be a great dress for the holiday",5,1,6,General Petite,Dresses,Dresses
15044,1086,41,Surprisingly very flattering!,"I have been looking for a summer dress with a bit of a chic flair to it- i was thinking black, tank top dress. after weeks of hunting for the idea in my head, i started to branch out. i reluctantly tried this on thinking it would be 'baggish', plain, and possibly too short. wow was i wrong!! this dress is everything + more. wear with some wedges, belt it (although it doesn't need it at all!), layer a high neckline lace top over it, the possibilities are endless. although i loved the green, the b",5,1,2,General Petite,Dresses,Dresses
5604,861,54,"Cute tee, very soft","I have bought several tees by t.la and this one is really cute. i bought it in the blue stripe size xs. it runs slightly larger than most in that size, but it will probably shrink a little. it's not overly baggy, just comfy fit. i like the colors in this top and will wear it often with shorts or jeans. the fabric is thin so i'm not sure how long it will last, but until then it will be a keeper in my closet!",5,1,0,General,Tops,Knits
3691,1049,58,The jumpsuit to end all jumpsuits,"This. jumpsuit. is. amazing.

i ordered the small, and it fits perfectly - loose and flowy, with room for boobs (i'm a 32d) and hips. perfect for humid summers when you'd rather your clothing hang a bit away from your body. the fabric is deceptively light for how it hangs (in a very flattering way) when i have it on. 

i would say that if you're shorter than 5'4"", the petite is the way to go. however, i am 5'4"" and the length hit me almost exactly where it is on the model. i lifted the leg a",5,1,10,General,Bottoms,Pants
10997,172,46,Cozy wrap sweatshirt,"First of all it arrived rolled in a tight ball the size of a large starbucks coffee. i don't know why they do that.... you're not going to be immediately impressed by something that is packaged like it's cheap! second, i'm usually a 0-4 in retailer and mine is no where near as loose-fitting as the photo. also, he sleeves and back are a very thin waffle knit... like a flimsy t-shirt. and see-thru. the sleeves form-fit to my arms so i couldn't layer under it, but i couldn't wear it alone with the fa",2,0,4,Initmates,Intimate,Sleep
12834,1009,38,Versatile and flattering,"Perfect for lunch with the girls, pta, or saturdays with the family. this skirt is a perfect addition to your fall wardrobe.",5,1,1,General,Bottoms,Skirts
10887,1081,23,Love it,"I bought this dress in blue. it's a light jersey material, but it is lined. i find it very flattering. i have found more occasions to wear it than i expected.",5,1,0,General Petite,Dresses,Dresses
6961,1022,35,,"I thought these pants had a great fit and the color is fabulous, i would have preferred a 30 inch inseam, but 31 is by far better than 34, that many designer jeans at department stores run.",5,1,1,General Petite,Bottoms,Jeans
11539,863,52,,This top is just lovely. the bow on the back is so unusual. i am so glad i bought it!!! i washed it on gentle and it turned out great!!!,5,1,6,General Petite,Tops,Knits
8872,867,34,Incredibly unflattering,I ordered this in blue and the color is absolutely gorgeous! i really loved it until i put it on. wow it was bad. i ordered a small--normally a sm/med due to bust but this was so wide and had so much material. it wasn't long but rather incredibly boxy. one of the most unflattering things i've ever tried at retailer.,1,0,1,General,Tops,Knits
12210,927,60,Lovely sweater,"This is a lovely sweater - the ""moss"" color however is really camel, which is what the photo indicates. it fits tts, is all cashmere, and is knit in a brioche stitch that gives it loft and texture that can be seen well in the detail photo. i am generally not a fan of raglan sleeves but in this case it works with the overall construction of the sweater - one that features interesting decreases, lines, and angles. it is very soft, warm, and lightweight, and can be worn as a casual piece or dressed",5,1,3,General,Tops,Sweaters
3505,818,60,Gaping,This shirt is not near as nice as it may look the fabric is just ok it runs large i ordered a xs and the neck line was huge and gaping not worth the money even on sale,2,0,0,General Petite,Tops,Blouses
5,1080,49,Not for the very petite,"I love tracy reese dresses, but this one is not for the very petite. i am just under 5 feet tall and usually wear a 0p in this brand. this dress was very pretty out of the package but its a lot of dress. the skirt is long and very full so it overwhelmed my small frame. not a stranger to alterations, shortening and narrowing the skirt would take away from the embellishment of the garment. i love the color and the idea of the style but it just did not work on me. i returned this dress.",2,0,4,General,Dresses,Dresses
22188,920,53,,Loved the look of the sweater and the the fit was as shown.  however this is a thin cashmere for the price.  returned.,1,0,0,General,Tops,Fine gauge
13458,867,35,Soft & cute,"The fun coloring of this tee gives what would otherwise be a basic tee it's flare. it is a very soft shirt and will be cute with anything. the length is good too - you can tuck in or leave out. i believe it is tts. it might be a little sheer in some lights, but i think you could pull it off with a nude-colored bra. it's not sheer enough to me to warrant an undershirt.",5,1,1,General,Tops,Knits
18028,873,48,"Beautiful color, frumpy fit","Great color but frumpy fit. if you have any bust, it looks a bit like maternity",2,0,1,General Petite,Tops,Knits
15671,862,30,<3,I ordered this top in rose. (the color is actually more of a cream with navy and yellow stripes but i could tell that from the photo when i was ordering). the fit is true to size and the cut is very flattering. excited to add this gem to my summer wardrobe!,5,1,0,General,Tops,Knits
3946,1081,41,Pretty and flattering,This dress is flattering and seems to be made well. the polka dots add interest. i am usually a 2 and did go up to a 4 in this. .,5,1,0,General Petite,Dresses,Dresses
6269,1081,48,Lovely for summer,"This dress pops! gorgeous colors and simple, classic flowy design. i thought it ran a little big, i ended up with xs for best overall fit in chest and a more streamline flow. 34b for reference.",5,1,6,General,Dresses,Dresses
13333,980,45,"Beautiful, substantial jacket",I pair this jacket with a black pencil skirt and it looks very put together. the embroidery is lovely and well done but the jacket would have been nicer with a polyester lining because it clings a little when you put it on. and it's an awfully heavy jacket for the summer. but overall i love it and how i look in it.  i think it runs true to size.,5,1,1,General Petite,Jackets,Jackets
7662,824,70,Beautiful colors/quality material,Really pretty top. very different colors and style = nothing like anything i have. delivered in timely manner. highly recommend.,5,1,0,General Petite,Tops,Blouses
1479,936,21,,Love this design it puts a twist on a turtle neck sweater. the only problem i had is that the tie kept coming undone but if you do a double knot the problem is solved! wish i would have bought all the other colors.,5,1,0,General,Tops,Sweaters
